{"type":"FeatureCollection","features":[{"type":"Feature","id":0,"geometry":{"type":"Polygon","coordinates":[[[31.906397987176412,30.126582977652266],[31.906393824950072,30.126584102320319],[31.906382039319691,30.126551157600037],[31.906348549013902,30.126560210385716],[31.906349781043886,30.126563655759721],[31.906345619863625,30.126564781321047],[31.906344664707152,30.126562111586946],[31.906308496543272,30.126571889116693],[31.906304521517423,30.12656077826972],[31.906271331391469,30.126569750489448],[31.906260546751312,30.126539604166457],[31.906256583276935,30.126540676044115],[31.906255289488968,30.126537057905391],[31.90627827642129,30.126530844088922],[31.906267491783595,30.126500697766275],[31.906324068359712,30.126485403431172],[31.906312621382828,30.126453405303238],[31.906250199505983,30.126470280601701],[31.906240339163769,30.126442718531287],[31.906238490603972,30.126437550021066],[31.906224916044568,30.126441220159428],[31.906223621229763,30.126437602929446],[31.906227188251265,30.126436638421623],[31.906226772951339,30.126435475863257],[31.9062271683629,30.126435368501642],[31.90621860284493,30.126411423659242],[31.906218206395838,30.126411531027983],[31.906216280133798,30.126406148370187],[31.90622599059115,30.126403523265456],[31.906217547553197,30.126379923055531],[31.906217152141828,30.126380030417121],[31.906215118317029,30.126374345419073],[31.906250788531864,30.126364703045159],[31.90624980249931,30.126361946928299],[31.906256341344239,30.126360178968106],[31.906256464858757,30.126360523593668],[31.906278263433393,30.126354630975289],[31.906278139918811,30.126354286349752],[31.906283886894514,30.126352732216922],[31.906282777346597,30.126349631474781],[31.906286938526907,30.126348506817536],[31.906310419130698,30.126414138922115],[31.906331027320896,30.126408567507095],[31.906323939782773,30.126388755500404],[31.906342270712525,30.126383800537745],[31.906331486089194,30.126353656023699],[31.906339016580823,30.126351620535125],[31.906334426062507,30.126338786546828],[31.906376535721094,30.126327403018951],[31.906381128311235,30.126340236089394],[31.906386080320196,30.12633889760686],[31.906380745965635,30.126323809166561],[31.906427978585953,30.126310946146436],[31.906440122574335,30.12634506914878],[31.906446265995321,30.126343407639492],[31.906445033973178,30.126339963168263],[31.906449195151115,30.126338838505934],[31.906449842561891,30.126340647119793],[31.906486899790945,30.126330628892948],[31.906491490328449,30.1263434628755],[31.90652379223166,30.126334731254701],[31.906534884665994,30.126365737773199],[31.906553313905871,30.126360755042313],[31.906553190390341,30.12636041041705],[31.9065580461391,30.126359098750843],[31.906570062883166,30.126392690420648],[31.906565158488895,30.126394015953291],[31.906565034973262,30.126393671328064],[31.906482450092547,30.126415996951359],[31.906493173023339,30.126445970491933],[31.906544001517734,30.126432230212419],[31.906555711548481,30.126464959854644],[31.906569582129361,30.126461208261897],[31.906570876973468,30.126464827292153],[31.906567211620548,30.126465818646352],[31.906567796234761,30.126467454503079],[31.906567399785857,30.126467561872861],[31.906576104867714,30.126491894503054],[31.90657650131671,30.126491787133201],[31.906578118814522,30.126496308673133],[31.906567417746182,30.126499201322826],[31.90657616862552,30.12652366262715],[31.906576565082876,30.126523556159285],[31.906578291175396,30.126528379129923],[31.906543611548873,30.126537754074374],[31.906544597591395,30.126540510188747],[31.906512370859677,30.126548844404034],[31.906512494375324,30.126549189029323],[31.906510513149982,30.12654972406639],[31.906511622707367,30.126552824806325],[31.906507460491905,30.126553950379908],[31.906483980760758,30.126488318308152],[31.906463272154056,30.126493916598573],[31.906463288129764,30.126493961589865],[31.906463387501457,30.126493934745699],[31.906470459099573,30.126513701752547],[31.906452129190502,30.126518656726223],[31.906462912831913,30.126548801235632],[31.906428047899038,30.126558226137309],[31.906428466742732,30.126559435576031],[31.906432626013693,30.126571062913207],[31.906397154487806,30.126580651649157],[31.906397987176412,30.126582977652266]]]},"properties":{"FID":0,"Join_Count":1,"NUMBER":1,"Text":"E","RefName_12":"F.F.L:195.50","NO_BUILDIN":1,"exc_Buildi":1,"exc_Elevat":1,"Pit_Layer":1,"Pit_Laye_1":1,"Layer_1":1,"Layer_2":1,"Layer_3":1,"Layer_4":1,"Layer_5":1,"Layer_6":1,"Layer_7":1,"Layer_8":1,"Layer_9":1,"Layer_10":1,"Layer_11":" ","Layer_12":" ","Layer_13":" ","Layer_14":" ","Layer_15":" ","Layer_16":" ","Curb":"1","PC":"1","RC":"\u2717","col_rc":" ","GB":" ","col_GB":" ","Block_SOG":" ","SOG":" ","Col_SOG":" ","Col_to_1st":" ","AX__1M":" ","Slab_1":" ","Col_to_2nd":" ","Slab_2":" ","Col_to_3rd":" ","Slab_3":" ","Col_to_4th":" ","Slab_4":" ","Col_to_5th":" ","Slab_5":" ","Col_to_6th":" ","Slab_6":" ","Col_to_Roo":" ","Slab_Roof":" ","Axis_COL":" ","Light_Weig":" ","Sleeves":" ","status":"PC","F50":" ","F51":" ","F52":" ","F53":" ","F54":" ","F55":" ","F56":" ","F57":" ","F58":" ","F59":" ","F60":" ","F61":" ","F62":" ","F63":" ","F64":" ","F65":" ","F66":" ","F67":" ","F68":" ","F69":" ","F70":" ","F71":" ","F72":" ","F73":" ","F74":" ","F75":" ","F76":" ","F77":" ","F78":" ","F79":" ","F80":" ","F81":" ","F82":" ","F83":" ","F84":" ","F85":" ","F86":" ","F87":" ","F88":" ","F89":" ","F90":" ","F91":" ","F92":" ","F93":" ","F94":" ","F95":" ","F96":" ","F97":" ","F98":" ","F99":" ","F100":" ","F101":" ","F102":" ","F103":" ","F104":" ","F105":" ","F106":" ","F107":" ","F108":" ","F109":" ","F110":" ","F111":" ","F112":" ","F113":" ","F114":" ","F115":" ","F116":" ","F117":" ","F118":" ","F119":" ","F120":" ","F122":" ","F123":" ","F124":" ","F125":" ","F126":" ","F127":" ","Field":0}},{"type":"Feature","id":1,"geometry":{"type":"Polygon","coordinates":[[[31.906882284823016,30.126587334959719],[31.906841391425974,30.126598167237145],[31.906840755395304,30.126596355840835],[31.906843733580995,30.126595566764411],[31.906836504671698,30.126574944838758],[31.906801764330428,30.126584147080532],[31.906790568767242,30.126553449792503],[31.906770717296702,30.126558708467194],[31.906760463671954,30.1265294578469],[31.906761436734932,30.126529200369887],[31.90675141916417,30.126499322112007],[31.906751021661272,30.12649942768557],[31.906750144809312,30.126496925191748],[31.906746571400785,30.126497871717195],[31.906745301411267,30.126494248007191],[31.906809322545453,30.126477289278494],[31.906799825367536,30.12645019650795],[31.906734811521343,30.126467418256404],[31.906733540495068,30.126463794553384],[31.906738106630051,30.126462585003623],[31.906726795046765,30.12643031446872],[31.906725802319507,30.126430577493277],[31.9067155487304,30.126401327770335],[31.906735400172838,30.126396069104452],[31.906733706166928,30.126391237796245],[31.906724998628277,30.126365161571197],[31.906759738892873,30.126355958448904],[31.906752510027953,30.126335337419164],[31.90674953287861,30.126336125584263],[31.906748897889017,30.12633431418018],[31.906789791188995,30.126323481933134],[31.906819130738345,30.126407176344028],[31.906843944771595,30.126400602542539],[31.906826281133256,30.126350213484958],[31.906830449759614,30.126349109505913],[31.906831357493381,30.126351698380976],[31.906868479667384,30.126341864514806],[31.906868177089155,30.126341001556533],[31.906901428761191,30.126332192932011],[31.906908384929874,30.126352038285621],[31.90694413997582,30.126342944474718],[31.90695472604807,30.12637314352569],[31.906978449003486,30.126366859562779],[31.906977541265764,30.126364270688793],[31.906980022569876,30.126363614028207],[31.90699260525319,30.12639950733849],[31.906921614075877,30.126417934944723],[31.906925727685572,30.126429669922349],[31.906991288043287,30.126412303592289],[31.907009787755825,30.126464922986518],[31.906970282586435,30.126475387618239],[31.90698159528327,30.126507657221087],[31.906982588010553,30.126507394194565],[31.906993325407409,30.126538025171083],[31.906938336123801,30.126552590825867],[31.906944083035565,30.126568984337119],[31.906947359359119,30.126568117430722],[31.906947994353924,30.126569928833678],[31.906907099942341,30.126580762040465],[31.906877760255757,30.126497066752037],[31.906852946200974,30.126503640560237],[31.906882284823016,30.126587334959719]]]},"properties":{"FID":1,"Join_Count":1,"NUMBER":2,"Text":"D","RefName_12":"F.F.L:196.30","NO_BUILDIN":2,"exc_Buildi":1,"exc_Elevat":1,"Pit_Layer":1,"Pit_Laye_1":1,"Layer_1":1,"Layer_2":1,"Layer_3":1,"Layer_4":1,"Layer_5":1,"Layer_6":1,"Layer_7":1,"Layer_8":1,"Layer_9":1,"Layer_10":1,"Layer_11":" ","Layer_12":" ","Layer_13":" ","Layer_14":" ","Layer_15":" ","Layer_16":" ","Curb":"1","PC":"1","RC":"\u2717","col_rc":" ","GB":" ","col_GB":" ","Block_SOG":" ","SOG":" ","Col_SOG":" ","Col_to_1st":" ","AX__1M":" ","Slab_1":" ","Col_to_2nd":" ","Slab_2":" ","Col_to_3rd":" ","Slab_3":" ","Col_to_4th":" ","Slab_4":" ","Col_to_5th":" ","Slab_5":" ","Col_to_6th":" ","Slab_6":" ","Col_to_Roo":" ","Slab_Roof":" ","Axis_COL":" ","Light_Weig":" ","Sleeves":" ","status":"PC","F50":" ","F51":" ","F52":" ","F53":" ","F54":" ","F55":" ","F56":" ","F57":" ","F58":" ","F59":" ","F60":" ","F61":" ","F62":" ","F63":" ","F64":" ","F65":" ","F66":" ","F67":" ","F68":" ","F69":" ","F70":" ","F71":" ","F72":" ","F73":" ","F74":" ","F75":" ","F76":" ","F77":" ","F78":" ","F79":" ","F80":" ","F81":" ","F82":" ","F83":" ","F84":" ","F85":" ","F86":" ","F87":" ","F88":" ","F89":" ","F90":" ","F91":" ","F92":" ","F93":" ","F94":" ","F95":" ","F96":" ","F97":" ","F98":" ","F99":" ","F100":" ","F101":" ","F102":" ","F103":" ","F104":" ","F105":" ","F106":" ","F107":" ","F108":" ","F109":" ","F110":" ","F111":" ","F112":" ","F113":" ","F114":" ","F115":" ","F116":" ","F117":" ","F118":" ","F119":" ","F120":" ","F122":" ","F123":" ","F124":" ","F125":" ","F126":" ","F127":" ","Field":0}},{"type":"Feature","id":2,"geometry":{"type":"Polygon","coordinates":[[[31.905436331160111,30.126596949128974],[31.905436584400004,30.126656030300609],[31.905432226288148,30.126656044085653],[31.905432208178752,30.126651894875849],[31.905393400258813,30.126652020585759],[31.905393404330631,30.12665292258696],[31.905358228169753,30.126653036800022],[31.905358150898628,30.126634997649052],[31.905352340083958,30.126635016025631],[31.905321105766181,30.126634756697776],[31.905320970539396,30.126603186604758],[31.905296170840117,30.12660326721479],[31.905296183052855,30.126605973218524],[31.905294003997962,30.126605980108714],[31.905293844785742,30.126568817599093],[31.905394495220765,30.126568491447905],[31.905394398622185,30.126545942283609],[31.905333801253612,30.12654613778626],[31.905333784361932,30.126542349379637],[31.905336897296642,30.126542339664429],[31.90533675270979,30.126508604765288],[31.905335715067977,30.126508608304324],[31.905335585944666,30.126478391212704],[31.90535945070248,30.126478314329525],[31.905359727275556,30.126445931377173],[31.905396044773177,30.126445813812932],[31.905395952023291,30.12642425595196],[31.905392839100543,30.126424266570464],[31.905392829958789,30.126422011560212],[31.90543599484451,30.126421871172639],[31.905435856631684,30.126486275211057],[31.90544996754053,30.126486229420763],[31.905449712886206,30.126426652141419],[31.905513007632031,30.126426401922259],[31.905513161645946,30.12646230252814],[31.90555196949056,30.126462176784358],[31.905551965417366,30.126461274783168],[31.905588801739558,30.12646115539513],[31.90558901557678,30.126511125440452],[31.905608730795105,30.126511060864853],[31.905608718190116,30.126508085157205],[31.905610897234475,30.12650807735988],[31.905611056564734,30.126545239866999],[31.905510406158513,30.126545566183719],[31.905510502791689,30.126568116249331],[31.905611153220764,30.126567789932079],[31.905611312543591,30.126604951536898],[31.905609133497105,30.12660495933428],[31.905609122313436,30.126602253323643],[31.905584322607886,30.126602333086108],[31.905584457918444,30.126633903177122],[31.905547416253661,30.126634383889179],[31.905547493567425,30.12665242394128],[31.905512317408036,30.126652538195604],[31.905512313499599,30.126651654233886],[31.90547651337085,30.126651391218921],[31.905476515622439,30.126651752015118],[31.905473506445421,30.126651761018884],[31.905473520484016,30.126655008227452],[31.905469162380466,30.12665502291572],[31.905468912156078,30.126596843752896],[31.905436331160111,30.126596949128974]]]},"properties":{"FID":2,"Join_Count":1,"NUMBER":82,"Text":"D","RefName_12":"F.F.L:195.05","NO_BUILDIN":82,"exc_Buildi":0,"exc_Elevat":0,"Pit_Layer":0,"Pit_Laye_1":0,"Layer_1":0,"Layer_2":0,"Layer_3":0,"Layer_4":0,"Layer_5":0,"Layer_6":0,"Layer_7":0,"Layer_8":0,"Layer_9":0,"Layer_10":0,"Layer_11":" ","Layer_12":" ","Layer_13":" ","Layer_14":" ","Layer_15":" ","Layer_16":" ","Curb":" ","PC":" ","RC":" ","col_rc":" ","GB":" ","col_GB":" ","Block_SOG":" ","SOG":" ","Col_SOG":" ","Col_to_1st":" ","AX__1M":" ","Slab_1":" ","Col_to_2nd":" ","Slab_2":" ","Col_to_3rd":" ","Slab_3":" ","Col_to_4th":" ","Slab_4":" ","Col_to_5th":" ","Slab_5":" ","Col_to_6th":" ","Slab_6":" ","Col_to_Roo":" ","Slab_Roof":" ","Axis_COL":" ","Light_Weig":" ","Sleeves":" ","status":" ","F50":" ","F51":" ","F52":" ","F53":" ","F54":" ","F55":" ","F56":" ","F57":" ","F58":" ","F59":" ","F60":" ","F61":" ","F62":" ","F63":" ","F64":" ","F65":" ","F66":" ","F67":" ","F68":" ","F69":" ","F70":" ","F71":" ","F72":" ","F73":" ","F74":" ","F75":" ","F76":" ","F77":" ","F78":" ","F79":" ","F80":" ","F81":" ","F82":" ","F83":" ","F84":" ","F85":" ","F86":" ","F87":" ","F88":" ","F89":" ","F90":" ","F91":" ","F92":" ","F93":" ","F94":" ","F95":" ","F96":" ","F97":" ","F98":" ","F99":" ","F100":" ","F101":" ","F102":" ","F103":" ","F104":" ","F105":" ","F106":" ","F107":" ","F108":" ","F109":" ","F110":" ","F111":" ","F112":" ","F113":" ","F114":" ","F115":" ","F116":" ","F117":" ","F118":" ","F119":" ","F120":" ","F122":" ","F123":" ","F124":" ","F125":" ","F126":" ","F127":" ","Field":0}},{"type":"Feature","id":3,"geometry":{"type":"Polygon","coordinates":[[[31.905869521462055,30.12665979981028],[31.905865165416436,30.126659926349124],[31.905863838142757,30.126625443704128],[31.905828785437631,30.12662646373164],[31.905828924170457,30.12663006999033],[31.905824568126032,30.126630196527795],[31.905824460670175,30.12662740278186],[31.905786604908915,30.126628504355736],[31.905786157455104,30.126616874870589],[31.905751418044051,30.126617885502156],[31.905750203657,30.126586332770273],[31.905746055095129,30.12658645336521],[31.905745909540517,30.126582667649558],[31.905769969949855,30.126581967845031],[31.905768754520057,30.126550415120398],[31.905827971336201,30.126548691873491],[31.90582668114218,30.126515201203958],[31.905761346800183,30.126517101911272],[31.905760235946932,30.126488254553266],[31.90576002785609,30.126482845615914],[31.905745819648459,30.126483259235926],[31.905745674085907,30.126479472618243],[31.905749407682158,30.126479363903233],[31.905749361299144,30.126478146483372],[31.905749775222681,30.126478134610732],[31.905748810965516,30.126453072960949],[31.905748396012694,30.126453085742732],[31.905748178603016,30.126447451362207],[31.905758341993824,30.12644715581828],[31.905757391393077,30.126422453984045],[31.905756976440401,30.126422466765842],[31.90575674785055,30.126416516752119],[31.905794081721766,30.12641543051086],[31.90579397032354,30.126412545687003],[31.905800815077786,30.126412346976149],[31.905800828735984,30.126412706791704],[31.905823644229152,30.126412043520027],[31.905823630562633,30.126411682802505],[31.90582964539502,30.126411507850225],[31.905829520329231,30.126408262308928],[31.905833876363904,30.126408135771495],[31.905836521142426,30.126476829620998],[31.905858091766586,30.126476201983294],[31.905857293532378,30.126455466224673],[31.905876479167567,30.126454907338687],[31.90587526373125,30.126423357321038],[31.905883145879919,30.126423128003395],[31.905882629045163,30.126409694938069],[31.905926702891296,30.126408413371905],[31.905927221798997,30.126421845520646],[31.905932405672342,30.12642169433153],[31.905931858110311,30.126405917104339],[31.905981322475419,30.126404387291164],[31.905982637027041,30.126440087762713],[31.905989067850975,30.126439900013427],[31.905988928091652,30.126436295566027],[31.905993284118964,30.126436168121309],[31.905993357419604,30.126438060975371],[31.906032142620095,30.126436933091412],[31.906032660504692,30.126450365246519],[31.906066468269429,30.12644938171028],[31.906067717943817,30.126481834420421],[31.90608700733468,30.126481273886355],[31.906086993667202,30.126480913168891],[31.906092074844665,30.126480765387459],[31.906093429117895,30.126515924365613],[31.906088295028812,30.126516073413878],[31.90608828136131,30.126515712696435],[31.906001843229618,30.1265182280586],[31.906003051890995,30.126549599518992],[31.906056251792787,30.126548052045855],[31.906057570848784,30.126582309237772],[31.906072089231323,30.126581884425377],[31.906072234823046,30.126585672846321],[31.90606839851651,30.126585784082629],[31.906068463955666,30.126587497486987],[31.906068048994136,30.126587509367809],[31.906069029488172,30.126612976814812],[31.906069444449816,30.12661296493399],[31.90606962667211,30.12661769752696],[31.90605842689887,30.126618022790165],[31.906059412775658,30.126643625504432],[31.90605982773743,30.126643613623624],[31.906060021140135,30.126648661849732],[31.906023724582489,30.126649717564639],[31.906023835987838,30.126652602388063],[31.905990220929308,30.12665321926411],[31.90599023459648,30.1266535799816],[31.905988160833203,30.126653640279287],[31.905988285904691,30.126656885820207],[31.905983929859449,30.126657012362998],[31.905981284970757,30.126588318520518],[31.905959609549686,30.126588949607211],[31.905959611015113,30.126588996502594],[31.905959714751404,30.126588993081505],[31.905960511551609,30.126609682845189],[31.905941326916722,30.126610240834914],[31.905942541348551,30.12664179175971],[31.905906049761686,30.12664285329646],[31.905906085144398,30.126644115893473],[31.905906554142138,30.126656285544968],[31.905869427663401,30.126657365879939],[31.905869521462055,30.12665979981028]]]},"properties":{"FID":3,"Join_Count":1,"NUMBER":81,"Text":"E","RefName_12":"F.F.L:195.15","NO_BUILDIN":81,"exc_Buildi":0,"exc_Elevat":0,"Pit_Layer":0,"Pit_Laye_1":0,"Layer_1":0,"Layer_2":0,"Layer_3":0,"Layer_4":0,"Layer_5":0,"Layer_6":0,"Layer_7":0,"Layer_8":0,"Layer_9":0,"Layer_10":0,"Layer_11":" ","Layer_12":" ","Layer_13":" ","Layer_14":" ","Layer_15":" ","Layer_16":" ","Curb":" ","PC":" ","RC":" ","col_rc":" ","GB":" ","col_GB":" ","Block_SOG":" ","SOG":" ","Col_SOG":" ","Col_to_1st":" ","AX__1M":" ","Slab_1":" ","Col_to_2nd":" ","Slab_2":" ","Col_to_3rd":" ","Slab_3":" ","Col_to_4th":" ","Slab_4":" ","Col_to_5th":" ","Slab_5":" ","Col_to_6th":" ","Slab_6":" ","Col_to_Roo":" ","Slab_Roof":" ","Axis_COL":" ","Light_Weig":" ","Sleeves":" ","status":" ","F50":" ","F51":" ","F52":" ","F53":" ","F54":" ","F55":" ","F56":" ","F57":" ","F58":" ","F59":" ","F60":" ","F61":" ","F62":" ","F63":" ","F64":" ","F65":" ","F66":" ","F67":" ","F68":" ","F69":" ","F70":" ","F71":" ","F72":" ","F73":" ","F74":" ","F75":" ","F76":" ","F77":" ","F78":" ","F79":" ","F80":" ","F81":" ","F82":" ","F83":" ","F84":" ","F85":" ","F86":" ","F87":" ","F88":" ","F89":" ","F90":" ","F91":" ","F92":" ","F93":" ","F94":" ","F95":" ","F96":" ","F97":" ","F98":" ","F99":" ","F100":" ","F101":" ","F102":" ","F103":" ","F104":" ","F105":" ","F106":" ","F107":" ","F108":" ","F109":" ","F110":" ","F111":" ","F112":" ","F113":" ","F114":" ","F115":" ","F116":" ","F117":" ","F118":" ","F119":" ","F120":" ","F122":" ","F123":" ","F124":" ","F125":" ","F126":" ","F127":" ","Field":0}},{"type":"Feature","id":4,"geometry":{"type":"Polygon","coordinates":[[[31.907104214662429,30.126950143874264],[31.90709912951791,30.126952586484325],[31.907081562465443,30.126924955895749],[31.90707865623137,30.126926352448653],[31.907062756242603,30.126900599201296],[31.90706239361397,30.126900773991373],[31.907061389250099,30.126899195155577],[31.907058120379595,30.12690076559613],[31.907056011629034,30.126897449857605],[31.907125214745179,30.126864202453106],[31.907114724629963,30.126847702773947],[31.907114677105767,30.126847725652674],[31.907114726598468,30.126847804689657],[31.907093884981816,30.126857817625762],[31.907084599290229,30.126843213815231],[31.907052814600316,30.126858483520138],[31.90703515283375,30.126830704743401],[31.907033875749189,30.126831305287453],[31.907021615423854,30.126837195352699],[31.907003647293397,30.126808933394006],[31.907001194604412,30.126810111230476],[31.906999086895357,30.126806795483766],[31.907033824294992,30.126790106368606],[31.907016859494096,30.126763423254662],[31.907013226961439,30.126765168491133],[31.907011119252964,30.126761852744558],[31.907013933531271,30.126760500125165],[31.906995611689879,30.126731683151718],[31.907007327538867,30.126726054826531],[31.90699051435509,30.126699609700129],[31.907022300034118,30.126684339101651],[31.907020292349848,30.126681181422047],[31.907024106716236,30.12667934923785],[31.90703575170398,30.126697663956186],[31.907067537375148,30.126682393346893],[31.907096197715891,30.126727471099031],[31.907129936026699,30.1267112624191],[31.90709831518695,30.12666152628119],[31.907127376439817,30.126647564361267],[31.907132826270992,30.126644946945738],[31.907125949393343,30.126634131271295],[31.90712976375589,30.126632299084093],[31.907131570359326,30.126635140635546],[31.907132796696768,30.126634551265155],[31.907132997780028,30.126634867391573],[31.907158244666842,30.12662273855431],[31.907158043583532,30.126622422427925],[31.907163719660389,30.126619695206141],[31.90716863834589,30.126627432238259],[31.907193522590688,30.126615477282694],[31.907193321507286,30.126615161156348],[31.907199315798824,30.126612281999908],[31.907217385007709,30.126640701991818],[31.907220291231479,30.126639305435994],[31.907223603353771,30.126644516147227],[31.907223240726349,30.126644690937759],[31.907234282511716,30.126662059062998],[31.907234646176793,30.126661884265303],[31.907237557170902,30.12666646271644],[31.907240826030822,30.126664892271592],[31.907242934782328,30.126668208007246],[31.907173731834021,30.126701454569186],[31.907184171412482,30.126717875214304],[31.907205061552343,30.12670783937854],[31.907214347256467,30.126722444082727],[31.907246131877411,30.126707174339792],[31.907249946185818,30.126713174467419],[31.907263478276526,30.12670667304727],[31.907284809111641,30.126740223806987],[31.907271279109573,30.126746727018972],[31.907273786894226,30.126750672321965],[31.907289709201876,30.126743083691728],[31.907313741915999,30.126780696574915],[31.907277749786246,30.12679792842572],[31.90728086290817,30.126802822994698],[31.907284494407918,30.126801078660019],[31.90728660212627,30.126804394401965],[31.907284695980849,30.126805310490717],[31.90730346748062,30.126834836019068],[31.907289935375392,30.126841337443505],[31.907306298055641,30.126867073036514],[31.90727360527103,30.126882780232869],[31.907282940495033,30.12689746396817],[31.907283304160867,30.12689728917033],[31.907285763511187,30.126901157232787],[31.907250344242662,30.126918174047297],[31.907247859628033,30.126914266469289],[31.907248222256381,30.126914091678707],[31.907206388048252,30.12684829147474],[31.907174783146377,30.12686347517727],[31.907200531543946,30.126903973556281],[31.907166020382785,30.12692055291048],[31.907173049906042,30.12693160476212],[31.907169233465964,30.126933437867013],[31.907167376325404,30.126930517286539],[31.907165650976051,30.126931346432986],[31.90716544989208,30.126931030306658],[31.907139793805239,30.126943355906231],[31.907139994889182,30.126943672032631],[31.90713522692554,30.126945962718175],[31.907129806043471,30.126937436267841],[31.90710401461622,30.126949827740646],[31.907104214662429,30.126950143874264]]]},"properties":{"FID":4,"Join_Count":1,"NUMBER":3,"Text":"E","RefName_12":"F.F.L:196.80","NO_BUILDIN":3,"exc_Buildi":1,"exc_Elevat":1,"Pit_Layer":1,"Pit_Laye_1":1,"Layer_1":1,"Layer_2":1,"Layer_3":1,"Layer_4":1,"Layer_5":1,"Layer_6":1,"Layer_7":1,"Layer_8":1,"Layer_9":1,"Layer_10":1,"Layer_11":"1","Layer_12":"1","Layer_13":" ","Layer_14":" ","Layer_15":" ","Layer_16":" ","Curb":"1","PC":"1","RC":"1","col_rc":"1","GB":" ","col_GB":"\u2717","Block_SOG":" ","SOG":" ","Col_SOG":" ","Col_to_1st":" ","AX__1M":" ","Slab_1":" ","Col_to_2nd":" ","Slab_2":" ","Col_to_3rd":" ","Slab_3":" ","Col_to_4th":" ","Slab_4":" ","Col_to_5th":" ","Slab_5":" ","Col_to_6th":" ","Slab_6":" ","Col_to_Roo":" ","Slab_Roof":" ","Axis_COL":" ","Light_Weig":" ","Sleeves":" ","status":"col-rc","F50":" ","F51":" ","F52":" ","F53":" ","F54":" ","F55":" ","F56":" ","F57":" ","F58":" ","F59":" ","F60":" ","F61":" ","F62":" ","F63":" ","F64":" ","F65":" ","F66":" ","F67":" ","F68":" ","F69":" ","F70":" ","F71":" ","F72":" ","F73":" ","F74":" ","F75":" ","F76":" ","F77":" ","F78":" ","F79":" ","F80":" ","F81":" ","F82":" ","F83":" ","F84":" ","F85":" ","F86":" ","F87":" ","F88":" ","F89":" ","F90":" ","F91":" ","F92":" ","F93":" ","F94":" ","F95":" ","F96":" ","F97":" ","F98":" ","F99":" ","F100":" ","F101":" ","F102":" ","F103":" ","F104":" ","F105":" ","F106":" ","F107":" ","F108":" ","F109":" ","F110":" ","F111":" ","F112":" ","F113":" ","F114":" ","F115":" ","F116":" ","F117":" ","F118":" ","F119":" ","F120":" ","F122":" ","F123":" ","F124":" ","F125":" ","F126":" ","F127":" ","Field":0}},{"type":"Feature","id":5,"geometry":{"type":"Polygon","coordinates":[[[31.906402311366154,30.126997566415902],[31.906395775677492,30.126999343382263],[31.90638462109321,30.126968352618363],[31.906381452630114,30.126969215159011],[31.906379407393896,30.12696353294907],[31.906379803844995,30.126963425579795],[31.906372987792615,30.126944486674169],[31.906372591341587,30.126944594043387],[31.906370794175412,30.126939601076941],[31.906367229262077,30.126940570986452],[31.906365928225892,30.126936955605235],[31.906441389753979,30.126916432720744],[31.906434945278562,30.126898527687189],[31.906412166667756,30.126904722054601],[31.906406434470593,30.126888796571567],[31.906371774877112,30.126898221847526],[31.906369420866344,30.126891679426794],[31.906354665388143,30.126895692375324],[31.906341497532416,30.126859107574916],[31.906356252989347,30.126855092823995],[31.906354703902593,30.126850790002859],[31.906337356010312,30.126855452246261],[31.906322477931614,30.126814416898451],[31.906361712138541,30.126803801885014],[31.906359790422588,30.126798464299949],[31.906355830101312,30.126799541571135],[31.906354529059303,30.126795925287698],[31.906356607554294,30.126795359815222],[31.90634502071541,30.12676316421026],[31.906359776174465,30.126759151263126],[31.906349675640577,30.126731087526938],[31.906385325768394,30.126721392034202],[31.906379563743585,30.12670538016026],[31.906379167293526,30.126705487529513],[31.906377649072745,30.1267012692864],[31.906416272018276,30.126690765813823],[31.906417805162182,30.126695027250946],[31.906417409749796,30.126695134613161],[31.906443233415629,30.126766886132106],[31.906477696279353,30.126757513610261],[31.90646180176369,30.126713352541099],[31.906499434106532,30.126703118366262],[31.906495094542439,30.12669106651731],[31.906499255668525,30.126689934637369],[31.906500402317448,30.126693119912254],[31.906502283103286,30.126692608118734],[31.90650240765671,30.12669295273686],[31.906530383475822,30.126685344208724],[31.906530259959926,30.12668499958346],[31.90653545930585,30.126683586324901],[31.906538804537757,30.126692883017366],[31.906566929415725,30.126685234666137],[31.906566805899704,30.126684890040913],[31.906572350958932,30.126683381487425],[31.906583195751402,30.126713512033263],[31.906586364204522,30.126712649487928],[31.906596006607156,30.126740649614916],[31.906596403048876,30.126740541343047],[31.906597022696854,30.126742263552689],[31.906600587600693,30.126741293637089],[31.906601888642609,30.126744909015972],[31.90652642727974,30.12676543198986],[31.906532902651527,30.126783424302918],[31.906532954408625,30.126783410415499],[31.906532923527557,30.126783324033688],[31.906555651383115,30.126777143526205],[31.906561382551274,30.126793068107819],[31.906596042088896,30.126783642782772],[31.906606944405098,30.126813934392377],[31.906608334657275,30.12681356759941],[31.906621703071909,30.126809932218109],[31.906632794910571,30.126840750205027],[31.906635468590817,30.126840022767595],[31.90663676963538,30.126843638146003],[31.906598889866569,30.126853939915261],[31.90660936207081,30.126883037498409],[31.906613323430044,30.126881960212426],[31.906614625512006,30.126885575583895],[31.906611556417484,30.126886410383737],[31.906622865476397,30.126917833938325],[31.90661009016695,30.126921308275801],[31.906620468676188,30.126950144013421],[31.906585808062161,30.126959571156931],[31.906587047344264,30.126963013772201],[31.906582888283125,30.126964145640773],[31.906575699575999,30.126944173787184],[31.906541038951246,30.126953600016954],[31.906523348230095,30.126904445084595],[31.906486557359962,30.126914450662394],[31.906506077148748,30.126968684037134],[31.906474387272443,30.126977302289166],[31.906468444714871,30.126978919117473],[31.906472689579061,30.126990712737435],[31.906468530507123,30.126991843700434],[31.906467414736568,30.126988744807317],[31.906466078412603,30.12698910852081],[31.906465953858913,30.126988763902659],[31.906438424082705,30.126996251176099],[31.906438547598693,30.126996595801412],[31.906432358671726,30.126998278371243],[31.90642932221618,30.126989841886882],[31.906402187850286,30.126997221790521],[31.906402311366154,30.126997566415902]]]},"properties":{"FID":5,"Join_Count":1,"NUMBER":80,"Text":"E","RefName_12":"F.F.L:196.05","NO_BUILDIN":80,"exc_Buildi":1,"exc_Elevat":1,"Pit_Layer":1,"Pit_Laye_1":1,"Layer_1":1,"Layer_2":1,"Layer_3":1,"Layer_4":1,"Layer_5":1,"Layer_6":1,"Layer_7":0,"Layer_8":0,"Layer_9":0,"Layer_10":0,"Layer_11":" ","Layer_12":" ","Layer_13":" ","Layer_14":" ","Layer_15":" ","Layer_16":" ","Curb":"1","PC":"1","RC":"\u2717","col_rc":" ","GB":" ","col_GB":" ","Block_SOG":" ","SOG":" ","Col_SOG":" ","Col_to_1st":" ","AX__1M":" ","Slab_1":" ","Col_to_2nd":" ","Slab_2":" ","Col_to_3rd":" ","Slab_3":" ","Col_to_4th":" ","Slab_4":" ","Col_to_5th":" ","Slab_5":" ","Col_to_6th":" ","Slab_6":" ","Col_to_Roo":" ","Slab_Roof":" ","Axis_COL":" ","Light_Weig":" ","Sleeves":" ","status":"PC","F50":" ","F51":" ","F52":" ","F53":" ","F54":" ","F55":" ","F56":" ","F57":" ","F58":" ","F59":" ","F60":" ","F61":" ","F62":" ","F63":" ","F64":" ","F65":" ","F66":" ","F67":" ","F68":" ","F69":" ","F70":" ","F71":" ","F72":" ","F73":" ","F74":" ","F75":" ","F76":" ","F77":" ","F78":" ","F79":" ","F80":" ","F81":" ","F82":" ","F83":" ","F84":" ","F85":" ","F86":" ","F87":" ","F88":" ","F89":" ","F90":" ","F91":" ","F92":" ","F93":" ","F94":" ","F95":" ","F96":" ","F97":" ","F98":" ","F99":" ","F100":" ","F101":" ","F102":" ","F103":" ","F104":" ","F105":" ","F106":" ","F107":" ","F108":" ","F109":" ","F110":" ","F111":" ","F112":" ","F113":" ","F114":" ","F115":" ","F116":" ","F117":" ","F118":" ","F119":" ","F120":" ","F122":" ","F123":" ","F124":" ","F125":" ","F126":" ","F127":" ","Field":0}},{"type":"Feature","id":6,"geometry":{"type":"Polygon","coordinates":[[[31.905476332130572,30.127037168715987],[31.9054763503201,30.127040415895788],[31.905471992240741,30.127040435094361],[31.905471588737093,30.126971704151192],[31.905450005886319,30.126971799613841],[31.905450128621649,30.126992547244104],[31.905430932335907,30.12699263257721],[31.905431117390609,30.127024200520484],[31.905423231341093,30.127024235000185],[31.905423310278781,30.127037674691501],[31.905379211724266,30.127037871121527],[31.905379130717328,30.127024431444358],[31.905373944605909,30.127024454539299],[31.905373976423885,30.127040238929229],[31.905324481925344,30.127040548279901],[31.905324332746758,30.127004829852567],[31.905317898370061,30.127004859739134],[31.905317919834822,30.127008466806135],[31.905313561756707,30.127008485999394],[31.905313550716926,30.127006591814087],[31.905274743084671,30.127006764394338],[31.905274664159027,30.12699332380048],[31.905240837193983,30.126993474694626],[31.905240647083794,30.126961003853676],[31.905221347033521,30.126961088968653],[31.905221349284229,30.12696144976486],[31.905216264862041,30.126961472153212],[31.90521605839071,30.126926294434892],[31.905221194691766,30.126926271689264],[31.905221195904861,30.126926632492626],[31.905307681860734,30.126926247903135],[31.905307497444788,30.126894859458115],[31.905254268782041,30.126895095277977],[31.905254067406233,30.12686081955372],[31.905239539487571,30.126860886236287],[31.905239517394612,30.126857096061567],[31.905243356643428,30.126857078640082],[31.905243347249275,30.126855364849209],[31.905243762302536,30.126855362892673],[31.905243612040156,30.126829882503319],[31.90524319697878,30.126829883557875],[31.905243169382995,30.126825148094365],[31.905254375850248,30.126825098875226],[31.905254225381629,30.126799482280799],[31.905253810328613,30.126799484237392],[31.905253780892629,30.126794433076306],[31.905290098124102,30.126794272244091],[31.905290080116654,30.126791385874508],[31.905323702778663,30.126791597187523],[31.90532370052761,30.12679123639132],[31.905325775800708,30.126791227509344],[31.905325755541153,30.126787980343586],[31.905330114647189,30.126787961142945],[31.90533051804864,30.126856692090492],[31.905352205673886,30.12685659592611],[31.905352205246352,30.126856549023532],[31.905352101485093,30.12685654973826],[31.905351979198738,30.126835849009627],[31.905371175454544,30.126835763688689],[31.905370989383268,30.126804195751191],[31.905407501688309,30.126804033542726],[31.905407507816303,30.126802770659591],[31.905407436242776,30.126790593757956],[31.90544458253974,30.126790428976086],[31.905444568639183,30.126787993592906],[31.905448926707475,30.126787974395466],[31.905449129167849,30.126822475618759],[31.905484201248534,30.126822320604198],[31.905484179769733,30.126818712635302],[31.905488537831097,30.126818692534552],[31.905488553984437,30.126821488713844],[31.905526430779389,30.126821319778191],[31.905526498471154,30.126832955488716],[31.905561257187752,30.126832801710389],[31.905561442298684,30.126864371457337],[31.905565592839459,30.126864352783773],[31.905565614928438,30.12686814115424],[31.905541541781062,30.126868248376827],[31.905541727915505,30.126899817214632],[31.90548247889938,30.126900081073824],[31.905482675440076,30.126933590104969],[31.905548046534495,30.126933299401539],[31.905548215271892,30.126962163173314],[31.905548248012668,30.126967575122897],[31.905562463632325,30.126967511459622],[31.905562485721322,30.126971299830061],[31.905558750229758,30.126971316546069],[31.905558757181524,30.126972534237574],[31.905558342127811,30.12697253619514],[31.905558489817334,30.126997611589093],[31.905558904871139,30.126997609631538],[31.905558937593309,30.127003247088517],[31.90554876874549,30.127003291891274],[31.90554891418094,30.127028006489017],[31.90554932924309,30.127028005433473],[31.905549363797267,30.127033957685999],[31.905512008849616,30.12703412393622],[31.905512025826148,30.127037010312666],[31.905505178452479,30.127037040347634],[31.90550517620073,30.127036679551466],[31.905482348174065,30.127036780891871],[31.905482350425714,30.127037141688053],[31.905476332130572,30.127037168715987]]]},"properties":{"FID":6,"Join_Count":1,"NUMBER":83,"Text":"E","RefName_12":"F.F.L:195.85","NO_BUILDIN":83,"exc_Buildi":0,"exc_Elevat":0,"Pit_Layer":0,"Pit_Laye_1":0,"Layer_1":0,"Layer_2":0,"Layer_3":0,"Layer_4":0,"Layer_5":0,"Layer_6":0,"Layer_7":0,"Layer_8":0,"Layer_9":0,"Layer_10":0,"Layer_11":" ","Layer_12":" ","Layer_13":" ","Layer_14":" ","Layer_15":" ","Layer_16":" ","Curb":" ","PC":" ","RC":" ","col_rc":" ","GB":" ","col_GB":" ","Block_SOG":" ","SOG":" ","Col_SOG":" ","Col_to_1st":" ","AX__1M":" ","Slab_1":" ","Col_to_2nd":" ","Slab_2":" ","Col_to_3rd":" ","Slab_3":" ","Col_to_4th":" ","Slab_4":" ","Col_to_5th":" ","Slab_5":" ","Col_to_6th":" ","Slab_6":" ","Col_to_Roo":" ","Slab_Roof":" ","Axis_COL":" ","Light_Weig":" ","Sleeves":" ","status":" ","F50":" ","F51":" ","F52":" ","F53":" ","F54":" ","F55":" ","F56":" ","F57":" ","F58":" ","F59":" ","F60":" ","F61":" ","F62":" ","F63":" ","F64":" ","F65":" ","F66":" ","F67":" ","F68":" ","F69":" ","F70":" ","F71":" ","F72":" ","F73":" ","F74":" ","F75":" ","F76":" ","F77":" ","F78":" ","F79":" ","F80":" ","F81":" ","F82":" ","F83":" ","F84":" ","F85":" ","F86":" ","F87":" ","F88":" ","F89":" ","F90":" ","F91":" ","F92":" ","F93":" ","F94":" ","F95":" ","F96":" ","F97":" ","F98":" ","F99":" ","F100":" ","F101":" ","F102":" ","F103":" ","F104":" ","F105":" ","F106":" ","F107":" ","F108":" ","F109":" ","F110":" ","F111":" ","F112":" ","F113":" ","F114":" ","F115":" ","F116":" ","F117":" ","F118":" ","F119":" ","F120":" ","F122":" ","F123":" ","F124":" ","F125":" ","F126":" ","F127":" ","Field":0}},{"type":"Feature","id":7,"geometry":{"type":"Polygon","coordinates":[[[31.906934730817518,30.12737141360552],[31.906932505990685,30.127375387060361],[31.906896118100047,30.127359990641633],[31.906898366422588,30.127355976433986],[31.90689873935564,30.127356134421927],[31.906936592079671,30.127288535870836],[31.906904123127244,30.127274798304377],[31.906880827271689,30.127316402764187],[31.906845372780072,30.127301401293522],[31.906839016890132,30.127312756589372],[31.906835096945436,30.127311097742624],[31.906836776532472,30.127308096830351],[31.906835004587141,30.127307346841278],[31.906835185296988,30.127307022668095],[31.906808829076148,30.127295870513979],[31.906808647328624,30.127296194694281],[31.906803749225325,30.127294122249602],[31.90680865323808,30.127285363089346],[31.906782156395945,30.127274151463972],[31.906781975694212,30.127274476539032],[31.906776750496284,30.127272265633412],[31.90679264595364,30.12724387916494],[31.90678965938941,30.12724261618224],[31.906804747466857,30.12721649666917],[31.906804374534481,30.127216338680913],[31.90680528222564,30.127214716884662],[31.906801923767411,30.12721329590681],[31.906803831052812,30.127209889315012],[31.906874925397148,30.127239971272161],[31.906884416898802,30.127223019800365],[31.906884367941419,30.127222999391492],[31.906884321989949,30.12722308089117],[31.906862910760577,30.127214020710401],[31.906871311803751,30.12719901702761],[31.906838658506871,30.127185201337621],[31.906854638671508,30.127156662736411],[31.906853338506224,30.127156099820553],[31.906840743253721,30.127150770939298],[31.906857001130554,30.127121736109768],[31.906854482286661,30.127120670151843],[31.906856389576784,30.127117264461273],[31.906892077343407,30.127132364445931],[31.906907426476071,30.127104951414463],[31.906903695088118,30.127103372451195],[31.906905602367974,30.127099965857973],[31.906908494143945,30.127101189802872],[31.906925070548045,30.127071585391018],[31.906937106404879,30.127076678184533],[31.906952318708573,30.127049510541866],[31.906984974058815,30.127063327092142],[31.906986790470089,30.127060083490022],[31.906990708323701,30.127061741444802],[31.90698017233516,30.127080557409435],[31.907012827699425,30.127094373952382],[31.906986896644874,30.12714068355843],[31.907021557322306,30.127155349502758],[31.90705016753839,30.127104255079995],[31.907080022822093,30.127116887622723],[31.907085620950593,30.127119256503807],[31.90709184308864,30.127108144765106],[31.90709576094584,30.127109802716667],[31.90709412629181,30.127112723041495],[31.907095385710733,30.127113255567185],[31.907095205010336,30.127113580642654],[31.907121141406396,30.127124555231465],[31.907121323144363,30.127124230148784],[31.907127154614383,30.127126697542842],[31.90712270395721,30.127134645367864],[31.907148267437353,30.127145462865737],[31.907148449175267,30.127145137783021],[31.907154606705895,30.127147743641945],[31.907138258039971,30.127176940596865],[31.907141243568816,30.127178203578776],[31.907138246864115,30.127183556154463],[31.907137872893749,30.127183398174342],[31.907127882151848,30.127201240705997],[31.907128255084658,30.127201398693316],[31.907125621871231,30.127206102907259],[31.907128980333628,30.127207523876734],[31.907127073059556,30.127210930473026],[31.907055978663536,30.127180848653438],[31.907046533138473,30.127197717735349],[31.907067993337623,30.127206798294711],[31.907059592332171,30.127221802891462],[31.907092244632892,30.127235618532715],[31.907088793565826,30.127241782460938],[31.90710269515386,30.127247665168472],[31.907083394651767,30.127282132297054],[31.907069492047039,30.127276252300682],[31.907067222297503,30.127280305446323],[31.907083522434359,30.127287261253898],[31.907061953008007,30.127325987182093],[31.907025034341924,30.127310306714744],[31.907022218344562,30.127315336016419],[31.907025949742376,30.127316914976067],[31.907024042462748,30.127320321570938],[31.907022083011668,30.127319492597767],[31.907005098164966,30.127349824168761],[31.906991196576215,30.127343942353161],[31.906976391627239,30.127370381957356],[31.906942804880753,30.127356170430943],[31.90693435788436,30.127371255617689],[31.906934730817518,30.12737141360552]]]},"properties":{"FID":7,"Join_Count":1,"NUMBER":4,"Text":"E","RefName_12":"F.F.L:197.55","NO_BUILDIN":4,"exc_Buildi":1,"exc_Elevat":1,"Pit_Layer":1,"Pit_Laye_1":1,"Layer_1":1,"Layer_2":1,"Layer_3":1,"Layer_4":1,"Layer_5":1,"Layer_6":1,"Layer_7":1,"Layer_8":1,"Layer_9":1,"Layer_10":1,"Layer_11":"1","Layer_12":"1","Layer_13":" ","Layer_14":" ","Layer_15":" ","Layer_16":" ","Curb":"1","PC":"1","RC":"\u2717","col_rc":" ","GB":" ","col_GB":" ","Block_SOG":" ","SOG":" ","Col_SOG":" ","Col_to_1st":" ","AX__1M":" ","Slab_1":" ","Col_to_2nd":" ","Slab_2":" ","Col_to_3rd":" ","Slab_3":" ","Col_to_4th":" ","Slab_4":" ","Col_to_5th":" ","Slab_5":" ","Col_to_6th":" ","Slab_6":" ","Col_to_Roo":" ","Slab_Roof":" ","Axis_COL":" ","Light_Weig":" ","Sleeves":" ","status":"PC","F50":" ","F51":" ","F52":" ","F53":" ","F54":" ","F55":" ","F56":" ","F57":" ","F58":" ","F59":" ","F60":" ","F61":" ","F62":" ","F63":" ","F64":" ","F65":" ","F66":" ","F67":" ","F68":" ","F69":" ","F70":" ","F71":" ","F72":" ","F73":" ","F74":" ","F75":" ","F76":" ","F77":" ","F78":" ","F79":" ","F80":" ","F81":" ","F82":" ","F83":" ","F84":" ","F85":" ","F86":" ","F87":" ","F88":" ","F89":" ","F90":" ","F91":" ","F92":" ","F93":" ","F94":" ","F95":" ","F96":" ","F97":" ","F98":" ","F99":" ","F100":" ","F101":" ","F102":" ","F103":" ","F104":" ","F105":" ","F106":" ","F107":" ","F108":" ","F109":" ","F110":" ","F111":" ","F112":" ","F113":" ","F114":" ","F115":" ","F116":" ","F117":" ","F118":" ","F119":" ","F120":" ","F122":" ","F123":" ","F124":" ","F125":" ","F126":" ","F127":" ","Field":0}},{"type":"Feature","id":8,"geometry":{"type":"Polygon","coordinates":[[[31.906242129631508,30.127402717731798],[31.906220296486072,30.127426227212144],[31.906192037910106,30.127406397000186],[31.906189430919422,30.127409204048014],[31.906186039849516,30.127406824422373],[31.906201160797195,30.12739054227907],[31.906172902235291,30.127370712062618],[31.906210119371757,30.127330636296996],[31.906180124043111,30.127309587688472],[31.906139061670981,30.127353804109983],[31.906113225017982,30.127335672842587],[31.906108381237445,30.127332274014538],[31.906099451495216,30.127341888964889],[31.90609606042975,30.127339509336803],[31.906098406409264,30.127336982817162],[31.906097316092822,30.127336218196714],[31.906097577096666,30.127335936768382],[31.906075131528137,30.12732018602323],[31.906074871561874,30.127320467444356],[31.906069825169062,30.127316925686955],[31.906076212656902,30.127310047881686],[31.906054089803064,30.12729452312146],[31.906053828799184,30.127294804549685],[31.906048500425154,30.127291064484787],[31.906071964358425,30.12726579836411],[31.906069380590825,30.127263985056523],[31.906073683109064,30.127259353244263],[31.906074005814432,30.127259579233005],[31.906088344761056,30.12724413867419],[31.906088022055709,30.127243912685469],[31.906091802548509,30.127239841925284],[31.906088896067679,30.127237801727379],[31.906091633558706,30.127234853967355],[31.906153157283896,30.127278027595079],[31.906166714231311,30.127263429502143],[31.906148142229924,30.127250396938031],[31.906160200961775,30.127237412982428],[31.906131943498107,30.127217583650438],[31.906136896452988,30.127212249181476],[31.906124866380566,30.127203807040456],[31.906152567011127,30.127173979001562],[31.906164598111548,30.127182420230977],[31.906167855554759,30.127178912332742],[31.906153765365413,30.127168956360123],[31.906184774526754,30.12713542161795],[31.906216708768351,30.127157898300943],[31.906220750255624,30.127153546108602],[31.906217521069483,30.12715127992513],[31.906220258554288,30.12714833216253],[31.906221953566309,30.127149521978616],[31.906246330948637,30.127123272631824],[31.906258361029359,30.127131715663783],[31.906279609403501,30.12710883531534],[31.906308675196637,30.127129230928542],[31.906320797591128,30.127116177063233],[31.906320474877472,30.127115950173124],[31.906323668606365,30.127112511264631],[31.906355158394518,30.127134608518077],[31.906351931783384,30.127138082833198],[31.906351609069571,30.127137855943165],[31.906297282785523,30.127196354598262],[31.906325380482762,30.127216071340349],[31.906358815991652,30.127180067209888],[31.906389497467583,30.127201597239988],[31.906398621360349,30.127191770758625],[31.906402013473564,30.127194151273713],[31.906399601731618,30.127196747708442],[31.906401135908318,30.127197824073619],[31.9064008749057,30.127198105502526],[31.906423683932704,30.127214110763706],[31.906423944943537,30.12721383023672],[31.906428184038869,30.127216804759396],[31.906421144058676,30.12722438434967],[31.906444074248778,30.127240475366332],[31.906444335259618,30.127240194839313],[31.906448856340603,30.127243367667049],[31.906426043995985,30.127267932091787],[31.906428627770023,30.127269745392237],[31.90640718719267,30.127292259061853],[31.90640750989887,30.127292485049754],[31.906406205897532,30.127293889481297],[31.906409113415755,30.127295928762837],[31.906406374895095,30.127298876536479],[31.906344851049759,30.12725570303008],[31.90633122836465,30.127270371952616],[31.906331271178551,30.127270401424354],[31.906331335914608,30.127270331521721],[31.906349866166853,30.127283334580426],[31.906337808492495,30.127296318545817],[31.906366066018965,30.127316147831944],[31.906343131354259,30.127340843880237],[31.90634425314682,30.127341646166773],[31.906355152205396,30.127349295084461],[31.906331818828086,30.127374420539955],[31.90633399843599,30.127375950685998],[31.906331260948527,30.127378898450932],[31.906300377860106,30.127357226375931],[31.906278347450041,30.127380949202799],[31.906281577682769,30.127383215377382],[31.906278840193526,30.127386163141249],[31.906276337879998,30.127384407006062],[31.906252545136347,30.127410026318941],[31.906242129631508,30.127402717731798]]]},"properties":{"FID":8,"Join_Count":1,"NUMBER":79,"Text":"E","RefName_12":"F.F.L:196.30","NO_BUILDIN":79,"exc_Buildi":1,"exc_Elevat":1,"Pit_Layer":1,"Pit_Laye_1":1,"Layer_1":1,"Layer_2":1,"Layer_3":1,"Layer_4":1,"Layer_5":1,"Layer_6":1,"Layer_7":1,"Layer_8":1,"Layer_9":1,"Layer_10":1,"Layer_11":" ","Layer_12":" ","Layer_13":" ","Layer_14":" ","Layer_15":" ","Layer_16":" ","Curb":"1","PC":" ","RC":" ","col_rc":" ","GB":" ","col_GB":" ","Block_SOG":" ","SOG":" ","Col_SOG":" ","Col_to_1st":" ","AX__1M":" ","Slab_1":" ","Col_to_2nd":" ","Slab_2":" ","Col_to_3rd":" ","Slab_3":" ","Col_to_4th":" ","Slab_4":" ","Col_to_5th":" ","Slab_5":" ","Col_to_6th":" ","Slab_6":" ","Col_to_Roo":" ","Slab_Roof":" ","Axis_COL":" ","Light_Weig":" ","Sleeves":" ","status":"Curb","F50":" ","F51":" ","F52":" ","F53":" ","F54":" ","F55":" ","F56":" ","F57":" ","F58":" ","F59":" ","F60":" ","F61":" ","F62":" ","F63":" ","F64":" ","F65":" ","F66":" ","F67":" ","F68":" ","F69":" ","F70":" ","F71":" ","F72":" ","F73":" ","F74":" ","F75":" ","F76":" ","F77":" ","F78":" ","F79":" ","F80":" ","F81":" ","F82":" ","F83":" ","F84":" ","F85":" ","F86":" ","F87":" ","F88":" ","F89":" ","F90":" ","F91":" ","F92":" ","F93":" ","F94":" ","F95":" ","F96":" ","F97":" ","F98":" ","F99":" ","F100":" ","F101":" ","F102":" ","F103":" ","F104":" ","F105":" ","F106":" ","F107":" ","F108":" ","F109":" ","F110":" ","F111":" ","F112":" ","F113":" ","F114":" ","F115":" ","F116":" ","F117":" ","F118":" ","F119":" ","F120":" ","F122":" ","F123":" ","F124":" ","F125":" ","F126":" ","F127":" ","Field":0}},{"type":"Feature","id":9,"geometry":{"type":"Polygon","coordinates":[[[31.905887693266855,30.127680187925691],[31.905865882960544,30.127703714329208],[31.90583760380958,30.12768390493039],[31.90583499993091,30.127686713753885],[31.905831606809041,30.127684336839433],[31.905846712185784,30.1276680431172],[31.905818434086509,30.127648233706683],[31.905855611785356,30.127608130348744],[31.905825595897483,30.127587104352614],[31.905784577104352,30.127631350131747],[31.905758721944387,30.127613238767623],[31.90575387507365,30.127609842654053],[31.905744954676543,30.127619464732533],[31.9057415615591,30.127617087815622],[31.905743905462487,30.127614559512445],[31.905742814107978,30.127613794896238],[31.905743075121773,30.127613514370559],[31.905720614127638,30.127597779908353],[31.905720353122035,30.127598061335974],[31.905715303647156,30.12759452319445],[31.905721684910525,30.127587640938895],[31.905699546631229,30.127572132462458],[31.90569928666325,30.127572413882866],[31.905693954177643,30.127568678342218],[31.905717394236902,30.127543394407763],[31.905714808409446,30.127541582911533],[31.90571910573523,30.127536947538349],[31.905719428448958,30.127537174429936],[31.905733752865373,30.127521723184959],[31.905733430151678,30.127521496293411],[31.905737206494404,30.127517422865768],[31.905734297961818,30.127515385380342],[31.905737032341719,30.127512435844963],[31.905798598223615,30.127555564244883],[31.905812140635614,30.127540955463761],[31.905793556306691,30.127527937367525],[31.90580560257666,30.127514943607473],[31.905777325575666,30.127495135081411],[31.905782273342435,30.12748979705324],[31.905770235046315,30.127481363957077],[31.905797906626464,30.127451516347275],[31.905809945942334,30.127459947629866],[31.905813200277862,30.127456437957626],[31.905799099797196,30.127446491940667],[31.90583007679308,30.127412934951781],[31.90586203366141,30.127435388111305],[31.905866069954509,30.127431032357414],[31.90586283871648,30.127428768885547],[31.905865574127763,30.127425819340424],[31.905867270169868,30.127427008251924],[31.905891621609022,30.127400741108069],[31.905903659905182,30.127409174193197],[31.905924886490521,30.127386278716884],[31.905953971821219,30.127406653526343],[31.905966081754258,30.127393589856791],[31.905965759048687,30.127393363867775],[31.905968949661236,30.127389922283157],[31.906000460000879,30.127411996026282],[31.905997236505858,30.127415473017418],[31.905996913791917,30.127415246126514],[31.905942645624194,30.127473784828073],[31.905970761820985,30.127493480770966],[31.906004162050589,30.127457452617691],[31.9060348640859,30.127478960037209],[31.906043978634809,30.127469126428252],[31.906047373837598,30.127471504225021],[31.906044964171361,30.127474102443085],[31.906046499378078,30.127475177903236],[31.906046239411339,30.127475459324305],[31.906069063863971,30.127491448303466],[31.906069323830685,30.127491166882354],[31.906073566015944,30.127494138688974],[31.906066534339367,30.127501723615495],[31.906089479946903,30.127517797448508],[31.906089739921853,30.127517516929316],[31.906094264084636,30.127520686139729],[31.906071475618472,30.127545268379894],[31.906074061444134,30.127547078966995],[31.906052642656434,30.127569607763959],[31.906052965370996,30.127569834654722],[31.906051663436255,30.127571239068558],[31.906054571976831,30.12757327654678],[31.906051837613173,30.127576226990524],[31.905990271611337,30.127533098712043],[31.905976663453,30.127547777420606],[31.905976705229296,30.127547806899603],[31.905976769965786,30.127547736997141],[31.905995312553742,30.127560726489818],[31.905983268362494,30.127573718448531],[31.906011544388601,30.127593526935854],[31.905988633601535,30.127618240799258],[31.905989756423907,30.127619042179671],[31.906000663713918,30.127626682951448],[31.905977354203408,30.127651825319049],[31.905979535870987,30.127653353652626],[31.905976801494688,30.127656303192911],[31.905945896817315,30.127634654637124],[31.905923889236817,30.127658393484666],[31.905927121521444,30.127660656947608],[31.905924386105745,30.127663606494014],[31.905921882778227,30.127661853065245],[31.905898115973571,30.127687489274749],[31.905887693266855,30.127680187925691]]]},"properties":{"FID":9,"Join_Count":1,"NUMBER":78,"Text":"E","RefName_12":"F.F.L:196.10","NO_BUILDIN":78,"exc_Buildi":0,"exc_Elevat":0,"Pit_Layer":0,"Pit_Laye_1":0,"Layer_1":0,"Layer_2":0,"Layer_3":0,"Layer_4":0,"Layer_5":0,"Layer_6":0,"Layer_7":0,"Layer_8":0,"Layer_9":0,"Layer_10":0,"Layer_11":" ","Layer_12":" ","Layer_13":" ","Layer_14":" ","Layer_15":" ","Layer_16":" ","Curb":" ","PC":" ","RC":" ","col_rc":" ","GB":" ","col_GB":" ","Block_SOG":" ","SOG":" ","Col_SOG":" ","Col_to_1st":" ","AX__1M":" ","Slab_1":" ","Col_to_2nd":" ","Slab_2":" ","Col_to_3rd":" ","Slab_3":" ","Col_to_4th":" ","Slab_4":" ","Col_to_5th":" ","Slab_5":" ","Col_to_6th":" ","Slab_6":" ","Col_to_Roo":" ","Slab_Roof":" ","Axis_COL":" ","Light_Weig":" ","Sleeves":" ","status":" ","F50":" ","F51":" ","F52":" ","F53":" ","F54":" ","F55":" ","F56":" ","F57":" ","F58":" ","F59":" ","F60":" ","F61":" ","F62":" ","F63":" ","F64":" ","F65":" ","F66":" ","F67":" ","F68":" ","F69":" ","F70":" ","F71":" ","F72":" ","F73":" ","F74":" ","F75":" ","F76":" ","F77":" ","F78":" ","F79":" ","F80":" ","F81":" ","F82":" ","F83":" ","F84":" ","F85":" ","F86":" ","F87":" ","F88":" ","F89":" ","F90":" ","F91":" ","F92":" ","F93":" ","F94":" ","F95":" ","F96":" ","F97":" ","F98":" ","F99":" ","F100":" ","F101":" ","F102":" ","F103":" ","F104":" ","F105":" ","F106":" ","F107":" ","F108":" ","F109":" ","F110":" ","F111":" ","F112":" ","F113":" ","F114":" ","F115":" ","F116":" ","F117":" ","F118":" ","F119":" ","F120":" ","F122":" ","F123":" ","F124":" ","F125":" ","F126":" ","F127":" ","Field":0}},{"type":"Feature","id":10,"geometry":{"type":"Polygon","coordinates":[[[31.906599140435247,30.127713514114284],[31.906557811058828,30.127723019724897],[31.906557253711846,30.127721188842212],[31.906560262913686,30.127720496977052],[31.906553919197517,30.12769965605526],[31.906518810150203,30.127707731429144],[31.906508933445174,30.127676693981851],[31.906488870391975,30.127681308222865],[31.906479872608799,30.127651747646979],[31.906480855310203,30.127651521676469],[31.906472120628553,30.127621340493405],[31.906471718855148,30.127621433467205],[31.906470949673245,30.127618904070559],[31.906467337805434,30.12761973449237],[31.906466223116077,30.127616072726077],[31.906530924977595,30.127601190411546],[31.906522590453971,30.127573809977935],[31.906456886234363,30.127588922904209],[31.906455770499914,30.127585260242959],[31.906460385778622,30.127584199198182],[31.906450458406827,30.127551586250267],[31.906449454995087,30.127551816873488],[31.906440457236382,30.127522256293854],[31.906460520260062,30.127517642060759],[31.906459033309623,30.127512758808287],[31.906451445072459,30.12748641957624],[31.906486555085547,30.127478344214435],[31.906480211409868,30.127457504189628],[31.906477202215335,30.127458196052832],[31.906476644871454,30.127456365169653],[31.906517974137731,30.127446858684351],[31.906543720128187,30.127531442070069],[31.906568798120933,30.127525673812944],[31.906553297248649,30.127474750241706],[31.90655751074015,30.127473781265678],[31.906558306653874,30.127476397072286],[31.906595824210054,30.127467767466424],[31.906595557864822,30.127466895237482],[31.906629163261538,30.127459165770816],[31.906635268407801,30.12747922176608],[31.906671386242511,30.127471287335922],[31.906680676112227,30.127501807446933],[31.906704651272783,30.127496293025597],[31.906703855355047,30.127493677219974],[31.906706362324886,30.127493100667792],[31.906717404471326,30.127529375359092],[31.906645674378673,30.127545500532058],[31.906649284818371,30.127557358956896],[31.90671554091649,30.127542119451835],[31.906731782643885,30.127595300179888],[31.906691857485622,30.127604483140697],[31.906701783896189,30.127637095173554],[31.906702787308145,30.127636864548386],[31.906712209854842,30.127667820322788],[31.906656637044158,30.127680602070356],[31.906661679945884,30.127697170028732],[31.906664990484593,30.127696409332394],[31.906665547833395,30.127698240214606],[31.906624218470231,30.127707745845868],[31.906598472361729,30.12762316248056],[31.906573394346363,30.127628930743711],[31.906599140435247,30.127713514114284]]]},"properties":{"FID":10,"Join_Count":1,"NUMBER":5,"Text":"D","RefName_12":"F.F.L:197.30","NO_BUILDIN":5,"exc_Buildi":1,"exc_Elevat":1,"Pit_Layer":1,"Pit_Laye_1":1,"Layer_1":1,"Layer_2":1,"Layer_3":1,"Layer_4":1,"Layer_5":1,"Layer_6":1,"Layer_7":1,"Layer_8":1,"Layer_9":1,"Layer_10":1,"Layer_11":"1","Layer_12":"1","Layer_13":" ","Layer_14":" ","Layer_15":" ","Layer_16":" ","Curb":"1","PC":"1","RC":"\u2717","col_rc":" ","GB":" ","col_GB":" ","Block_SOG":" ","SOG":" ","Col_SOG":" ","Col_to_1st":" ","AX__1M":" ","Slab_1":" ","Col_to_2nd":" ","Slab_2":" ","Col_to_3rd":" ","Slab_3":" ","Col_to_4th":" ","Slab_4":" ","Col_to_5th":" ","Slab_5":" ","Col_to_6th":" ","Slab_6":" ","Col_to_Roo":" ","Slab_Roof":" ","Axis_COL":" ","Light_Weig":" ","Sleeves":" ","status":"PC","F50":" ","F51":" ","F52":" ","F53":" ","F54":" ","F55":" ","F56":" ","F57":" ","F58":" ","F59":" ","F60":" ","F61":" ","F62":" ","F63":" ","F64":" ","F65":" ","F66":" ","F67":" ","F68":" ","F69":" ","F70":" ","F71":" ","F72":" ","F73":" ","F74":" ","F75":" ","F76":" ","F77":" ","F78":" ","F79":" ","F80":" ","F81":" ","F82":" ","F83":" ","F84":" ","F85":" ","F86":" ","F87":" ","F88":" ","F89":" ","F90":" ","F91":" ","F92":" ","F93":" ","F94":" ","F95":" ","F96":" ","F97":" ","F98":" ","F99":" ","F100":" ","F101":" ","F102":" ","F103":" ","F104":" ","F105":" ","F106":" ","F107":" ","F108":" ","F109":" ","F110":" ","F111":" ","F112":" ","F113":" ","F114":" ","F115":" ","F116":" ","F117":" ","F118":" ","F119":" ","F120":" ","F122":" ","F123":" ","F124":" ","F125":" ","F126":" ","F127":" ","Field":0}},{"type":"Feature","id":11,"geometry":{"type":"Polygon","coordinates":[[[31.907797879401059,30.127746719913883],[31.907796657521597,30.127751657940617],[31.907761150507245,30.12774501979418],[31.907760453039955,30.127747842549276],[31.907727671235506,30.127741344329021],[31.907727584177568,30.127741696721515],[31.907725555146829,30.127741317449992],[31.907724770620582,30.127744492597415],[31.907720509860145,30.127743695764888],[31.907737134785535,30.127676499770814],[31.907715931837032,30.127672535658657],[31.907715920851878,30.127672582640031],[31.907716021674172,30.127672600886331],[31.907711015100727,30.127692839104292],[31.907692247614261,30.127689330831782],[31.907684612131579,30.127720193258945],[31.907648915950251,30.127713519405074],[31.907648597230406,30.127714751973379],[31.907645652114738,30.127726656541221],[31.907609335377423,30.127719866992091],[31.907608745938308,30.127722247908395],[31.907604485179665,30.12772145107202],[31.907612830197959,30.127687720710011],[31.907578541468375,30.127681310432447],[31.907577668833525,30.127684837076668],[31.90757340808495,30.127684041141254],[31.907574084583157,30.127681307832713],[31.907537054798198,30.12767438517648],[31.907539868818954,30.127663009202895],[31.907505887781689,30.12765665631548],[31.907513523299421,30.127625792093397],[31.90750946628177,30.127625033536411],[31.907510381920837,30.127621329797972],[31.907533917399512,30.127625729754456],[31.907541553943979,30.127594865523683],[31.90759947894837,30.12760569490483],[31.907607584813082,30.127572934071036],[31.90754367461583,30.127560986011101],[31.907550656683032,30.127532767439178],[31.907551965622556,30.127527476119997],[31.907538067000679,30.127524877727861],[31.907538983675479,30.127521173982036],[31.907542635300633,30.127521856860852],[31.907542930535143,30.127520665948254],[31.907543335931805,30.12752074252758],[31.907549401322463,30.127496227701474],[31.907548995925882,30.127496151122159],[31.907550358893651,30.127490640236903],[31.90756030132053,30.127492498318755],[31.907566278617722,30.127468336793395],[31.907565873221269,30.127468260214126],[31.907567313265485,30.127462440302605],[31.907603833641396,30.127469268148069],[31.90760453215729,30.127466446288416],[31.907611227317886,30.127467698075634],[31.907611140259746,30.127468050468085],[31.907633457465749,30.127472223390335],[31.907633545553196,30.127471870088737],[31.907639428900307,30.127472970527489],[31.907640214473222,30.127469796275243],[31.90764447521304,30.12747059220872],[31.90762785025526,30.12753778819371],[31.907648950266065,30.12754173318682],[31.907653968876488,30.127521448884103],[31.907672736338064,30.12752495806485],[31.907680371811097,30.127494095637687],[31.907688082524828,30.127495537049917],[31.907691332834148,30.127482397299772],[31.9077344465206,30.127490457750117],[31.907731197254396,30.127503597494048],[31.9077362677439,30.127504545687191],[31.907740144713522,30.12748912488718],[31.907788556726956,30.127498083229355],[31.907779857291512,30.127532992295933],[31.907786148099341,30.127534167488317],[31.907787020725547,30.127530640842767],[31.907791281477255,30.127531437673348],[31.907790823140441,30.127533289096057],[31.907828763458422,30.127540382189903],[31.907825513165704,30.127553521943014],[31.907858584661117,30.127559705134807],[31.907850730055898,30.127591450367103],[31.907869598359223,30.127594977765458],[31.907869686454163,30.127594625365699],[31.907874657156643,30.127595554398034],[31.907866148100439,30.127629946194006],[31.907861126462223,30.127629007590905],[31.907861213519599,30.127628655198308],[31.907776659550038,30.127612847541688],[31.907769067125518,30.127643535584731],[31.907821106745562,30.127653264448607],[31.90781281685846,30.127686774347264],[31.907827019022388,30.12768942834311],[31.90782610236527,30.127693132992626],[31.907822348872084,30.12769243188281],[31.907821934582785,30.127694107105725],[31.907821529193459,30.127694031429243],[31.907815365792189,30.127718942934063],[31.907815771181603,30.127719018610559],[31.907814625351108,30.12772364852038],[31.907803669410786,30.127721599914121],[31.907797472973922,30.127746644244507],[31.907797879401059,30.127746719913883]]]},"properties":{"FID":11,"Join_Count":1,"NUMBER":7,"Text":"E","RefName_12":"F.F.L:198.20","NO_BUILDIN":7,"exc_Buildi":1,"exc_Elevat":1,"Pit_Layer":1,"Pit_Laye_1":1,"Layer_1":1,"Layer_2":1,"Layer_3":1,"Layer_4":1,"Layer_5":1,"Layer_6":1,"Layer_7":1,"Layer_8":1,"Layer_9":1,"Layer_10":1,"Layer_11":"1","Layer_12":"1","Layer_13":" ","Layer_14":" ","Layer_15":" ","Layer_16":" ","Curb":"\u26A0","PC":" ","RC":" ","col_rc":" ","GB":" ","col_GB":" ","Block_SOG":" ","SOG":" ","Col_SOG":" ","Col_to_1st":" ","AX__1M":" ","Slab_1":" ","Col_to_2nd":" ","Slab_2":" ","Col_to_3rd":" ","Slab_3":" ","Col_to_4th":" ","Slab_4":" ","Col_to_5th":" ","Slab_5":" ","Col_to_6th":" ","Slab_6":" ","Col_to_Roo":" ","Slab_Roof":" ","Axis_COL":" ","Light_Weig":" ","Sleeves":" ","status":"Layer 13","F50":" ","F51":" ","F52":" ","F53":" ","F54":" ","F55":" ","F56":" ","F57":" ","F58":" ","F59":" ","F60":" ","F61":" ","F62":" ","F63":" ","F64":" ","F65":" ","F66":" ","F67":" ","F68":" ","F69":" ","F70":" ","F71":" ","F72":" ","F73":" ","F74":" ","F75":" ","F76":" ","F77":" ","F78":" ","F79":" ","F80":" ","F81":" ","F82":" ","F83":" ","F84":" ","F85":" ","F86":" ","F87":" ","F88":" ","F89":" ","F90":" ","F91":" ","F92":" ","F93":" ","F94":" ","F95":" ","F96":" ","F97":" ","F98":" ","F99":" ","F100":" ","F101":" ","F102":" ","F103":" ","F104":" ","F105":" ","F106":" ","F107":" ","F108":" ","F109":" ","F110":" ","F111":" ","F112":" ","F113":" ","F114":" ","F115":" ","F116":" ","F117":" ","F118":" ","F119":" ","F120":" ","F122":" ","F123":" ","F124":" ","F125":" ","F126":" ","F127":" ","Field":0}},{"type":"Feature","id":12,"geometry":{"type":"Polygon","coordinates":[[[31.907386322412567,30.128033836208374],[31.907385100517597,30.128038775133547],[31.90734959342447,30.128032136877621],[31.907348895935382,30.12803495872874],[31.907316114059707,30.12802846040741],[31.907316027008306,30.128028813701619],[31.907313997973059,30.128028434423843],[31.907313213423308,30.128031608666994],[31.907308951615807,30.128030811828488],[31.907325577901805,30.127963615875561],[31.907304374914514,30.127959652600005],[31.907304363920886,30.127959698679373],[31.907304464751647,30.127959717827959],[31.907299458072682,30.127979955129401],[31.907280690544592,30.127976446799018],[31.907273054913553,30.128007309204037],[31.907237358661263,30.128000636142062],[31.907237039927235,30.128001867807473],[31.907234094754337,30.128013772366778],[31.907197777936439,30.128006982705674],[31.907197188485888,30.12800936362024],[31.907192927717798,30.128008566770767],[31.907201272898234,30.127974836432962],[31.907166984092552,30.127968426049698],[31.907166111448998,30.12797195359337],[31.907161850682741,30.127971156742849],[31.907162527194082,30.127968423436265],[31.907125497326966,30.127961500665894],[31.907128311402388,30.127950124700458],[31.907094329252118,30.127943771715454],[31.907101965955825,30.127912907508403],[31.907097908929174,30.127912148938876],[31.907098824586047,30.127908445203104],[31.907122360116944,30.127912845232167],[31.907129996809765,30.127881981023549],[31.907187921942654,30.12789281058329],[31.907196027964844,30.127860049773048],[31.907132117625792,30.127848101516065],[31.90713909982864,30.127819882964438],[31.907140408793595,30.12781459164907],[31.907126510140909,30.12781199321407],[31.907127426841736,30.127808290372894],[31.907131078466744,30.127808972361002],[31.907131373715224,30.127807782351205],[31.907131779104539,30.127807858029826],[31.907137844613022,30.127783343221342],[31.907137439223789,30.127783267542739],[31.907138802209808,30.127777755759489],[31.907148743629364,30.127779614781097],[31.907154722072086,30.127755452364006],[31.90715431668297,30.12775537668545],[31.907155756746924,30.127749555876122],[31.907192277203855,30.127756383834157],[31.907192975733295,30.12775356197653],[31.907199670908753,30.127754813784431],[31.90719958385715,30.127755167078558],[31.907221901104442,30.127759339167635],[31.907221988164189,30.127758986775454],[31.907227872553737,30.1277600863232],[31.907228658141932,30.127756912073249],[31.907232918891179,30.127757708019836],[31.907216292572809,30.127824903963731],[31.90723739366803,30.127828849014705],[31.907242412384196,30.127808565628559],[31.907261179879168,30.127812073965188],[31.907268815500547,30.127781211560187],[31.907276526231389,30.127782652996224],[31.907279776603865,30.127769513255483],[31.907322890385966,30.127777573838745],[31.907319641056613,30.127790713573262],[31.907324711557347,30.127791661782016],[31.907328588601285,30.127776240993292],[31.907377000722491,30.127785199484723],[31.907368301119078,30.127820108525992],[31.907374591940865,30.127821283737759],[31.907375464592256,30.127817757996734],[31.907379725345194,30.127818553938493],[31.907379266999477,30.127820405359856],[31.90741720740164,30.127827498570671],[31.907413957045758,30.127840638314353],[31.907447027576911,30.127846821615265],[31.907439173856726,30.127878566817575],[31.90745804220192,30.127882094274106],[31.907458129260934,30.127881741881758],[31.907463101012087,30.127882670922258],[31.907454591798803,30.127917063595486],[31.907449570141182,30.127916124074918],[31.907449657200267,30.127915771682595],[31.907365103043094,30.127899963765284],[31.907357510471076,30.127930651786286],[31.907409550206573,30.127940380810596],[31.907401259120793,30.127973890692306],[31.907415462353857,30.127976544724767],[31.907414545678922,30.127980249371625],[31.907410792177416,30.127979548250284],[31.907410377880062,30.12798122347197],[31.907409972489845,30.127981147794252],[31.907403807931189,30.1280060592883],[31.90740421435914,30.128006134958891],[31.907403068506397,30.12801076486539],[31.907392112541757,30.12800871622537],[31.907385915984523,30.12803376053774],[31.907386322412567,30.128033836208374]]]},"properties":{"FID":12,"Join_Count":1,"NUMBER":6,"Text":"E","RefName_12":"F.F.L:197.60","NO_BUILDIN":6,"exc_Buildi":1,"exc_Elevat":1,"Pit_Layer":1,"Pit_Laye_1":1,"Layer_1":1,"Layer_2":1,"Layer_3":1,"Layer_4":1,"Layer_5":1,"Layer_6":1,"Layer_7":1,"Layer_8":1,"Layer_9":1,"Layer_10":1,"Layer_11":" ","Layer_12":" ","Layer_13":" ","Layer_14":" ","Layer_15":" ","Layer_16":" ","Curb":" ","PC":" ","RC":" ","col_rc":" ","GB":" ","col_GB":" ","Block_SOG":" ","SOG":" ","Col_SOG":" ","Col_to_1st":" ","AX__1M":" ","Slab_1":" ","Col_to_2nd":" ","Slab_2":" ","Col_to_3rd":" ","Slab_3":" ","Col_to_4th":" ","Slab_4":" ","Col_to_5th":" ","Slab_5":" ","Col_to_6th":" ","Slab_6":" ","Col_to_Roo":" ","Slab_Roof":" ","Axis_COL":" ","Light_Weig":" ","Sleeves":" ","status":"Layer 11","F50":" ","F51":" ","F52":" ","F53":" ","F54":" ","F55":" ","F56":" ","F57":" ","F58":" ","F59":" ","F60":" ","F61":" ","F62":" ","F63":" ","F64":" ","F65":" ","F66":" ","F67":" ","F68":" ","F69":" ","F70":" ","F71":" ","F72":" ","F73":" ","F74":" ","F75":" ","F76":" ","F77":" ","F78":" ","F79":" ","F80":" ","F81":" ","F82":" ","F83":" ","F84":" ","F85":" ","F86":" ","F87":" ","F88":" ","F89":" ","F90":" ","F91":" ","F92":" ","F93":" ","F94":" ","F95":" ","F96":" ","F97":" ","F98":" ","F99":" ","F100":" ","F101":" ","F102":" ","F103":" ","F104":" ","F105":" ","F106":" ","F107":" ","F108":" ","F109":" ","F110":" ","F111":" ","F112":" ","F113":" ","F114":" ","F115":" ","F116":" ","F117":" ","F118":" ","F119":" ","F120":" ","F122":" ","F123":" ","F124":" ","F125":" ","F126":" ","F127":" ","Field":0}},{"type":"Feature","id":13,"geometry":{"type":"Polygon","coordinates":[[[31.905629175014599,30.128092649747362],[31.905623093164834,30.128095386916005],[31.905605920009187,30.128066550111029],[31.9056029705363,30.128067876571414],[31.905599822756447,30.12806259072115],[31.905600190654106,30.128062424016999],[31.905589695613937,30.12804480212699],[31.905589327708107,30.128044967929146],[31.905586560368114,30.128040321701956],[31.905583242998127,30.128041814866013],[31.90558123967276,30.128038450570095],[31.905651457369238,30.128006851261382],[31.905641535594558,30.1279901905964],[31.905620339555675,30.127999728570924],[31.905611513776712,30.127984909511419],[31.905579262934456,30.127999422568465],[31.905575637769935,30.12799333449475],[31.905561907364795,30.127999513281491],[31.905541632857897,30.12796547057652],[31.905555362205625,30.127959289995136],[31.905552978453319,30.127955286977123],[31.905536824067259,30.127962496342501],[31.905513976898476,30.127924329239971],[31.905550496408576,30.127907954768116],[31.905547537290936,30.127902987836876],[31.905543852011228,30.127904645899896],[31.905541848690078,30.127901281603251],[31.905543783308307,30.127900411346765],[31.905525942086054,30.12787045249814],[31.905539672475911,30.12786427371536],[31.905524120184463,30.127838160682803],[31.905557293854837,30.127823232662315],[31.905548420676634,30.127808333643834],[31.905548051733984,30.127808499452996],[31.905545714356631,30.127804574591728],[31.905581653512776,30.127788401654371],[31.905584015118301,30.127792366037358],[31.905583646175771,30.127792531846623],[31.905623407963521,30.127859296683894],[31.905655475835044,30.1278448660598],[31.905631003939277,30.127803774067804],[31.905666021255787,30.127788016980514],[31.90565934005776,30.127776802988837],[31.905663212383633,30.127775060647078],[31.905664977535178,30.127778024278097],[31.905666728193431,30.127777236470028],[31.905666918931175,30.127777556278076],[31.905692951445989,30.127765841748314],[31.905692760708192,30.127765521940315],[31.905697598264876,30.127763344482556],[31.905702750409457,30.127771995519836],[31.90572892036278,30.127760218697972],[31.905728729616637,30.127759897988014],[31.905733890648211,30.127757575779267],[31.905750587450193,30.127785612143832],[31.905753535866893,30.127784284785474],[31.905768623387193,30.127810404601377],[31.905768992329474,30.127810238791607],[31.905769946044813,30.127811840536989],[31.905773263404292,30.127810347368406],[31.905775266739482,30.127813712563416],[31.905705049211043,30.127845311033681],[31.905715019452078,30.127862052542913],[31.905715068031178,30.12786203146149],[31.905715020597835,30.127861950605759],[31.905736168019043,30.127852433697964],[31.905744993804056,30.12786725274923],[31.90577724457853,30.127852739652571],[31.9057940299435,30.127880926039346],[31.905795327035555,30.127880355136242],[31.905807766633536,30.127874757107644],[31.905824843924368,30.127903433986226],[31.905827332460291,30.127902313654179],[31.905829335791019,30.127905677946259],[31.905794088016592,30.127921540398614],[31.905810212623937,30.127948614624547],[31.905813898938217,30.12794695654695],[31.905815902269431,30.127950320839219],[31.905813046848255,30.127951605162725],[31.905830460314654,30.127980845295411],[31.905818572558584,30.127986194171175],[31.905834552815978,30.128013026742632],[31.905802299931779,30.128027540770194],[31.905804208413787,30.128030745155108],[31.905800338147664,30.128032486584811],[31.9057892708352,30.12801390258192],[31.905757017943809,30.128028416598507],[31.905729778605995,30.127982677502338],[31.905695544601173,30.12799808373218],[31.905725598691181,30.128048548111565],[31.905696110255814,30.128061818107849],[31.905690581301965,30.128064306117803],[31.905697117135244,30.128075280267037],[31.905693246865429,30.128077021693652],[31.905691530170316,30.128074138009925],[31.905690285895314,30.128074697723726],[31.905690095148664,30.128074377013768],[31.905664476971577,30.128085905576611],[31.905664667718149,30.128086226286602],[31.90565890830112,30.128088817812543],[31.905654233515907,30.128080967192723],[31.905628984276355,30.128092329939268],[31.905629175014599,30.128092649747362]]]},"properties":{"FID":13,"Join_Count":1,"NUMBER":77,"Text":"E","RefName_12":"F.F.L:197.15","NO_BUILDIN":77,"exc_Buildi":0,"exc_Elevat":0,"Pit_Layer":0,"Pit_Laye_1":0,"Layer_1":0,"Layer_2":0,"Layer_3":0,"Layer_4":0,"Layer_5":0,"Layer_6":0,"Layer_7":0,"Layer_8":0,"Layer_9":0,"Layer_10":0,"Layer_11":" ","Layer_12":" ","Layer_13":" ","Layer_14":" ","Layer_15":" ","Layer_16":" ","Curb":" ","PC":" ","RC":" ","col_rc":" ","GB":" ","col_GB":" ","Block_SOG":" ","SOG":" ","Col_SOG":" ","Col_to_1st":" ","AX__1M":" ","Slab_1":" ","Col_to_2nd":" ","Slab_2":" ","Col_to_3rd":" ","Slab_3":" ","Col_to_4th":" ","Slab_4":" ","Col_to_5th":" ","Slab_5":" ","Col_to_6th":" ","Slab_6":" ","Col_to_Roo":" ","Slab_Roof":" ","Axis_COL":" ","Light_Weig":" ","Sleeves":" ","status":" ","F50":" ","F51":" ","F52":" ","F53":" ","F54":" ","F55":" ","F56":" ","F57":" ","F58":" ","F59":" ","F60":" ","F61":" ","F62":" ","F63":" ","F64":" ","F65":" ","F66":" ","F67":" ","F68":" ","F69":" ","F70":" ","F71":" ","F72":" ","F73":" ","F74":" ","F75":" ","F76":" ","F77":" ","F78":" ","F79":" ","F80":" ","F81":" ","F82":" ","F83":" ","F84":" ","F85":" ","F86":" ","F87":" ","F88":" ","F89":" ","F90":" ","F91":" ","F92":" ","F93":" ","F94":" ","F95":" ","F96":" ","F97":" ","F98":" ","F99":" ","F100":" ","F101":" ","F102":" ","F103":" ","F104":" ","F105":" ","F106":" ","F107":" ","F108":" ","F109":" ","F110":" ","F111":" ","F112":" ","F113":" ","F114":" ","F115":" ","F116":" ","F117":" ","F118":" ","F119":" ","F120":" ","F122":" ","F123":" ","F124":" ","F125":" ","F126":" ","F127":" ","Field":0}},{"type":"Feature","id":14,"geometry":{"type":"Polygon","coordinates":[[[31.906618542887689,30.128096457537261],[31.906589712125452,30.128116966488363],[31.90656640046015,30.128092758971274],[31.90654738345534,30.128106596468854],[31.906549381274939,30.12810867178818],[31.906547392778322,30.128110118827472],[31.90651968426538,30.128081345791013],[31.906576762197741,30.128040283228845],[31.906567703432096,30.128030877114291],[31.9065151489845,30.128069118498281],[31.90647447999023,30.128026956724437],[31.906506147490653,30.12800391337672],[31.906481237203487,30.127978045409538],[31.906480441393708,30.127978624588501],[31.906456796637691,30.12795407026271],[31.906500876491371,30.127921994989205],[31.90648822126963,30.12790885401667],[31.906485595715239,30.127910764581479],[31.906484197143168,30.127909312038263],[31.906516978947671,30.127885458197166],[31.906581586641988,30.127952548385299],[31.906601477754123,30.127938073433324],[31.906536870056321,30.127870983254908],[31.906569651835373,30.127847129401026],[31.906571051445397,30.127848581936171],[31.906568664012458,30.127850318572634],[31.906584582579036,30.127866849403812],[31.90661243177038,30.12784658445835],[31.906636528117943,30.127871045438358],[31.906652441196247,30.127859465469182],[31.906675020536415,30.127882912201503],[31.90667424122346,30.127883479541449],[31.906696885738253,30.127907585203342],[31.906697204272238,30.127907353890603],[31.906699135040615,30.127909359311992],[31.90670199974652,30.127907274805651],[31.9067047968969,30.127910179887287],[31.906653476491119,30.127947524314187],[31.906674391183852,30.127969242515189],[31.906726507400485,30.127931318899762],[31.906729304552236,30.127934223980819],[31.906725645067571,30.127936886759024],[31.906750555406578,30.127962754678894],[31.906751351214623,30.127962175498336],[31.906773930609976,30.127985623114299],[31.9067580175182,30.127997202196145],[31.906761747060418,30.128001075937185],[31.906781477907863,30.12802212576613],[31.906753628703726,30.128042390747201],[31.906769547323975,30.128058920652219],[31.906771934758211,30.1280571840121],[31.906773333336556,30.128058636552094],[31.906740551539336,30.128082490456489],[31.906675943652637,30.128015400351835],[31.906656051498864,30.128029875322209],[31.906694949674844,30.12807026684554],[31.906691607689442,30.12807269921926],[31.906689609867655,30.128070623902147],[31.906659851506433,30.128092277627871],[31.906660517801082,30.128092970299985],[31.906633862258698,30.1281123655843],[31.906618542887689,30.128096457537261]]]},"properties":{"FID":14,"Join_Count":1,"NUMBER":75,"Text":"D","RefName_12":"F.F.L:197.75","NO_BUILDIN":75,"exc_Buildi":0,"exc_Elevat":0,"Pit_Layer":0,"Pit_Laye_1":0,"Layer_1":0,"Layer_2":0,"Layer_3":0,"Layer_4":0,"Layer_5":0,"Layer_6":0,"Layer_7":0,"Layer_8":0,"Layer_9":0,"Layer_10":0,"Layer_11":" ","Layer_12":" ","Layer_13":" ","Layer_14":" ","Layer_15":" ","Layer_16":" ","Curb":" ","PC":" ","RC":" ","col_rc":" ","GB":" ","col_GB":" ","Block_SOG":" ","SOG":" ","Col_SOG":" ","Col_to_1st":" ","AX__1M":" ","Slab_1":" ","Col_to_2nd":" ","Slab_2":" ","Col_to_3rd":" ","Slab_3":" ","Col_to_4th":" ","Slab_4":" ","Col_to_5th":" ","Slab_5":" ","Col_to_6th":" ","Slab_6":" ","Col_to_Roo":" ","Slab_Roof":" ","Axis_COL":" ","Light_Weig":" ","Sleeves":" ","status":" ","F50":" ","F51":" ","F52":" ","F53":" ","F54":" ","F55":" ","F56":" ","F57":" ","F58":" ","F59":" ","F60":" ","F61":" ","F62":" ","F63":" ","F64":" ","F65":" ","F66":" ","F67":" ","F68":" ","F69":" ","F70":" ","F71":" ","F72":" ","F73":" ","F74":" ","F75":" ","F76":" ","F77":" ","F78":" ","F79":" ","F80":" ","F81":" ","F82":" ","F83":" ","F84":" ","F85":" ","F86":" ","F87":" ","F88":" ","F89":" ","F90":" ","F91":" ","F92":" ","F93":" ","F94":" ","F95":" ","F96":" ","F97":" ","F98":" ","F99":" ","F100":" ","F101":" ","F102":" ","F103":" ","F104":" ","F105":" ","F106":" ","F107":" ","F108":" ","F109":" ","F110":" ","F111":" ","F112":" ","F113":" ","F114":" ","F115":" ","F116":" ","F117":" ","F118":" ","F119":" ","F120":" ","F122":" ","F123":" ","F124":" ","F125":" ","F126":" ","F127":" ","Field":0}},{"type":"Feature","id":15,"geometry":{"type":"Polygon","coordinates":[[[31.907865716183537,30.128128715169058],[31.907824438107003,30.128138388601577],[31.907823871412102,30.128136559593347],[31.907826876359163,30.128135856002171],[31.907820421554643,30.128115041170961],[31.907785355281177,30.128123259108808],[31.90777531143452,30.12809226170636],[31.907755274006945,30.128096957146582],[31.90774611738092,30.128067433843171],[31.907747099004435,30.12806720336048],[31.907738201314352,30.12803705857424],[31.907737800586428,30.128037152446723],[31.907737017912797,30.128034626759433],[31.907733410332135,30.128035472520949],[31.907732275909368,30.128031814510745],[31.907796897612453,30.128016669635286],[31.907788416703724,30.127989323675109],[31.907722792674445,30.128004702779819],[31.907721658252445,30.128001044769462],[31.907726267136773,30.127999964781726],[31.907716165348113,30.127967392831643],[31.907715163014245,30.127967627967269],[31.907706006404837,30.127938103758055],[31.907726043803059,30.127933408325852],[31.907724530901049,30.127928531582384],[31.907716801450444,30.127902223172349],[31.907751867652454,30.127894005254024],[31.907745411843042,30.127873190424879],[31.907742406911503,30.127873894916043],[31.907741839182144,30.127872065914506],[31.90778311715734,30.127862392509673],[31.907809317884499,30.127946870555707],[31.907834364878681,30.1279410003416],[31.907818590956051,30.127890140156605],[31.907822798069233,30.127889154045484],[31.907823608513471,30.127891766135264],[31.907861079065277,30.127882984951526],[31.907860808565527,30.12788211365611],[31.907894372282289,30.127874247946984],[31.907900584363059,30.127894278784893],[31.907936660434181,30.12788619816623],[31.907946114339364,30.127916680063624],[31.907970058541292,30.127911068205879],[31.907969249122399,30.127908455207944],[31.907971752891061,30.127907868731352],[31.907982990216667,30.127944097759279],[31.907911347798979,30.127960514373765],[31.907915020539193,30.127972358799994],[31.907981195384156,30.12795685041263],[31.907997721574876,30.128009964059341],[31.907957846622818,30.128019308521633],[31.907967948496069,30.128051880451107],[31.907968950830128,30.128051645313551],[31.907978539494195,30.128082562858488],[31.907923035099813,30.128095570176875],[31.907928167289015,30.128112117621001],[31.907931473548459,30.128111342489799],[31.907932041282795,30.128113171490369],[31.907890763219708,30.12812284494348],[31.907864562381349,30.128038367820309],[31.907839515356429,30.128044237138578],[31.907865716183537,30.128128715169058]]]},"properties":{"FID":15,"Join_Count":1,"NUMBER":8,"Text":"D","RefName_12":"F.F.L:198.75","NO_BUILDIN":8,"exc_Buildi":1,"exc_Elevat":1,"Pit_Layer":1,"Pit_Laye_1":1,"Layer_1":1,"Layer_2":1,"Layer_3":1,"Layer_4":1,"Layer_5":1,"Layer_6":1,"Layer_7":1,"Layer_8":1,"Layer_9":1,"Layer_10":1,"Layer_11":"1","Layer_12":" ","Layer_13":" ","Layer_14":" ","Layer_15":" ","Layer_16":" ","Curb":" ","PC":" ","RC":" ","col_rc":" ","GB":" ","col_GB":" ","Block_SOG":" ","SOG":" ","Col_SOG":" ","Col_to_1st":" ","AX__1M":" ","Slab_1":" ","Col_to_2nd":" ","Slab_2":" ","Col_to_3rd":" ","Slab_3":" ","Col_to_4th":" ","Slab_4":" ","Col_to_5th":" ","Slab_5":" ","Col_to_6th":" ","Slab_6":" ","Col_to_Roo":" ","Slab_Roof":" ","Axis_COL":" ","Light_Weig":" ","Sleeves":" ","status":"Layer 12","F50":" ","F51":" ","F52":" ","F53":" ","F54":" ","F55":" ","F56":" ","F57":" ","F58":" ","F59":" ","F60":" ","F61":" ","F62":" ","F63":" ","F64":" ","F65":" ","F66":" ","F67":" ","F68":" ","F69":" ","F70":" ","F71":" ","F72":" ","F73":" ","F74":" ","F75":" ","F76":" ","F77":" ","F78":" ","F79":" ","F80":" ","F81":" ","F82":" ","F83":" ","F84":" ","F85":" ","F86":" ","F87":" ","F88":" ","F89":" ","F90":" ","F91":" ","F92":" ","F93":" ","F94":" ","F95":" ","F96":" ","F97":" ","F98":" ","F99":" ","F100":" ","F101":" ","F102":" ","F103":" ","F104":" ","F105":" ","F106":" ","F107":" ","F108":" ","F109":" ","F110":" ","F111":" ","F112":" ","F113":" ","F114":" ","F115":" ","F116":" ","F117":" ","F118":" ","F119":" ","F120":" ","F122":" ","F123":" ","F124":" ","F125":" ","F126":" ","F127":" ","Field":0}},{"type":"Feature","id":16,"geometry":{"type":"Polygon","coordinates":[[[31.90613537792435,30.128199424877671],[31.906130294362011,30.12820341532175],[31.906105260152692,30.12817931431038],[31.906102795646166,30.128181249014219],[31.906098205052601,30.128176830050638],[31.906098513113857,30.128176587987163],[31.906083213927218,30.128161860493556],[31.906082905857733,30.128162101655004],[31.906078873249747,30.128158219159406],[31.906076100673708,30.128160395024175],[31.90607317986662,30.128157583690559],[31.906131864406532,30.128111520219381],[31.906117399594422,30.128097596097195],[31.906099685435514,30.128111500319285],[31.906086820265006,30.128099115753638],[31.906059866251287,30.128120271937075],[31.906054580532285,30.128115183948147],[31.906043105943986,30.128124191331597],[31.906013551336137,30.128095739406376],[31.906025024878115,30.128086731130672],[31.906021549220927,30.128083385109306],[31.906008030870435,30.128093924692845],[31.905974783063794,30.128062051563749],[31.906005321147752,30.128038152878538],[31.906001007996025,30.128034001705512],[31.905997928398186,30.12803641962471],[31.905995007588754,30.128033607387223],[31.905996624143551,30.128032337913641],[31.905970615375544,30.128007300070376],[31.905982091003235,30.127998293588078],[31.905959420744338,30.127976468307889],[31.905987145412773,30.127954706983424],[31.905974210138996,30.127942255237027],[31.905973902078134,30.1279424973002],[31.905970494473991,30.127939216656351],[31.906000531149797,30.12791564074675],[31.906003973300109,30.127918954526763],[31.906003665231157,30.12791919568804],[31.906061628005926,30.12797499524029],[31.906088428452687,30.127953958281051],[31.906052754854667,30.127919615901778],[31.906082019788816,30.127896644241112],[31.906072282756909,30.127887273436151],[31.906075518956172,30.127884732661744],[31.906078092194846,30.127887209934762],[31.906079555234822,30.127886061488329],[31.906079832665384,30.127886329282479],[31.906101589725463,30.127869251816605],[31.906101311257263,30.127868984029668],[31.906105355232295,30.127865810775635],[31.906112865573231,30.12787304107971],[31.906134736977812,30.127855872617236],[31.906134459547186,30.127855604823214],[31.906138772422672,30.127852219541573],[31.906163111426057,30.127875651526089],[31.906165575923946,30.12787371682122],[31.90618779993396,30.127895648875874],[31.906188108002372,30.127895407714185],[31.906189498269647,30.127896746662213],[31.906192270827685,30.127894569893193],[31.906195191638393,30.127897382126331],[31.906136507244351,30.127943444722138],[31.906151041144664,30.127957436920706],[31.90615108133218,30.127957405974627],[31.906151012231785,30.127957338798868],[31.906168687206478,30.12794346550913],[31.906181552366256,30.127955850067252],[31.90620850526378,30.12793469296496],[31.906232976196883,30.127958250310169],[31.906234062272258,30.12795741205306],[31.906244459132026,30.12794925187314],[31.906269355113885,30.127973218507886],[31.90627143427324,30.127971585931636],[31.906274355088453,30.127974398162902],[31.906244896462226,30.127997520036182],[31.906268402186491,30.128020147723308],[31.906271482814713,30.128017729790738],[31.906274403631325,30.128020542021964],[31.906272016394198,30.128022414858147],[31.906297401301646,30.128046852582926],[31.906287466016398,30.128054650576765],[31.906310761341221,30.128077075848037],[31.90628380635297,30.12809823298554],[31.906286587933558,30.128100910872135],[31.906283352754109,30.128103449840587],[31.906267219182006,30.128087919001857],[31.906240264181356,30.128109076130634],[31.906200555782167,30.128070850416091],[31.906171945068095,30.128093307946031],[31.906215756215865,30.128135483329157],[31.906191111154428,30.128154827679694],[31.906186490206903,30.128158455026782],[31.906196017916201,30.12816762611315],[31.906192783769846,30.128170165072287],[31.906190279621402,30.128167754977579],[31.906189240039044,30.128168571265093],[31.906188961569754,30.128168303478365],[31.906167551680252,30.12818510885846],[31.906167830149538,30.128185376645199],[31.906163016529781,30.128189155056671],[31.906156201292092,30.128182593779542],[31.906135099455106,30.128199157090844],[31.90613537792435,30.128199424877671]]]},"properties":{"FID":16,"Join_Count":1,"NUMBER":76,"Text":"E","RefName_12":"F.F.L:197.65","NO_BUILDIN":76,"exc_Buildi":0,"exc_Elevat":0,"Pit_Layer":0,"Pit_Laye_1":0,"Layer_1":0,"Layer_2":0,"Layer_3":0,"Layer_4":0,"Layer_5":0,"Layer_6":0,"Layer_7":0,"Layer_8":0,"Layer_9":0,"Layer_10":0,"Layer_11":" ","Layer_12":" ","Layer_13":" ","Layer_14":" ","Layer_15":" ","Layer_16":" ","Curb":" ","PC":" ","RC":" ","col_rc":" ","GB":" ","col_GB":" ","Block_SOG":" ","SOG":" ","Col_SOG":" ","Col_to_1st":" ","AX__1M":" ","Slab_1":" ","Col_to_2nd":" ","Slab_2":" ","Col_to_3rd":" ","Slab_3":" ","Col_to_4th":" ","Slab_4":" ","Col_to_5th":" ","Slab_5":" ","Col_to_6th":" ","Slab_6":" ","Col_to_Roo":" ","Slab_Roof":" ","Axis_COL":" ","Light_Weig":" ","Sleeves":" ","status":" ","F50":" ","F51":" ","F52":" ","F53":" ","F54":" ","F55":" ","F56":" ","F57":" ","F58":" ","F59":" ","F60":" ","F61":" ","F62":" ","F63":" ","F64":" ","F65":" ","F66":" ","F67":" ","F68":" ","F69":" ","F70":" ","F71":" ","F72":" ","F73":" ","F74":" ","F75":" ","F76":" ","F77":" ","F78":" ","F79":" ","F80":" ","F81":" ","F82":" ","F83":" ","F84":" ","F85":" ","F86":" ","F87":" ","F88":" ","F89":" ","F90":" ","F91":" ","F92":" ","F93":" ","F94":" ","F95":" ","F96":" ","F97":" ","F98":" ","F99":" ","F100":" ","F101":" ","F102":" ","F103":" ","F104":" ","F105":" ","F106":" ","F107":" ","F108":" ","F109":" ","F110":" ","F111":" ","F112":" ","F113":" ","F114":" ","F115":" ","F116":" ","F117":" ","F118":" ","F119":" ","F120":" ","F122":" ","F123":" ","F124":" ","F125":" ","F126":" ","F127":" ","Field":0}},{"type":"Feature","id":17,"geometry":{"type":"Polygon","coordinates":[[[31.906894245893533,30.128434763780358],[31.906887841016765,30.128435647762895],[31.906886247297543,30.128426917198105],[31.906858166355654,30.128430791230393],[31.906858231866646,30.128431147079752],[31.906851467360912,30.128432080447382],[31.9068456124769,30.128400009519602],[31.906842333349623,30.128400462412166],[31.906841259604718,30.128394582278364],[31.906841668981951,30.1283945262341],[31.906838091576262,30.12837492727931],[31.906837681161502,30.128374983330719],[31.906836738455418,30.128369816699589],[31.906833048914326,30.128370325643274],[31.906832365155537,30.128366584235128],[31.906910458003576,30.128355810987156],[31.906907075060502,30.128337281400711],[31.906883501392617,30.128340533508414],[31.906880493090771,30.12832405254979],[31.906844625797003,30.128329000498351],[31.906843389309223,30.128322230282865],[31.906828119173337,30.128324336340224],[31.906821206958004,30.128286476268279],[31.906836477063536,30.128284367505884],[31.906835664367179,30.128279915286527],[31.906817720915246,30.128282337456834],[31.906809860626733,30.128239858321066],[31.90685045221991,30.12823431131218],[31.906849442949778,30.128228787034832],[31.906845345083319,30.128229352917863],[31.906844661325177,30.128225611509677],[31.906846813897445,30.128225314322666],[31.906840730766589,30.128191996560368],[31.906856000873621,30.12818988959992],[31.906850698740861,30.128160848380301],[31.906887591995918,30.128155758949408],[31.906884566282418,30.128139188809619],[31.906884156914515,30.12813924575596],[31.90688335953482,30.128134880025897],[31.906923328768819,30.128129366154173],[31.906924133817167,30.128133776030481],[31.906923724449324,30.128133832976939],[31.906937280257125,30.128208084656908],[31.906972944366153,30.1282031642445],[31.906964601137009,30.128157464599777],[31.907003544352875,30.128152092185964],[31.90700126582777,30.128139620222154],[31.907005572005108,30.128139025835921],[31.907006173877413,30.128142322206081],[31.907008121244601,30.12814205349342],[31.907008185726525,30.128142410251861],[31.907037137147814,30.128138416525662],[31.907037072665783,30.128138059767213],[31.907042452537713,30.128137317253632],[31.90704420901864,30.128146938800068],[31.907073314856309,30.128142923253559],[31.907073249344759,30.128142567404279],[31.907078988844294,30.128141775501785],[31.907084681032195,30.128172955435872],[31.907087960150708,30.128172502537417],[31.907092820233643,30.128201423219306],[31.907093230639298,30.128201366265152],[31.907093555109448,30.128203148238875],[31.907097244642806,30.128202639287977],[31.907097928410245,30.128206380694689],[31.907019835702776,30.128217154051534],[31.907023235050289,30.128235773724857],[31.907023288940984,30.128235766136719],[31.907023272561052,30.12823567694889],[31.907046792308158,30.128232432404808],[31.907049800626115,30.128248912457376],[31.907085667879251,30.128243964453489],[31.907091391699481,30.12827531194575],[31.907092828235658,30.128275125233831],[31.90710666295789,30.128273216674529],[31.907112485149124,30.128305108312134],[31.907115252301892,30.128304726598511],[31.90711593607082,30.128308468005049],[31.907076735774034,30.128313875602121],[31.907082232466774,30.128343987078406],[31.907086332411648,30.128343421173607],[31.907087015142171,30.128347162587449],[31.907083839657084,30.128347601240275],[31.90708977652255,30.1283801189972],[31.907076555327663,30.128381943040104],[31.907082003897578,30.128411784239542],[31.907046134516776,30.128416733159842],[31.907046785524042,30.12842029619107],[31.907042481401845,30.128420889662589],[31.907038707412465,30.128400222264371],[31.9070028380251,30.128405170270849],[31.906993551002785,30.128354303105343],[31.906955478268486,30.128359554952745],[31.906965725410863,30.12841567883396],[31.906932929937906,30.128420202402754],[31.906926781051936,30.128421051245688],[31.906929009397903,30.128433255653974],[31.906924705282574,30.128433850023633],[31.906924119790784,30.128430642841042],[31.906922736212238,30.128430833695877],[31.906922670692776,30.128430476944569],[31.906894181411797,30.128434407021878],[31.906894245893533,30.128434763780358]]]},"properties":{"FID":17,"Join_Count":1,"NUMBER":74,"Text":"E","RefName_12":"F.F.L:197.90","NO_BUILDIN":74,"exc_Buildi":0,"exc_Elevat":0,"Pit_Layer":0,"Pit_Laye_1":0,"Layer_1":0,"Layer_2":0,"Layer_3":0,"Layer_4":0,"Layer_5":0,"Layer_6":0,"Layer_7":0,"Layer_8":0,"Layer_9":0,"Layer_10":0,"Layer_11":" ","Layer_12":" ","Layer_13":" ","Layer_14":" ","Layer_15":" ","Layer_16":" ","Curb":" ","PC":" ","RC":" ","col_rc":" ","GB":" ","col_GB":" ","Block_SOG":" ","SOG":" ","Col_SOG":" ","Col_to_1st":" ","AX__1M":" ","Slab_1":" ","Col_to_2nd":" ","Slab_2":" ","Col_to_3rd":" ","Slab_3":" ","Col_to_4th":" ","Slab_4":" ","Col_to_5th":" ","Slab_5":" ","Col_to_6th":" ","Slab_6":" ","Col_to_Roo":" ","Slab_Roof":" ","Axis_COL":" ","Light_Weig":" ","Sleeves":" ","status":" ","F50":" ","F51":" ","F52":" ","F53":" ","F54":" ","F55":" ","F56":" ","F57":" ","F58":" ","F59":" ","F60":" ","F61":" ","F62":" ","F63":" ","F64":" ","F65":" ","F66":" ","F67":" ","F68":" ","F69":" ","F70":" ","F71":" ","F72":" ","F73":" ","F74":" ","F75":" ","F76":" ","F77":" ","F78":" ","F79":" ","F80":" ","F81":" ","F82":" ","F83":" ","F84":" ","F85":" ","F86":" ","F87":" ","F88":" ","F89":" ","F90":" ","F91":" ","F92":" ","F93":" ","F94":" ","F95":" ","F96":" ","F97":" ","F98":" ","F99":" ","F100":" ","F101":" ","F102":" ","F103":" ","F104":" ","F105":" ","F106":" ","F107":" ","F108":" ","F109":" ","F110":" ","F111":" ","F112":" ","F113":" ","F114":" ","F115":" ","F116":" ","F117":" ","F118":" ","F119":" ","F120":" ","F122":" ","F123":" ","F124":" ","F125":" ","F126":" ","F127":" ","Field":0}},{"type":"Feature","id":18,"geometry":{"type":"Polygon","coordinates":[[[31.90786793029816,30.128521557739251],[31.907840888629504,30.128539224939878],[31.907818444677343,30.128513267135144],[31.9078030160202,30.128523347432644],[31.907803265630786,30.12852363616182],[31.907799201380083,30.128526290940997],[31.907774886417403,30.128498169456243],[31.907778992963106,30.12849548732483],[31.907779241527674,30.128495775159269],[31.907848380095434,30.128450605701882],[31.907826683947327,30.128425513190393],[31.907784132153957,30.128453313558111],[31.907760441239461,30.128425913893015],[31.907748829283069,30.128433502579046],[31.907746209430169,30.128430472718083],[31.907749279282964,30.12842846795489],[31.907748094165768,30.128427097840056],[31.907748426319941,30.128426880863181],[31.907730814147158,30.128406511114491],[31.907730481993006,30.128406728091313],[31.907727208749385,30.128402942332286],[31.907736167621668,30.128397089434259],[31.907718462118655,30.128376612084839],[31.907718129956329,30.128376828159652],[31.907714639608713,30.12837279042958],[31.907743672120933,30.128353823212144],[31.907741676303527,30.12835151607629],[31.907768801464982,30.12833424521207],[31.907768552900848,30.128333957377574],[31.907770211602962,30.128332873409292],[31.907767966175395,30.128330277544553],[31.907771450693989,30.12832800111233],[31.907818957307288,30.128382945702118],[31.907836294281609,30.128371619148471],[31.907836260722977,30.128371580593047],[31.907836178207489,30.128371635284708],[31.907821870731016,30.128355087168391],[31.907837215807373,30.128345061567853],[31.907815395934922,30.12831982648575],[31.907844584170281,30.128300757143545],[31.907843721891023,30.128299740198941],[31.907835305435466,30.128290006811302],[31.907865001169274,30.128270605620763],[31.907863317878135,30.128268658943565],[31.907866802392359,30.128266382508883],[31.907890648530774,30.128293963293117],[31.907918685555138,30.128275646060445],[31.907916191552452,30.128272761462107],[31.907919676073806,30.128270485928024],[31.907921607930476,30.128272720438662],[31.90795188645388,30.128252938154912],[31.907959929556,30.128262240238374],[31.907987714853633,30.128244086193266],[31.908009535806066,30.128269323043224],[31.908012853202692,30.128267155100648],[31.908015472013258,30.128270184061485],[31.907996227778575,30.12828275688781],[31.908018047704292,30.128307993743153],[31.907970683917515,30.128338937609342],[31.907993845233364,30.128365724809413],[31.908046102606921,30.128331583711578],[31.908066052566113,30.128354656882397],[31.908069793575681,30.128358983324372],[31.908081157952108,30.128351558685996],[31.908083775721146,30.128354586750547],[31.908080789438806,30.128356537724372],[31.908081631610177,30.128357511508923],[31.90808129945697,30.128357728486623],[31.908098631659346,30.128377773587559],[31.908098962774961,30.128377556616982],[31.908102859013471,30.128382063293238],[31.908094730547994,30.12838737377152],[31.908111813155461,30.128407131043808],[31.90811214427114,30.128406914073206],[31.908116259693237,30.128411672704654],[31.908086397891928,30.128431182440298],[31.908088392681226,30.128433489577866],[31.908082917312775,30.128437066968313],[31.908082668739251,30.128436778232491],[31.908064419912851,30.128448701045016],[31.908064668478108,30.12844898887888],[31.908059857415054,30.128452132313086],[31.90806210181535,30.128454728179758],[31.90805861833687,30.128457004612436],[31.908011112594252,30.128402060106282],[31.907993859188384,30.128413331983701],[31.908008199214517,30.128429917740974],[31.907992853113711,30.128439944270408],[31.90801467305775,30.128465179321072],[31.908008368329885,30.128469298243193],[31.908017657410738,30.128480041274717],[31.907982404784203,30.128503073668814],[31.907973113629634,30.128492330649159],[31.907968967898714,30.128495039216105],[31.907979829915597,30.128507689097059],[31.907940325272836,30.128533611187166],[31.907915685386811,30.128505026526863],[31.907910542170384,30.128508387834987],[31.907913035124892,30.12851127063643],[31.907909551640937,30.128513547065253],[31.907908242760961,30.128512033482256],[31.907877219377347,30.12853230168281],[31.90786793029816,30.128521557739251]]]},"properties":{"FID":18,"Join_Count":1,"NUMBER":9,"Text":"E","RefName_12":"F.F.L:198.95","NO_BUILDIN":9,"exc_Buildi":1,"exc_Elevat":1,"Pit_Layer":1,"Pit_Laye_1":1,"Layer_1":1,"Layer_2":1,"Layer_3":1,"Layer_4":1,"Layer_5":1,"Layer_6":1,"Layer_7":1,"Layer_8":1,"Layer_9":1,"Layer_10":0,"Layer_11":" ","Layer_12":" ","Layer_13":" ","Layer_14":" ","Layer_15":" ","Layer_16":" ","Curb":" ","PC":" ","RC":" ","col_rc":" ","GB":" ","col_GB":" ","Block_SOG":" ","SOG":" ","Col_SOG":" ","Col_to_1st":" ","AX__1M":" ","Slab_1":" ","Col_to_2nd":" ","Slab_2":" ","Col_to_3rd":" ","Slab_3":" ","Col_to_4th":" ","Slab_4":" ","Col_to_5th":" ","Slab_5":" ","Col_to_6th":" ","Slab_6":" ","Col_to_Roo":" ","Slab_Roof":" ","Axis_COL":" ","Light_Weig":" ","Sleeves":" ","status":"Layer 10","F50":" ","F51":" ","F52":" ","F53":" ","F54":" ","F55":" ","F56":" ","F57":" ","F58":" ","F59":" ","F60":" ","F61":" ","F62":" ","F63":" ","F64":" ","F65":" ","F66":" ","F67":" ","F68":" ","F69":" ","F70":" ","F71":" ","F72":" ","F73":" ","F74":" ","F75":" ","F76":" ","F77":" ","F78":" ","F79":" ","F80":" ","F81":" ","F82":" ","F83":" ","F84":" ","F85":" ","F86":" ","F87":" ","F88":" ","F89":" ","F90":" ","F91":" ","F92":" ","F93":" ","F94":" ","F95":" ","F96":" ","F97":" ","F98":" ","F99":" ","F100":" ","F101":" ","F102":" ","F103":" ","F104":" ","F105":" ","F106":" ","F107":" ","F108":" ","F109":" ","F110":" ","F111":" ","F112":" ","F113":" ","F114":" ","F115":" ","F116":" ","F117":" ","F118":" ","F119":" ","F120":" ","F122":" ","F123":" ","F124":" ","F125":" ","F126":" ","F127":" ","Field":0}},{"type":"Feature","id":19,"geometry":{"type":"Polygon","coordinates":[[[31.907485274854004,30.128847221354473],[31.907483318716295,30.128851301206154],[31.907445963465786,30.128837766202043],[31.907447939986575,30.128833645618855],[31.907448323121077,30.128833783690059],[31.90748159788291,30.128764389993471],[31.90744826669463,30.128752313748301],[31.907427786774445,30.128795023685377],[31.907391390450414,30.128781836541926],[31.90738580310801,30.128793493246],[31.90738177908646,30.128792035385761],[31.907383255600646,30.128788954686438],[31.907381435680019,30.128788295239421],[31.90738159555557,30.128787962189101],[31.907354538303881,30.128778159015781],[31.907354378428249,30.128778492066068],[31.907349349705861,30.128776670407063],[31.907353661159696,30.128767678085243],[31.907326460236806,30.12875782267815],[31.907326300361106,30.128758155728399],[31.907320937431482,30.128756212797505],[31.907334909439324,30.128727071920249],[31.907331844318392,30.128725961935984],[31.907345162864143,30.128699124839976],[31.90734477973028,30.128698986768459],[31.907345578070359,30.128697321524239],[31.907342129808168,30.128696072566726],[31.90734380694488,30.128692575549604],[31.907416791091336,30.128719018890198],[31.907425134977672,30.128701617074935],[31.907425085006548,30.128701599379365],[31.907425044259508,30.128701682647353],[31.907403063634025,30.12869371794763],[31.907410448285571,30.128678316239267],[31.907376927643053,30.128666170925069],[31.907390974989532,30.128636874372773],[31.907389639094479,30.128636378459479],[31.907376709140955,30.128631693286916],[31.907391000882654,30.128601888107173],[31.907388415719566,30.128600950706229],[31.907390091815493,30.128597453695694],[31.907426727533682,30.1286107275868],[31.907440221949205,30.128582586737519],[31.90743639054816,30.128581198809179],[31.907438066642062,30.128577701798058],[31.907441034938508,30.128578777269254],[31.907455607706954,30.128548386529722],[31.907467963974028,30.128552862776843],[31.90748133614602,30.128524973531356],[31.90751485883591,30.128537119707524],[31.907516455507775,30.128533789217077],[31.907520478482986,30.128535247080606],[31.907511217154514,30.128554563027397],[31.907544739849708,30.128566708293611],[31.907521944425262,30.128614248361359],[31.907557526531786,30.128627140716237],[31.907582677246232,30.128574689068774],[31.90761332640389,30.128585793374054],[31.90761907350926,30.128587875258663],[31.907624542731345,30.128576469222494],[31.907628565701557,30.128577926180618],[31.907627127869596,30.128580923628892],[31.90762842097487,30.128581392774404],[31.907628261100484,30.128581725824997],[31.907654888323272,30.12859137225318],[31.907655048197604,30.128591039202533],[31.907661033737497,30.128593208739542],[31.907657121477726,30.128601367545979],[31.907683365574563,30.128610875897579],[31.907683524411198,30.12861054285408],[31.907689846236828,30.128612833645267],[31.907675474136557,30.128642806286585],[31.907678539258526,30.128643916262785],[31.907675904963718,30.128649411573601],[31.907675521821393,30.128649272601045],[31.907666739098946,30.128667589413286],[31.907667122241321,30.128667728385828],[31.907664806656481,30.128672557602268],[31.907668254921688,30.128673806551248],[31.907666577796803,30.128677303572303],[31.907593593618554,30.128650860371135],[31.907585290496488,30.128668177124563],[31.907607321101182,30.128676159489075],[31.907599935451273,30.128691562117051],[31.907633457165829,30.128703707366373],[31.907630422661715,30.128710035306394],[31.907644693623407,30.128715205504605],[31.907627727933967,30.12875058928098],[31.907613455946834,30.128745420892127],[31.907611460082336,30.128749581300575],[31.907628198051725,30.128755703243282],[31.907609250798895,30.128795451185614],[31.907571346355642,30.128781661127224],[31.90756887089692,30.128786824294551],[31.907572701261863,30.128788211323961],[31.907571025169389,30.128791708336681],[31.907569013680284,30.128790979856841],[31.907554083512693,30.128822118151469],[31.907539811494068,30.128816947048897],[31.907526796710691,30.128844089658035],[31.907492317099436,30.128831596498863],[31.90748489171115,30.128847082381427],[31.907485274854004,30.128847221354473]]]},"properties":{"FID":19,"Join_Count":1,"NUMBER":10,"Text":"E","RefName_12":"F.F.L:198.30","NO_BUILDIN":10,"exc_Buildi":1,"exc_Elevat":1,"Pit_Layer":1,"Pit_Laye_1":1,"Layer_1":1,"Layer_2":1,"Layer_3":1,"Layer_4":1,"Layer_5":1,"Layer_6":1,"Layer_7":1,"Layer_8":1,"Layer_9":0,"Layer_10":0,"Layer_11":" ","Layer_12":" ","Layer_13":" ","Layer_14":" ","Layer_15":" ","Layer_16":" ","Curb":" ","PC":" ","RC":" ","col_rc":" ","GB":" ","col_GB":" ","Block_SOG":" ","SOG":" ","Col_SOG":" ","Col_to_1st":" ","AX__1M":" ","Slab_1":" ","Col_to_2nd":" ","Slab_2":" ","Col_to_3rd":" ","Slab_3":" ","Col_to_4th":" ","Slab_4":" ","Col_to_5th":" ","Slab_5":" ","Col_to_6th":" ","Slab_6":" ","Col_to_Roo":" ","Slab_Roof":" ","Axis_COL":" ","Light_Weig":" ","Sleeves":" ","status":"Layer 9","F50":" ","F51":" ","F52":" ","F53":" ","F54":" ","F55":" ","F56":" ","F57":" ","F58":" ","F59":" ","F60":" ","F61":" ","F62":" ","F63":" ","F64":" ","F65":" ","F66":" ","F67":" ","F68":" ","F69":" ","F70":" ","F71":" ","F72":" ","F73":" ","F74":" ","F75":" ","F76":" ","F77":" ","F78":" ","F79":" ","F80":" ","F81":" ","F82":" ","F83":" ","F84":" ","F85":" ","F86":" ","F87":" ","F88":" ","F89":" ","F90":" ","F91":" ","F92":" ","F93":" ","F94":" ","F95":" ","F96":" ","F97":" ","F98":" ","F99":" ","F100":" ","F101":" ","F102":" ","F103":" ","F104":" ","F105":" ","F106":" ","F107":" ","F108":" ","F109":" ","F110":" ","F111":" ","F112":" ","F113":" ","F114":" ","F115":" ","F116":" ","F117":" ","F118":" ","F119":" ","F120":" ","F122":" ","F123":" ","F124":" ","F125":" ","F126":" ","F127":" ","Field":0}},{"type":"Feature","id":20,"geometry":{"type":"Polygon","coordinates":[[[31.906796585872549,30.128832586456209],[31.906781738883087,30.1288599058045],[31.906748900239428,30.128846420622153],[31.906747127542705,30.128849682861674],[31.906743187155957,30.128848064745693],[31.906753470243771,30.128829143205202],[31.906720631614071,30.128815658015434],[31.906745941339778,30.128769089359949],[31.906711085146497,30.128754775591513],[31.906683160760572,30.128806156560845],[31.906653137589309,30.128793826373034],[31.906647507735439,30.128791515423966],[31.906641435433869,30.128802688347335],[31.906637495050656,30.128801070228079],[31.906639091204127,30.128798133938172],[31.906637823580109,30.128797614093518],[31.906638001163824,30.128797288138149],[31.906611918390929,30.128786576961954],[31.906611741844777,30.128786902910143],[31.906605877627452,30.128784495254738],[31.906610221100863,30.128776502183495],[31.906584513316595,30.128765945368045],[31.906584336770397,30.128766271316188],[31.906578144449274,30.128763728814313],[31.906594100820243,30.128734367760849],[31.906591097882639,30.128733134654365],[31.906594023822823,30.1287277519105],[31.906594398802948,30.128727906276982],[31.906604150202469,30.128709963508271],[31.906603775230632,30.128709810043773],[31.906606346002146,30.128705079210317],[31.906602968093473,30.128703692639604],[31.906604829584349,30.128700267424232],[31.906676323048536,30.128729625994406],[31.906685542737119,30.128712662882993],[31.906663961785764,30.128703800489024],[31.906672161926014,30.128688711611318],[31.906639325437318,30.128675227287395],[31.906642693248436,30.128669028766414],[31.906628713917705,30.128663288168561],[31.906647551294448,30.128628627660511],[31.90666153164246,30.128634366445375],[31.906663747267345,30.128630290227509],[31.906647355055387,30.128623500078252],[31.906668403060003,30.128584558623505],[31.906705531457149,30.12859986429568],[31.90670827875832,30.128594806610028],[31.906704526909945,30.128593265668531],[31.906706388395307,30.128589840451788],[31.906708358064368,30.128590649514059],[31.906724935902258,30.128560146699204],[31.906738915231831,30.128565888189044],[31.906753365207518,30.12853930042316],[31.906787141190069,30.128553170619991],[31.906795385184672,30.128538001151522],[31.906795010204981,30.128537846785598],[31.906797181928923,30.128533850246999],[31.906833773368525,30.128548877252602],[31.906831579188513,30.128552914538037],[31.906831204208704,30.128552760172212],[31.906794260321231,30.128620737583756],[31.906826911405151,30.128634145573709],[31.906849648204407,30.128592307750854],[31.906885301185479,30.128606948834133],[31.906891505061875,30.128595529640005],[31.90689544752426,30.128597148639393],[31.906893807504709,30.128600166417645],[31.906895590723028,30.128600898287093],[31.906895413140511,30.1286012242428],[31.906921917747933,30.128612109250071],[31.906922095322162,30.128611782392372],[31.906927021064838,30.128613805931042],[31.906922233667824,30.128622613901637],[31.906948879928784,30.128633555655735],[31.906949057511181,30.128633229699954],[31.90695431135293,30.128635387179887],[31.906938798015243,30.128663932490831],[31.906941799908971,30.128665164694524],[31.906927063785972,30.128691436038562],[31.906927438758217,30.128691589502111],[31.906926552937083,30.128693221070439],[31.906929929812058,30.128694607639911],[31.906928068340868,30.128698033761619],[31.90685657482069,30.128668674427487],[31.906847311296918,30.128685719937643],[31.906847360255025,30.128685740346505],[31.906847404131906,30.128685658861176],[31.906868937174362,30.128694500808724],[31.906860737055688,30.128709588796145],[31.906893573584465,30.128723073063764],[31.906877977559848,30.128751771381008],[31.906879284886298,30.128752320716337],[31.906891950781706,30.128757521916338],[31.906876083279567,30.128786719124353],[31.906878616462691,30.128787759725277],[31.906876754979809,30.128791184944312],[31.906840866530359,30.12877644716351],[31.906825884842139,30.128804013699945],[31.906829637737999,30.12880555463056],[31.906827776261323,30.128808980750907],[31.906824869143254,30.128807786677992],[31.906808689311145,30.128837557017196],[31.906796585872549,30.128832586456209]]]},"properties":{"FID":20,"Join_Count":1,"NUMBER":73,"Text":"E","RefName_12":"F.F.L:198","NO_BUILDIN":73,"exc_Buildi":0,"exc_Elevat":0,"Pit_Layer":0,"Pit_Laye_1":0,"Layer_1":0,"Layer_2":0,"Layer_3":0,"Layer_4":0,"Layer_5":0,"Layer_6":0,"Layer_7":0,"Layer_8":0,"Layer_9":0,"Layer_10":0,"Layer_11":" ","Layer_12":" ","Layer_13":" ","Layer_14":" ","Layer_15":" ","Layer_16":" ","Curb":" ","PC":" ","RC":" ","col_rc":" ","GB":" ","col_GB":" ","Block_SOG":" ","SOG":" ","Col_SOG":" ","Col_to_1st":" ","AX__1M":" ","Slab_1":" ","Col_to_2nd":" ","Slab_2":" ","Col_to_3rd":" ","Slab_3":" ","Col_to_4th":" ","Slab_4":" ","Col_to_5th":" ","Slab_5":" ","Col_to_6th":" ","Slab_6":" ","Col_to_Roo":" ","Slab_Roof":" ","Axis_COL":" ","Light_Weig":" ","Sleeves":" ","status":" ","F50":" ","F51":" ","F52":" ","F53":" ","F54":" ","F55":" ","F56":" ","F57":" ","F58":" ","F59":" ","F60":" ","F61":" ","F62":" ","F63":" ","F64":" ","F65":" ","F66":" ","F67":" ","F68":" ","F69":" ","F70":" ","F71":" ","F72":" ","F73":" ","F74":" ","F75":" ","F76":" ","F77":" ","F78":" ","F79":" ","F80":" ","F81":" ","F82":" ","F83":" ","F84":" ","F85":" ","F86":" ","F87":" ","F88":" ","F89":" ","F90":" ","F91":" ","F92":" ","F93":" ","F94":" ","F95":" ","F96":" ","F97":" ","F98":" ","F99":" ","F100":" ","F101":" ","F102":" ","F103":" ","F104":" ","F105":" ","F106":" ","F107":" ","F108":" ","F109":" ","F110":" ","F111":" ","F112":" ","F113":" ","F114":" ","F115":" ","F116":" ","F117":" ","F118":" ","F119":" ","F120":" ","F122":" ","F123":" ","F124":" ","F125":" ","F126":" ","F127":" ","Field":0}},{"type":"Feature","id":21,"geometry":{"type":"Polygon","coordinates":[[[31.906311768708147,30.128905997374893],[31.906296920535603,30.128933316678129],[31.906264081929994,30.128919831373835],[31.906262309215894,30.128923093607128],[31.906258368833729,30.12892147547651],[31.906268652022266,30.128902553972136],[31.906235813430598,30.128889068660413],[31.906261123404217,30.128842500093825],[31.906226267251306,30.12882818619595],[31.90619834362948,30.128879567060029],[31.906168319455364,30.128867236767856],[31.906162690645633,30.128864925790726],[31.906156618284587,30.12887609869275],[31.906152677905936,30.128874480558881],[31.906154273037416,30.128871544281729],[31.906153006452485,30.128871024425226],[31.906153184037933,30.128870698470475],[31.906127101295262,30.128859987197405],[31.906126923709742,30.128860313152092],[31.906121059499196,30.128857905474931],[31.906125403015164,30.128849912418939],[31.906099696298316,30.128839355500872],[31.90609951871275,30.128839681455549],[31.906093326398786,30.12883713893067],[31.90610928292606,30.128807777933268],[31.906106281037783,30.128806545710439],[31.906109205968995,30.128801162984026],[31.90610958197809,30.128801316442761],[31.906119333473139,30.128783373708298],[31.906118957464091,30.128783220249563],[31.906121528260787,30.128778489425134],[31.906118151393652,30.1287771028347],[31.906120012902772,30.128773677625894],[31.906191506292394,30.128803037363586],[31.906200725025414,30.12878607338974],[31.906179144099056,30.128777210915622],[31.906187344327861,30.128762122968677],[31.906154507868958,30.128748637620827],[31.906157876750719,30.128742439104521],[31.90614389639854,30.12873669846191],[31.906162733959807,30.128702038020034],[31.906176715329241,30.128707776849652],[31.906178929938218,30.128703700646732],[31.90616253774553,30.128696910436581],[31.90618358700322,30.128657969950584],[31.906220714311203,30.128673274865839],[31.906223461639296,30.128668217189851],[31.906219709795277,30.128666676234417],[31.906221571298872,30.128663251024211],[31.906223542003278,30.128664060086649],[31.906240118965936,30.128633557337182],[31.906254099316932,30.128639298871782],[31.906268548396543,30.128612711163811],[31.906302324339979,30.128626581486095],[31.906310568415339,30.128611412046588],[31.906310193436056,30.128611257679271],[31.906312365181293,30.128607261148293],[31.906348956578515,30.128622288289819],[31.906346763414639,30.128626325560376],[31.906346387397633,30.128626171200342],[31.906309444185915,30.128694148474949],[31.906342094194386,30.128707556593326],[31.906364832253992,30.128665718843166],[31.906400485193789,30.128680360058866],[31.906406689130971,30.128668940886516],[31.906410630551157,30.128670559907718],[31.906408990515541,30.128673577680207],[31.906410773731785,30.128674309556281],[31.906410596147538,30.128674635511352],[31.906437101761892,30.128685520609931],[31.906437278308452,30.128685194661976],[31.906442204037191,30.128687217316958],[31.906437417630933,30.128696025263583],[31.906464062823392,30.128706967123794],[31.90646424040753,30.128706641168659],[31.906469494243193,30.128708798668082],[31.906453980753554,30.128737343924563],[31.906456983689669,30.128738577034206],[31.906442246380564,30.128764847431576],[31.906442622398238,30.128765001791358],[31.906441735522556,30.128766632461755],[31.906445113431253,30.128768019036595],[31.90644325194183,30.12877144515177],[31.906371758504438,30.128742085552094],[31.906362493852299,30.128759131036887],[31.906362542810328,30.128759151445916],[31.906362587725301,30.128759069953585],[31.906384119705184,30.128767911988266],[31.906375920543809,30.128782999939741],[31.906408757034576,30.128796484329314],[31.906393159819544,30.128825182598927],[31.906394468182054,30.128825731931947],[31.906407133025162,30.128830933186123],[31.906391265367567,30.128860130338403],[31.906393798547764,30.128861170948742],[31.906391937046653,30.128864596161218],[31.906356049676408,30.128849858239992],[31.906341067841439,30.128877424723811],[31.906344820732947,30.128878965668338],[31.906342959238042,30.128882391782145],[31.906340051085692,30.128881197705613],[31.906323871095076,30.128910967987974],[31.906311768708147,30.128905997374893]]]},"properties":{"FID":21,"Join_Count":1,"NUMBER":72,"Text":"E","RefName_12":"F.F.L:197.70","NO_BUILDIN":72,"exc_Buildi":0,"exc_Elevat":0,"Pit_Layer":0,"Pit_Laye_1":0,"Layer_1":0,"Layer_2":0,"Layer_3":0,"Layer_4":0,"Layer_5":0,"Layer_6":0,"Layer_7":0,"Layer_8":0,"Layer_9":0,"Layer_10":0,"Layer_11":" ","Layer_12":" ","Layer_13":" ","Layer_14":" ","Layer_15":" ","Layer_16":" ","Curb":" ","PC":" ","RC":" ","col_rc":" ","GB":" ","col_GB":" ","Block_SOG":" ","SOG":" ","Col_SOG":" ","Col_to_1st":" ","AX__1M":" ","Slab_1":" ","Col_to_2nd":" ","Slab_2":" ","Col_to_3rd":" ","Slab_3":" ","Col_to_4th":" ","Slab_4":" ","Col_to_5th":" ","Slab_5":" ","Col_to_6th":" ","Slab_6":" ","Col_to_Roo":" ","Slab_Roof":" ","Axis_COL":" ","Light_Weig":" ","Sleeves":" ","status":" ","F50":" ","F51":" ","F52":" ","F53":" ","F54":" ","F55":" ","F56":" ","F57":" ","F58":" ","F59":" ","F60":" ","F61":" ","F62":" ","F63":" ","F64":" ","F65":" ","F66":" ","F67":" ","F68":" ","F69":" ","F70":" ","F71":" ","F72":" ","F73":" ","F74":" ","F75":" ","F76":" ","F77":" ","F78":" ","F79":" ","F80":" ","F81":" ","F82":" ","F83":" ","F84":" ","F85":" ","F86":" ","F87":" ","F88":" ","F89":" ","F90":" ","F91":" ","F92":" ","F93":" ","F94":" ","F95":" ","F96":" ","F97":" ","F98":" ","F99":" ","F100":" ","F101":" ","F102":" ","F103":" ","F104":" ","F105":" ","F106":" ","F107":" ","F108":" ","F109":" ","F110":" ","F111":" ","F112":" ","F113":" ","F114":" ","F115":" ","F116":" ","F117":" ","F118":" ","F119":" ","F120":" ","F122":" ","F123":" ","F124":" ","F125":" ","F126":" ","F127":" ","Field":0}},{"type":"Feature","id":22,"geometry":{"type":"Polygon","coordinates":[[[31.905832449935819,30.128950551500068],[31.905817440164874,30.128977803310352],[31.905784683284335,30.12896417119358],[31.905782890764446,30.128967425438834],[31.905778959562117,30.128965789189934],[31.905789355347988,30.128946914753474],[31.90575659743558,30.128933281734525],[31.905782183673292,30.128886826813236],[31.905747413316575,30.128872357047314],[31.905719184229067,30.128923610927608],[31.905689234636149,30.128911147413103],[31.905683619085213,30.128908810165139],[31.905677480011704,30.12891995644453],[31.90567354881291,30.128918320192358],[31.905675162710839,30.128915391909803],[31.90567389814542,30.128914865720532],[31.905674077807802,30.128914539752088],[31.905648059412474,30.128903711578236],[31.905647879750024,30.128904037546615],[31.90564202982803,30.128901602688586],[31.905646421305182,30.128893630064145],[31.90562077686814,30.128882957162972],[31.905620598243274,30.128883283124186],[31.905614420210117,30.12888071251529],[31.905630551876008,30.128851423431826],[31.9056275571321,30.12885017761834],[31.905630514380814,30.128844808209998],[31.905630888330549,30.128844963488365],[31.905640747204689,30.128827065149878],[31.905640372209124,30.128826908976713],[31.905642971161239,30.128822190595752],[31.905639602460184,30.128820788602198],[31.905641483775835,30.128817371381718],[31.905712801501814,30.128847051910125],[31.905722122396153,30.128830129660173],[31.905700593539837,30.12882117023107],[31.9057088834276,30.128806119580446],[31.9056761276562,30.128792487427617],[31.905679533026582,30.128786304006244],[31.905665587406393,30.12878050083313],[31.905684631377145,30.128745924728122],[31.905698576985252,30.128751726997365],[31.905700816608668,30.128747660552222],[31.905684465278746,30.128740796936142],[31.905705744923559,30.128701950551829],[31.905742781342525,30.128717422202616],[31.9057455589029,30.128712376956354],[31.905741816254853,30.128710819687274],[31.905743698602588,30.128707402458254],[31.905745663160662,30.128708220590546],[31.905762421526003,30.128677793321867],[31.905776367145201,30.128683597386949],[31.905790975718503,30.128657074478856],[31.905824667901896,30.128671096140721],[31.905833002674061,30.128655963990401],[31.905832627687118,30.128655808719749],[31.905834823408735,30.128651821953468],[31.905871325969073,30.128667013108316],[31.905869107790959,30.128671040621224],[31.905868732795646,30.128670884448699],[31.905831385089261,30.128738694799445],[31.905863955440427,30.128752248812997],[31.905886941624413,30.128710514068242],[31.905922507771077,30.128725315671737],[31.905928779475939,30.128713924919101],[31.905932711708161,30.1287155611566],[31.905931053943338,30.128718570927244],[31.905932832042947,30.128719310963373],[31.905932652381757,30.128719636932143],[31.905959092619678,30.1287306398421],[31.905959272289017,30.128730314775254],[31.905964185764898,30.128732360083458],[31.905959346196919,30.128741146730945],[31.905985927066865,30.12875220819987],[31.905986105698528,30.128751883140158],[31.905991347289092,30.128754064196002],[31.905975663869469,30.128782539308801],[31.90597865861546,30.128783785114297],[31.905963765947433,30.128809988878341],[31.9059641409434,30.128810145050593],[31.905963244687779,30.128811772174398],[31.90596661443049,30.128813174152405],[31.905964732088609,30.128816591384471],[31.905893414313123,30.128786910993878],[31.905884048536826,30.128803914747596],[31.905884097494805,30.128803935156817],[31.905884142410176,30.12880385366465],[31.905905622328692,30.128812793556165],[31.905897332462349,30.128827843316625],[31.905930088274445,30.128841475413321],[31.905914321128446,30.12887010353883],[31.905915626425497,30.12887065830996],[31.905928260639904,30.128875916649505],[31.905912218881674,30.128905041881403],[31.905914745939409,30.128906094269599],[31.90591286462346,30.128909510591811],[31.905877065084624,30.128894612274433],[31.905861919566632,30.128922110377221],[31.905865663270383,30.128923668537436],[31.905863780922985,30.128927085768073],[31.905860880960695,30.128925878996011],[31.90584452373707,30.128955575574285],[31.905832449935819,30.128950551500068]]]},"properties":{"FID":22,"Join_Count":1,"NUMBER":71,"Text":"E","RefName_12":"F.F.L:197.35","NO_BUILDIN":71,"exc_Buildi":0,"exc_Elevat":0,"Pit_Layer":0,"Pit_Laye_1":0,"Layer_1":0,"Layer_2":0,"Layer_3":0,"Layer_4":0,"Layer_5":0,"Layer_6":0,"Layer_7":0,"Layer_8":0,"Layer_9":0,"Layer_10":0,"Layer_11":" ","Layer_12":" ","Layer_13":" ","Layer_14":" ","Layer_15":" ","Layer_16":" ","Curb":" ","PC":" ","RC":" ","col_rc":" ","GB":" ","col_GB":" ","Block_SOG":" ","SOG":" ","Col_SOG":" ","Col_to_1st":" ","AX__1M":" ","Slab_1":" ","Col_to_2nd":" ","Slab_2":" ","Col_to_3rd":" ","Slab_3":" ","Col_to_4th":" ","Slab_4":" ","Col_to_5th":" ","Slab_5":" ","Col_to_6th":" ","Slab_6":" ","Col_to_Roo":" ","Slab_Roof":" ","Axis_COL":" ","Light_Weig":" ","Sleeves":" ","status":" ","F50":" ","F51":" ","F52":" ","F53":" ","F54":" ","F55":" ","F56":" ","F57":" ","F58":" ","F59":" ","F60":" ","F61":" ","F62":" ","F63":" ","F64":" ","F65":" ","F66":" ","F67":" ","F68":" ","F69":" ","F70":" ","F71":" ","F72":" ","F73":" ","F74":" ","F75":" ","F76":" ","F77":" ","F78":" ","F79":" ","F80":" ","F81":" ","F82":" ","F83":" ","F84":" ","F85":" ","F86":" ","F87":" ","F88":" ","F89":" ","F90":" ","F91":" ","F92":" ","F93":" ","F94":" ","F95":" ","F96":" ","F97":" ","F98":" ","F99":" ","F100":" ","F101":" ","F102":" ","F103":" ","F104":" ","F105":" ","F106":" ","F107":" ","F108":" ","F109":" ","F110":" ","F111":" ","F112":" ","F113":" ","F114":" ","F115":" ","F116":" ","F117":" ","F118":" ","F119":" ","F120":" ","F122":" ","F123":" ","F124":" ","F125":" ","F126":" ","F127":" ","Field":0}},{"type":"Feature","id":23,"geometry":{"type":"Polygon","coordinates":[[[31.907065553707366,30.12917599550757],[31.907023479038948,30.129182583840979],[31.907023092587927,30.129180719308479],[31.907026156693846,30.129180239932111],[31.907021759193682,30.129159023895429],[31.906986016866504,30.129164620484335],[31.906979040033235,30.129132992989422],[31.906958615116476,30.129136191812918],[31.906952378691798,30.129106098068057],[31.906953379680431,30.129105941423912],[31.906947462586338,30.129075248332033],[31.906947054318149,30.129075312487267],[31.906946520259744,30.129072738174397],[31.906942843754447,30.12907331378166],[31.906942070864641,30.129069585618026],[31.907007940176815,30.129059270995437],[31.907002163997475,30.129031396675391],[31.906935272987056,30.129041870787923],[31.906934501135442,30.129038142617034],[31.906939198309583,30.129037406622075],[31.906932318171023,30.129004206220397],[31.906931296463625,30.129004366615479],[31.906925060056579,30.128974272868369],[31.90694548494961,30.128971074952638],[31.906944454774099,30.128966103764711],[31.906939325717399,30.128939319136602],[31.906975067966741,30.128933722561822],[31.906970671527446,30.128912506515032],[31.906967607429475,30.128912985889951],[31.906967222018316,30.128911121350022],[31.907009296576327,30.128904533036653],[31.907027140710252,30.128990641135484],[31.907052672079093,30.128986643042229],[31.907041928473735,30.128934800922583],[31.907046217382813,30.128934129981342],[31.907046768852403,30.128936792572471],[31.907084962782427,30.128930811922466],[31.907084779299286,30.128929923788441],[31.90711899000603,30.128924566859954],[31.907123221449385,30.128944983940595],[31.907159957652567,30.128939597844404],[31.907166396059253,30.128970667984465],[31.907190803124397,30.128966846303964],[31.907190251642522,30.128964182811576],[31.907192804879369,30.128963782728011],[31.907200458008617,30.12900071217841],[31.907127468668605,30.129011775110996],[31.907129970841208,30.129023847732228],[31.907197422402078,30.129013284861056],[31.907208695583005,30.129067427092068],[31.90716805096336,30.129073792721467],[31.907174931185946,30.129106993108714],[31.907175951856292,30.1291068327189],[31.907182483578953,30.129138346913223],[31.907125907042332,30.129147205656061],[31.907129402502886,30.129164072018181],[31.907132773327852,30.129163544518924],[31.907133158743193,30.129165409058231],[31.907091084084321,30.129171997413149],[31.907073239858232,30.12908588932715],[31.907047708464901,30.129089887424882],[31.907065553707366,30.12917599550757]]]},"properties":{"FID":23,"Join_Count":1,"NUMBER":11,"Text":"D","RefName_12":"F.F.L:198.05","NO_BUILDIN":11,"exc_Buildi":1,"exc_Elevat":1,"Pit_Layer":1,"Pit_Laye_1":1,"Layer_1":1,"Layer_2":1,"Layer_3":1,"Layer_4":1,"Layer_5":1,"Layer_6":1,"Layer_7":1,"Layer_8":1,"Layer_9":0,"Layer_10":0,"Layer_11":" ","Layer_12":" ","Layer_13":" ","Layer_14":" ","Layer_15":" ","Layer_16":" ","Curb":" ","PC":" ","RC":" ","col_rc":" ","GB":" ","col_GB":" ","Block_SOG":" ","SOG":" ","Col_SOG":" ","Col_to_1st":" ","AX__1M":" ","Slab_1":" ","Col_to_2nd":" ","Slab_2":" ","Col_to_3rd":" ","Slab_3":" ","Col_to_4th":" ","Slab_4":" ","Col_to_5th":" ","Slab_5":" ","Col_to_6th":" ","Slab_6":" ","Col_to_Roo":" ","Slab_Roof":" ","Axis_COL":" ","Light_Weig":" ","Sleeves":" ","status":"Layer 9","F50":" ","F51":" ","F52":" ","F53":" ","F54":" ","F55":" ","F56":" ","F57":" ","F58":" ","F59":" ","F60":" ","F61":" ","F62":" ","F63":" ","F64":" ","F65":" ","F66":" ","F67":" ","F68":" ","F69":" ","F70":" ","F71":" ","F72":" ","F73":" ","F74":" ","F75":" ","F76":" ","F77":" ","F78":" ","F79":" ","F80":" ","F81":" ","F82":" ","F83":" ","F84":" ","F85":" ","F86":" ","F87":" ","F88":" ","F89":" ","F90":" ","F91":" ","F92":" ","F93":" ","F94":" ","F95":" ","F96":" ","F97":" ","F98":" ","F99":" ","F100":" ","F101":" ","F102":" ","F103":" ","F104":" ","F105":" ","F106":" ","F107":" ","F108":" ","F109":" ","F110":" ","F111":" ","F112":" ","F113":" ","F114":" ","F115":" ","F116":" ","F117":" ","F118":" ","F119":" ","F120":" ","F122":" ","F123":" ","F124":" ","F125":" ","F126":" ","F127":" ","Field":0}},{"type":"Feature","id":24,"geometry":{"type":"Polygon","coordinates":[[[31.908277371735387,30.129329555186196],[31.908275703775594,30.129334393467644],[31.908240913883322,30.129325332166399],[31.908239960616601,30.12932809715716],[31.908207873821564,30.129319362644491],[31.908207754531343,30.12931970804371],[31.90820576674761,30.129319190484775],[31.908204695227354,30.129322300867344],[31.90820051994676,30.129321213909702],[31.908223215281712,30.129255373165677],[31.908202439766303,30.129249962036525],[31.908202424614178,30.129250007242657],[31.908202523437144,30.129250033620625],[31.908195687837061,30.129269863243479],[31.908177299528354,30.129265073348815],[31.908166876319363,30.129295313717051],[31.908131899213469,30.129286203166572],[31.908131469220521,30.129287409443744],[31.908127448944615,30.129299074292526],[31.908091863338385,30.129289805570668],[31.908091059695717,30.129292138356941],[31.908086884417543,30.129291051395651],[31.908098277110607,30.129258000830145],[31.908064680340985,30.129249249653935],[31.908063488496939,30.129252706343692],[31.908059314250103,30.129251618472342],[31.9080602371921,30.129248941189093],[31.908023953648382,30.12923949055055],[31.908027794998208,30.129228343803238],[31.907994498863577,30.129219671714363],[31.908004923139313,30.129189429547424],[31.908000947579055,30.12918839442321],[31.908002198032346,30.129184765041611],[31.908025258802137,30.129190771989986],[31.908035684111514,30.129160530715556],[31.908092441462433,30.129175313403536],[31.908103506624045,30.129143214034318],[31.908040884759149,30.129126903240312],[31.908050415395159,30.129099254261725],[31.90805220264464,30.129094069681749],[31.908038584639499,30.129090523179617],[31.908039835090271,30.129086893797652],[31.908043413305258,30.129087826128625],[31.908043815636962,30.129086658830026],[31.908044214024386,30.129086762516994],[31.908052493168341,30.12906274292736],[31.908052095818658,30.129062639233251],[31.908053957881329,30.129057238551514],[31.908063699149427,30.129059776307837],[31.908071860025579,30.129036101206982],[31.90807146163834,30.129035997520091],[31.908073427821201,30.129030294841169],[31.908109212006934,30.129039615417312],[31.908110165274781,30.129036850427372],[31.908116725677949,30.129038559544568],[31.908116606387715,30.129038904943702],[31.908138474043035,30.12904460079832],[31.908138593333177,30.129044255399144],[31.90814435903787,30.129045757127212],[31.90814543158665,30.129042645835902],[31.9081496058255,30.129043733704712],[31.908126910477701,30.129109573536166],[31.908147585069866,30.129114959216373],[31.908154435821928,30.129095084389451],[31.908172825135509,30.129099874280936],[31.908183249361407,30.129069633904621],[31.908190804171927,30.12907160134316],[31.908195241946729,30.129058727595126],[31.908237485662436,30.129069730885],[31.908233049976236,30.12908260552198],[31.908238017863425,30.129083898978262],[31.908243288218269,30.12906879417077],[31.908290731972389,30.129081057723994],[31.90827887979864,30.129115257959544],[31.908285043888963,30.129116862465562],[31.908286234702587,30.129113407585027],[31.908290409975255,30.129114494540119],[31.908289784235528,30.129116309235783],[31.908326960226319,30.129125991769079],[31.908322522474208,30.129138866423141],[31.908354926138546,30.129147306461462],[31.90834420477978,30.129178411243274],[31.908362692932034,30.1291832265835],[31.908362812221547,30.12918288118416],[31.908367682346576,30.129184150054297],[31.908356066341078,30.129217848038017],[31.908351146292482,30.129216566884107],[31.908351265582073,30.129216221484757],[31.908268416296888,30.12919464203231],[31.908258050700624,30.129224710624079],[31.908309042408877,30.129237992396082],[31.908297724593879,30.12927082597464],[31.90831164115199,30.129274448862528],[31.908310389679684,30.129278079155981],[31.908306711603075,30.129277121363746],[31.908306146545254,30.129278763352641],[31.908305748156817,30.129278659666504],[31.908297334607788,30.129303068973904],[31.908297731958683,30.129303172667242],[31.908296168121606,30.129307708951824],[31.908285433454552,30.129304912882027],[31.908276974384417,30.12932945149279],[31.908277371735387,30.129329555186196]]]},"properties":{"FID":24,"Join_Count":1,"NUMBER":14,"Text":"E","RefName_12":"F.F.L:198.75","NO_BUILDIN":14,"exc_Buildi":1,"exc_Elevat":1,"Pit_Layer":1,"Pit_Laye_1":1,"Layer_1":1,"Layer_2":1,"Layer_3":0,"Layer_4":0,"Layer_5":0,"Layer_6":0,"Layer_7":0,"Layer_8":0,"Layer_9":0,"Layer_10":0,"Layer_11":" ","Layer_12":" ","Layer_13":" ","Layer_14":" ","Layer_15":" ","Layer_16":" ","Curb":" ","PC":" ","RC":" ","col_rc":" ","GB":" ","col_GB":" ","Block_SOG":" ","SOG":" ","Col_SOG":" ","Col_to_1st":" ","AX__1M":" ","Slab_1":" ","Col_to_2nd":" ","Slab_2":" ","Col_to_3rd":" ","Slab_3":" ","Col_to_4th":" ","Slab_4":" ","Col_to_5th":" ","Slab_5":" ","Col_to_6th":" ","Slab_6":" ","Col_to_Roo":" ","Slab_Roof":" ","Axis_COL":" ","Light_Weig":" ","Sleeves":" ","status":"Layer 2","F50":" ","F51":" ","F52":" ","F53":" ","F54":" ","F55":" ","F56":" ","F57":" ","F58":" ","F59":" ","F60":" ","F61":" ","F62":" ","F63":" ","F64":" ","F65":" ","F66":" ","F67":" ","F68":" ","F69":" ","F70":" ","F71":" ","F72":" ","F73":" ","F74":" ","F75":" ","F76":" ","F77":" ","F78":" ","F79":" ","F80":" ","F81":" ","F82":" ","F83":" ","F84":" ","F85":" ","F86":" ","F87":" ","F88":" ","F89":" ","F90":" ","F91":" ","F92":" ","F93":" ","F94":" ","F95":" ","F96":" ","F97":" ","F98":" ","F99":" ","F100":" ","F101":" ","F102":" ","F103":" ","F104":" ","F105":" ","F106":" ","F107":" ","F108":" ","F109":" ","F110":" ","F111":" ","F112":" ","F113":" ","F114":" ","F115":" ","F116":" ","F117":" ","F118":" ","F119":" ","F120":" ","F122":" ","F123":" ","F124":" ","F125":" ","F126":" ","F127":" ","Field":0}},{"type":"Feature","id":25,"geometry":{"type":"Polygon","coordinates":[[[31.905860553930832,30.129404924422968],[31.905857438332422,30.129410226373306],[31.905824172787153,30.129395452198537],[31.905822661467507,30.129398022572378],[31.905816563082304,30.129395314316398],[31.90581675212492,30.129394992793284],[31.905796423133513,30.12938596467707],[31.90579623409084,30.129386286200187],[31.905790874428682,30.129383905700475],[31.905789175103273,30.129386797589877],[31.905785293930343,30.129385073499897],[31.905821268023526,30.129323866462801],[31.905802048696998,30.129315331325426],[31.905791188504519,30.129333807560084],[31.905774093651313,30.129326214829863],[31.905757570381336,30.12935432677439],[31.905750547814566,30.129351208146929],[31.905743513413601,30.12936317603312],[31.905704242257745,30.129345735323664],[31.905711274578799,30.129333766551781],[31.905706656763567,30.129331714687059],[31.905698340944436,30.129345747125107],[31.90565421641238,30.129326252550364],[31.905672965298617,30.129294468456994],[31.90566723473167,30.129291924534645],[31.905665347390602,30.129295137036316],[31.905661466223336,30.129293412942534],[31.905662457416138,30.129291726534706],[31.905627897879146,30.129276378514913],[31.90563493228013,30.12926440973262],[31.905604808214576,30.129251030941617],[31.905621803604625,30.129222115662795],[31.9056046160552,30.129214482055325],[31.905604427012214,30.129214803578137],[31.905599899857481,30.129212792578187],[31.905618312541449,30.129181465431223],[31.905622886577955,30.1291834968542],[31.905622697535073,30.12918381837704],[31.905699716409647,30.12921802298785],[31.905716145659756,30.129190070455106],[31.905668743424126,30.129169019018462],[31.905686682948971,30.129138495222168],[31.905673745431844,30.129132751854279],[31.905675728826882,30.129129376325348],[31.905679148414897,30.129130895230858],[31.90568004456161,30.129129369136951],[31.905680414435999,30.129129532561503],[31.905693751574923,30.129106841224448],[31.905693381700591,30.129106677799921],[31.905695860697897,30.129102459968657],[31.905705840222232,30.129106892323581],[31.905719247855167,30.129084080528376],[31.905718879010312,30.129083916194809],[31.905721522523468,30.129079418502414],[31.905753863763337,30.129093782337989],[31.905755375072129,30.129091211062914],[31.905785125647334,30.129104829627636],[31.905785314689524,30.129104508104554],[31.905787162019472,30.129105328848024],[31.90578886134033,30.129102436958629],[31.905792742502125,30.129104161048808],[31.905756768458886,30.12916536717686],[31.905776081534476,30.129173944972834],[31.9057761060511,30.129173902408521],[31.905776013323027,30.129173861554207],[31.905786848976799,30.129155426983022],[31.905803942755295,30.129163018817543],[31.905820465981588,30.129134906867282],[31.905852981254473,30.129149347954968],[31.905853653850322,30.129148228411641],[31.905860027090963,30.129137385396263],[31.905893108126932,30.129152076946678],[31.905894382354369,30.129149907804937],[31.905898263511556,30.129151630989949],[31.905880205510968,30.129182355881206],[31.90591143819465,30.129196226691583],[31.905913326555275,30.129193013277394],[31.905917207722727,30.129194737363758],[31.905915744436886,30.129197226225017],[31.905949474622908,30.129212206445697],[31.905943384443937,30.129222568536786],[31.905974337910116,30.129236314972413],[31.905957814728296,30.129264428745003],[31.905961510434597,30.129266070219682],[31.905959528059732,30.129269443039632],[31.905938089439658,30.129259922869764],[31.905921566235449,30.12928803573601],[31.905868802169952,30.129264602991373],[31.905851263230758,30.129294443920852],[31.905909478660146,30.129320298028631],[31.905894371711156,30.129346000830974],[31.905891538127452,30.129350820958962],[31.905904198546335,30.129356442636663],[31.905902215138376,30.129359816364879],[31.90589888931331,30.129358339214498],[31.905898251675442,30.129359423337966],[31.905897881791613,30.129359259012084],[31.905884757213624,30.12938158899426],[31.905885127097516,30.129381753320192],[31.905882176002198,30.129386773606306],[31.90587312062862,30.12938275163318],[31.905860185092763,30.12940476099179],[31.905860553930832,30.129404924422968]]]},"properties":{"FID":25,"Join_Count":1,"NUMBER":70,"Text":"E","RefName_12":"F.F.L:197.10","NO_BUILDIN":70,"exc_Buildi":0,"exc_Elevat":0,"Pit_Layer":0,"Pit_Laye_1":0,"Layer_1":0,"Layer_2":0,"Layer_3":0,"Layer_4":0,"Layer_5":0,"Layer_6":0,"Layer_7":0,"Layer_8":0,"Layer_9":0,"Layer_10":0,"Layer_11":" ","Layer_12":" ","Layer_13":" ","Layer_14":" ","Layer_15":" ","Layer_16":" ","Curb":" ","PC":" ","RC":" ","col_rc":" ","GB":" ","col_GB":" ","Block_SOG":" ","SOG":" ","Col_SOG":" ","Col_to_1st":" ","AX__1M":" ","Slab_1":" ","Col_to_2nd":" ","Slab_2":" ","Col_to_3rd":" ","Slab_3":" ","Col_to_4th":" ","Slab_4":" ","Col_to_5th":" ","Slab_5":" ","Col_to_6th":" ","Slab_6":" ","Col_to_Roo":" ","Slab_Roof":" ","Axis_COL":" ","Light_Weig":" ","Sleeves":" ","status":" ","F50":" ","F51":" ","F52":" ","F53":" ","F54":" ","F55":" ","F56":" ","F57":" ","F58":" ","F59":" ","F60":" ","F61":" ","F62":" ","F63":" ","F64":" ","F65":" ","F66":" ","F67":" ","F68":" ","F69":" ","F70":" ","F71":" ","F72":" ","F73":" ","F74":" ","F75":" ","F76":" ","F77":" ","F78":" ","F79":" ","F80":" ","F81":" ","F82":" ","F83":" ","F84":" ","F85":" ","F86":" ","F87":" ","F88":" ","F89":" ","F90":" ","F91":" ","F92":" ","F93":" ","F94":" ","F95":" ","F96":" ","F97":" ","F98":" ","F99":" ","F100":" ","F101":" ","F102":" ","F103":" ","F104":" ","F105":" ","F106":" ","F107":" ","F108":" ","F109":" ","F110":" ","F111":" ","F112":" ","F113":" ","F114":" ","F115":" ","F116":" ","F117":" ","F118":" ","F119":" ","F120":" ","F122":" ","F123":" ","F124":" ","F125":" ","F126":" ","F127":" ","Field":0}},{"type":"Feature","id":26,"geometry":{"type":"Polygon","coordinates":[[[31.9078793130852,30.129513798101716],[31.907878304252915,30.129518772541694],[31.907842537349399,30.129513289015495],[31.907841961466865,30.129516131677256],[31.907808923171952,30.129510700554487],[31.907808850664605,30.129511055552513],[31.907806807672142,30.129510742227392],[31.907806159281243,30.12951393988704],[31.907801866509121,30.129513282191926],[31.907815600256484,30.129445594721687],[31.90779424238206,30.129442319946349],[31.90779423242617,30.129442366018555],[31.907794335309067,30.129442382446495],[31.907790198577779,30.129462767999964],[31.90777129416098,30.129459869559362],[31.907764985799144,30.12949095824786],[31.907729027705184,30.129485445342006],[31.907728763029187,30.129486687459298],[31.90772632921944,30.12949867869791],[31.907689745550485,30.129493069976714],[31.907689258995141,30.129495468222878],[31.907684967262117,30.129494810516732],[31.907691861491895,30.129460833098175],[31.907657320829532,30.129455537694522],[31.907656599926231,30.129459090351542],[31.907652308194994,30.129458432644299],[31.907652867258964,30.129455679400248],[31.907615564508156,30.129449960164312],[31.907617890091267,30.129438501871753],[31.907583659101643,30.129433253019599],[31.907589967509114,30.129402163436495],[31.907585879454619,30.129401536793541],[31.907586637120581,30.129397805281336],[31.907610344525853,30.129401440913725],[31.907616652914921,30.129370350427418],[31.907675003813953,30.129379296087372],[31.907681699432551,30.129346296035425],[31.907617320386699,30.129336425933989],[31.907623087583833,30.129308001070914],[31.907624168926773,30.129302670732589],[31.907610169381744,30.129300524965455],[31.907610926008484,30.129296793460231],[31.907614604636109,30.129297357983759],[31.907614847910153,30.129296158409783],[31.907615257341043,30.129296221430476],[31.907620267902342,30.129271527170673],[31.907619858471524,30.129271464149994],[31.907620985525977,30.129265912498965],[31.907630999899808,30.129267448051433],[31.907635938985742,30.129243108781857],[31.907635529555044,30.129243045761182],[31.907636719143678,30.129237183380326],[31.90767350742653,30.12924282317783],[31.907674084358426,30.129239981411445],[31.907680828497522,30.129241015466004],[31.907680757027521,30.129241370456807],[31.907703238181284,30.129244816997371],[31.907703310688841,30.129244461999352],[31.907709238050554,30.129245370899195],[31.90770988643483,30.129242172337879],[31.907714178165246,30.129242830945433],[31.907700444372693,30.129310518407973],[31.907721699333177,30.129313776771305],[31.907725844991496,30.129293345154302],[31.907744750412913,30.129296243595036],[31.907751058770405,30.129265154906751],[31.907758825439071,30.129266345162147],[31.90776151040922,30.129253110094545],[31.907804939971182,30.129259768378926],[31.907802257090211,30.129273004334941],[31.907807364554941,30.129273787197189],[31.907810578474372,30.129258251910365],[31.907859340170369,30.129265636463078],[31.907852143494509,30.129300803049176],[31.907858480283586,30.129301774060178],[31.907859201178635,30.129298221402131],[31.907863492904099,30.129298879102748],[31.907863114591375,30.129300744405008],[31.907901333838506,30.129306604270969],[31.907898647848217,30.129319839348131],[31.907931962272443,30.129324947419576],[31.907925473232723,30.12935692495984],[31.907944480508323,30.129359838904449],[31.907944553015088,30.129359483906345],[31.90794956072358,30.129360251215619],[31.907942530517829,30.129394895283319],[31.90793747291853,30.129394119298183],[31.9079375443877,30.129393764307231],[31.907852370650613,30.129380705878649],[31.907846098065789,30.129411618428289],[31.907898520603943,30.129419656003666],[31.907891671104753,30.129453410322224],[31.90790597826313,30.129455602643482],[31.907905221654737,30.129459335052072],[31.907901440144954,30.129458755010994],[31.907901097571219,30.129460443268847],[31.907900689177108,30.129460380241881],[31.907895597244199,30.129485474671636],[31.90789600563016,30.129485536796629],[31.907895059333619,30.12949020050694],[31.907884023441671,30.129488508764194],[31.907878904699146,30.129513735976673],[31.9078793130852,30.129513798101716]]]},"properties":{"FID":26,"Join_Count":1,"NUMBER":13,"Text":"E","RefName_12":"F.F.L:198.30","NO_BUILDIN":13,"exc_Buildi":1,"exc_Elevat":1,"Pit_Layer":1,"Pit_Laye_1":1,"Layer_1":1,"Layer_2":1,"Layer_3":1,"Layer_4":1,"Layer_5":1,"Layer_6":1,"Layer_7":1,"Layer_8":0,"Layer_9":0,"Layer_10":0,"Layer_11":" ","Layer_12":" ","Layer_13":" ","Layer_14":" ","Layer_15":" ","Layer_16":" ","Curb":" ","PC":" ","RC":" ","col_rc":" ","GB":" ","col_GB":" ","Block_SOG":" ","SOG":" ","Col_SOG":" ","Col_to_1st":" ","AX__1M":" ","Slab_1":" ","Col_to_2nd":" ","Slab_2":" ","Col_to_3rd":" ","Slab_3":" ","Col_to_4th":" ","Slab_4":" ","Col_to_5th":" ","Slab_5":" ","Col_to_6th":" ","Slab_6":" ","Col_to_Roo":" ","Slab_Roof":" ","Axis_COL":" ","Light_Weig":" ","Sleeves":" ","status":"Layer 8","F50":" ","F51":" ","F52":" ","F53":" ","F54":" ","F55":" ","F56":" ","F57":" ","F58":" ","F59":" ","F60":" ","F61":" ","F62":" ","F63":" ","F64":" ","F65":" ","F66":" ","F67":" ","F68":" ","F69":" ","F70":" ","F71":" ","F72":" ","F73":" ","F74":" ","F75":" ","F76":" ","F77":" ","F78":" ","F79":" ","F80":" ","F81":" ","F82":" ","F83":" ","F84":" ","F85":" ","F86":" ","F87":" ","F88":" ","F89":" ","F90":" ","F91":" ","F92":" ","F93":" ","F94":" ","F95":" ","F96":" ","F97":" ","F98":" ","F99":" ","F100":" ","F101":" ","F102":" ","F103":" ","F104":" ","F105":" ","F106":" ","F107":" ","F108":" ","F109":" ","F110":" ","F111":" ","F112":" ","F113":" ","F114":" ","F115":" ","F116":" ","F117":" ","F118":" ","F119":" ","F120":" ","F122":" ","F123":" ","F124":" ","F125":" ","F126":" ","F127":" ","Field":0}},{"type":"Feature","id":27,"geometry":{"type":"Polygon","coordinates":[[[31.907397225917979,30.129553382557891],[31.907396565090846,30.129558400595293],[31.907360482378635,30.129554808867905],[31.907360104910289,30.129557676316747],[31.907326749487972,30.129553992687239],[31.907326701915206,30.129554351121019],[31.90732464019689,30.12955414616108],[31.907324215154738,30.129557372043621],[31.907319885021575,30.129556940999819],[31.907328881699655,30.1294886548582],[31.907307333874389,30.129486509752713],[31.90730732807706,30.129486556698215],[31.907307430902261,30.129486566812723],[31.907304721532867,30.12950713372868],[31.907285649843232,30.129505234918526],[31.907281517827098,30.12953659811318],[31.907245241935581,30.129532986940827],[31.907245063484631,30.129534240188402],[31.907243470096041,30.129546338371085],[31.907206562698875,30.129542663895084],[31.907206244435297,30.129545083528679],[31.907201914303087,30.129544652480984],[31.90720642961476,30.12951037489432],[31.907171583957425,30.129506906271985],[31.907171112374744,30.129510490580731],[31.907166782244168,30.129510059531821],[31.907167148090227,30.129507282366522],[31.907129516774674,30.129503536192853],[31.907131039339394,30.129491976109211],[31.90709650527911,30.129488537789236],[31.907100638373464,30.12945717278787],[31.907096513903994,30.12945676286791],[31.907097009790672,30.129452998887921],[31.907120927796392,30.129455379335383],[31.907125059844272,30.129424014340493],[31.90718392630524,30.129429874428507],[31.907188312610586,30.129396582747628],[31.907123363842349,30.129390116984318],[31.907127141684818,30.12936144067519],[31.907127850098018,30.129356064204998],[31.907113726559878,30.129354658002196],[31.907114222445475,30.12935089402211],[31.907117933535137,30.129351263497295],[31.90711809266778,30.129350053680565],[31.907118505013813,30.12935009503402],[31.907121788000694,30.129325181795821],[31.907121375663007,30.129325141344349],[31.907122113153957,30.129319540068337],[31.907132216085937,30.129320546458857],[31.90713545149524,30.12929599165405],[31.907135039149409,30.129295950300644],[31.907135818398906,30.12929003573236],[31.907172931349702,30.129293730459601],[31.907173309860308,30.129290863003902],[31.907180114039722,30.129291540368463],[31.907180066466513,30.129291898802212],[31.907202747413834,30.129294156979753],[31.907202793949331,30.129293798553153],[31.907208773437418,30.129294393209808],[31.907209198482462,30.129291167327459],[31.907213528603599,30.129291598375186],[31.907204531860089,30.129359884512187],[31.907225974755669,30.129362019534945],[31.907228690973277,30.12934140566724],[31.90724776366811,30.129343304479239],[31.907251895688574,30.129311941284676],[31.907259730211738,30.129312721580224],[31.907261489577625,30.129299368431436],[31.907305302853917,30.129303730373604],[31.907303546598552,30.129317082599417],[31.907308698300167,30.129317596371184],[31.907310825570669,30.129301919762312],[31.907360011979208,30.129306725374896],[31.907355277349449,30.129342205983281],[31.907361670224919,30.129342841978453],[31.907362141808296,30.129339258571065],[31.907366471932068,30.12933968961369],[31.907366223471151,30.129341571156694],[31.907404781203592,30.129345409188424],[31.907403021856382,30.129358762338647],[31.90743663043763,30.129362107745187],[31.907432380066179,30.129394367476127],[31.907451555599433,30.129396276372617],[31.907451602134067,30.129395917945963],[31.90745665412819,30.129396421575919],[31.907452049584752,30.129431371797946],[31.907446946695099,30.129430863107061],[31.907446993237993,30.129430505582384],[31.907361066837865,30.129421951350139],[31.907356958128247,30.129453136686653],[31.907409843034863,30.129458401135413],[31.907405356880822,30.129492454823929],[31.907419790984608,30.129493890421806],[31.907419294080672,30.12949765531188],[31.907415480159411,30.129497275730941],[31.907415256008267,30.129498978504486],[31.907414843661503,30.129498937151979],[31.907411508395271,30.129524253963655],[31.907411920733885,30.129524294414193],[31.907411300628709,30.129528999166627],[31.907400166299563,30.129527890773264],[31.907396813571005,30.129553341205323],[31.907397225917979,30.129553382557891]]]},"properties":{"FID":27,"Join_Count":1,"NUMBER":12,"Text":"E","RefName_12":"F.F.L:198.10","NO_BUILDIN":12,"exc_Buildi":1,"exc_Elevat":1,"Pit_Layer":1,"Pit_Laye_1":1,"Layer_1":1,"Layer_2":1,"Layer_3":0,"Layer_4":0,"Layer_5":0,"Layer_6":0,"Layer_7":0,"Layer_8":0,"Layer_9":0,"Layer_10":0,"Layer_11":" ","Layer_12":" ","Layer_13":" ","Layer_14":" ","Layer_15":" ","Layer_16":" ","Curb":" ","PC":" ","RC":" ","col_rc":" ","GB":" ","col_GB":" ","Block_SOG":" ","SOG":" ","Col_SOG":" ","Col_to_1st":" ","AX__1M":" ","Slab_1":" ","Col_to_2nd":" ","Slab_2":" ","Col_to_3rd":" ","Slab_3":" ","Col_to_4th":" ","Slab_4":" ","Col_to_5th":" ","Slab_5":" ","Col_to_6th":" ","Slab_6":" ","Col_to_Roo":" ","Slab_Roof":" ","Axis_COL":" ","Light_Weig":" ","Sleeves":" ","status":"Layer 3","F50":" ","F51":" ","F52":" ","F53":" ","F54":" ","F55":" ","F56":" ","F57":" ","F58":" ","F59":" ","F60":" ","F61":" ","F62":" ","F63":" ","F64":" ","F65":" ","F66":" ","F67":" ","F68":" ","F69":" ","F70":" ","F71":" ","F72":" ","F73":" ","F74":" ","F75":" ","F76":" ","F77":" ","F78":" ","F79":" ","F80":" ","F81":" ","F82":" ","F83":" ","F84":" ","F85":" ","F86":" ","F87":" ","F88":" ","F89":" ","F90":" ","F91":" ","F92":" ","F93":" ","F94":" ","F95":" ","F96":" ","F97":" ","F98":" ","F99":" ","F100":" ","F101":" ","F102":" ","F103":" ","F104":" ","F105":" ","F106":" ","F107":" ","F108":" ","F109":" ","F110":" ","F111":" ","F112":" ","F113":" ","F114":" ","F115":" ","F116":" ","F117":" ","F118":" ","F119":" ","F120":" ","F122":" ","F123":" ","F124":" ","F125":" ","F126":" ","F127":" ","Field":0}},{"type":"Feature","id":28,"geometry":{"type":"Polygon","coordinates":[[[31.906297943026086,30.129562281677867],[31.906294851402908,30.129567593395208],[31.906261518303197,30.129552934356706],[31.906260018456155,30.129555510068492],[31.906253907787388,30.129552822664525],[31.906254094753582,30.129552501155136],[31.906233724819693,30.129543542846388],[31.90623353785346,30.129543864355753],[31.906228166931466,30.12954150289448],[31.906226481155095,30.129544400108109],[31.906222591791018,30.12954268961817],[31.906258287479968,30.129481359905295],[31.906239028211356,30.129472890054501],[31.906228253516964,30.129491403619724],[31.906211123867852,30.129483870721206],[31.906194728846415,30.129512038662327],[31.906187691950496,30.129508944512242],[31.906180711771761,30.129520936401956],[31.906141361815589,30.129503631673174],[31.906148338868608,30.129491638002989],[31.906143711854913,30.129489603355879],[31.906135459636904,30.129503663344998],[31.90609124709739,30.129484321067356],[31.906109851045965,30.129452472966978],[31.906104109226131,30.129449948986252],[31.906102235435199,30.129453166812734],[31.906098347122654,30.129451457213801],[31.906099329975397,30.129449767252183],[31.906064700836783,30.129434537995056],[31.906071681015696,30.129422545209227],[31.906041495533366,30.129409270676913],[31.906058359534835,30.129380296715471],[31.906041137189046,30.129372722939934],[31.906040950222479,30.129373044449057],[31.906036412823706,30.129371049771549],[31.906054682655505,30.129339659506336],[31.906059265898513,30.129341674613858],[31.906059078940295,30.129341997024955],[31.906136253392361,30.129375936008138],[31.906152554394918,30.129347927479124],[31.906105055929721,30.129327038329436],[31.906122856780513,30.12929645409379],[31.906109892634888,30.129290754250579],[31.906111861433384,30.12928737250175],[31.906115287152105,30.129288879627058],[31.906116177034672,30.129287349965345],[31.906116547947967,30.129287513381474],[31.906129780814489,30.129264775815127],[31.906129410947095,30.129264613293813],[31.906131870140232,30.129260387472897],[31.906141870139223,30.129264785375835],[31.906155173499354,30.129241927351092],[31.906154803623792,30.129241763927922],[31.906157426285922,30.129237257350542],[31.906189834063941,30.129251508766494],[31.906191331833149,30.129248933069785],[31.90622114487099,30.129262448271941],[31.906221332874402,30.129262126755417],[31.906223184303684,30.129262941150177],[31.906224870067366,30.129260043034616],[31.90622875942028,30.129261753524752],[31.906193064834053,30.129323084125204],[31.906212416797878,30.129331594837574],[31.906212441314363,30.129331552273189],[31.906212348585957,30.129331511419235],[31.906223098750328,30.129313040419571],[31.906240228370471,30.129320573317276],[31.906256622302791,30.129292404475777],[31.906289204106034,30.129306732241151],[31.906289871493275,30.129305610927517],[31.906296194682913,30.129294745686156],[31.906329342242863,30.129309323010325],[31.906330607090887,30.129307150321075],[31.906334495401531,30.129308859913181],[31.906316578159526,30.129339646131633],[31.906347874305521,30.129353409057302],[31.906349748078352,30.1293501903255],[31.906353636391021,30.129351899916998],[31.906352184585689,30.12935439501797],[31.906385983348482,30.12936925828987],[31.906379940089561,30.129379640823586],[31.906410955995778,30.129393281186452],[31.906394561062505,30.129421450955387],[31.906398264967475,30.129423079732604],[31.906396297197471,30.129426459674434],[31.906374815589022,30.129417012937949],[31.906358420649845,30.129445183604499],[31.906305550133165,30.129421932178374],[31.906288147790889,30.129451833560147],[31.906346480923446,30.129477486408678],[31.906331490767577,30.129503241673795],[31.906328680111457,30.129508070673072],[31.906341365090753,30.129513649743121],[31.906339397317062,30.129517029684116],[31.906336064323984,30.129515564320791],[31.906335431902875,30.129516651116433],[31.906335062026013,30.129516487693788],[31.906322039636343,30.129538863016911],[31.906322409505044,30.1295390255376],[31.906319481346308,30.129544055597346],[31.906310407551878,30.129540065352945],[31.906297572111459,30.129562118262292],[31.906297943026086,30.129562281677867]]]},"properties":{"FID":28,"Join_Count":1,"NUMBER":69,"Text":"E","RefName_12":"F.F.L:196.65","NO_BUILDIN":69,"exc_Buildi":0,"exc_Elevat":0,"Pit_Layer":0,"Pit_Laye_1":0,"Layer_1":0,"Layer_2":0,"Layer_3":0,"Layer_4":0,"Layer_5":0,"Layer_6":0,"Layer_7":0,"Layer_8":0,"Layer_9":0,"Layer_10":0,"Layer_11":" ","Layer_12":" ","Layer_13":" ","Layer_14":" ","Layer_15":" ","Layer_16":" ","Curb":" ","PC":" ","RC":" ","col_rc":" ","GB":" ","col_GB":" ","Block_SOG":" ","SOG":" ","Col_SOG":" ","Col_to_1st":" ","AX__1M":" ","Slab_1":" ","Col_to_2nd":" ","Slab_2":" ","Col_to_3rd":" ","Slab_3":" ","Col_to_4th":" ","Slab_4":" ","Col_to_5th":" ","Slab_5":" ","Col_to_6th":" ","Slab_6":" ","Col_to_Roo":" ","Slab_Roof":" ","Axis_COL":" ","Light_Weig":" ","Sleeves":" ","status":" ","F50":" ","F51":" ","F52":" ","F53":" ","F54":" ","F55":" ","F56":" ","F57":" ","F58":" ","F59":" ","F60":" ","F61":" ","F62":" ","F63":" ","F64":" ","F65":" ","F66":" ","F67":" ","F68":" ","F69":" ","F70":" ","F71":" ","F72":" ","F73":" ","F74":" ","F75":" ","F76":" ","F77":" ","F78":" ","F79":" ","F80":" ","F81":" ","F82":" ","F83":" ","F84":" ","F85":" ","F86":" ","F87":" ","F88":" ","F89":" ","F90":" ","F91":" ","F92":" ","F93":" ","F94":" ","F95":" ","F96":" ","F97":" ","F98":" ","F99":" ","F100":" ","F101":" ","F102":" ","F103":" ","F104":" ","F105":" ","F106":" ","F107":" ","F108":" ","F109":" ","F110":" ","F111":" ","F112":" ","F113":" ","F114":" ","F115":" ","F116":" ","F117":" ","F118":" ","F119":" ","F120":" ","F122":" ","F123":" ","F124":" ","F125":" ","F126":" ","F127":" ","Field":0}},{"type":"Feature","id":29,"geometry":{"type":"Polygon","coordinates":[[[31.906684229331738,30.129579250071885],[31.906683045992501,30.129581257130848],[31.906644630554322,30.129564141848014],[31.906678794107343,30.12950699267228],[31.906666235562895,30.129501397428392],[31.906634973077509,30.129554416043995],[31.906578620023435,30.129529359438902],[31.906597457430813,30.129497411340161],[31.906562921194986,30.129482024622],[31.906562448062974,30.12948282708296],[31.90652966542206,30.129468221143455],[31.906555886983661,30.129423751571416],[31.906538341724048,30.129415934737334],[31.906536779257216,30.129418583948418],[31.906534840199772,30.129417719648973],[31.906554340818889,30.129384648465898],[31.906643914489546,30.129424556039321],[31.906655746865283,30.129404489067479],[31.906566173200186,30.129364580599766],[31.906585673798755,30.129331509412221],[31.906587612846682,30.129332372808971],[31.90658619242388,30.129334781101218],[31.906608262826836,30.129344614320182],[31.906624828559153,30.129316520019501],[31.906657984621976,30.129330886126496],[31.906667451340571,30.129314832361999],[31.906698755439045,30.129328780064519],[31.90669829149936,30.129329566226033],[31.906729951681314,30.129344097783122],[31.906730140729078,30.129343777160749],[31.906732818519217,30.129344970111468],[31.906734523020752,30.129342079978553],[31.906738401135978,30.129343808571512],[31.906707872446592,30.129395582754626],[31.906736868669633,30.129408501819661],[31.906767870469036,30.129355924266488],[31.906771748577125,30.129357651956489],[31.906769571984302,30.129361344544368],[31.906804108216424,30.129376732110607],[31.906804581345959,30.129375929648837],[31.906835886511747,30.129389876408613],[31.906826420851541,30.129405930177505],[31.906831592017667,30.129408234360675],[31.906859197856274,30.129420939288444],[31.906842632174509,30.129449033617259],[31.906864702627452,30.129458866791882],[31.90686612200745,30.12945645850391],[31.906868061068405,30.129457322798373],[31.906848561579157,30.129490394018681],[31.906758987761563,30.129450485686224],[31.906747154372329,30.129470553576024],[31.906801083291796,30.129494580480852],[31.906799095745033,30.129497952446702],[31.906796325212934,30.129496717741933],[31.906778623171125,30.129526739420065],[31.906779547371034,30.129527150683018],[31.906763691864384,30.129554041306111],[31.906742452870688,30.129544578524506],[31.906725091125526,30.129573231274346],[31.906692771054395,30.129558831455938],[31.906681458798694,30.129578015364739],[31.906684229331738,30.129579250071885]]]},"properties":{"FID":29,"Join_Count":1,"NUMBER":68,"Text":"D","RefName_12":"F.F.L:196.85","NO_BUILDIN":68,"exc_Buildi":0,"exc_Elevat":0,"Pit_Layer":0,"Pit_Laye_1":0,"Layer_1":0,"Layer_2":0,"Layer_3":0,"Layer_4":0,"Layer_5":0,"Layer_6":0,"Layer_7":0,"Layer_8":0,"Layer_9":0,"Layer_10":0,"Layer_11":" ","Layer_12":" ","Layer_13":" ","Layer_14":" ","Layer_15":" ","Layer_16":" ","Curb":" ","PC":" ","RC":" ","col_rc":" ","GB":" ","col_GB":" ","Block_SOG":" ","SOG":" ","Col_SOG":" ","Col_to_1st":" ","AX__1M":" ","Slab_1":" ","Col_to_2nd":" ","Slab_2":" ","Col_to_3rd":" ","Slab_3":" ","Col_to_4th":" ","Slab_4":" ","Col_to_5th":" ","Slab_5":" ","Col_to_6th":" ","Slab_6":" ","Col_to_Roo":" ","Slab_Roof":" ","Axis_COL":" ","Light_Weig":" ","Sleeves":" ","status":" ","F50":" ","F51":" ","F52":" ","F53":" ","F54":" ","F55":" ","F56":" ","F57":" ","F58":" ","F59":" ","F60":" ","F61":" ","F62":" ","F63":" ","F64":" ","F65":" ","F66":" ","F67":" ","F68":" ","F69":" ","F70":" ","F71":" ","F72":" ","F73":" ","F74":" ","F75":" ","F76":" ","F77":" ","F78":" ","F79":" ","F80":" ","F81":" ","F82":" ","F83":" ","F84":" ","F85":" ","F86":" ","F87":" ","F88":" ","F89":" ","F90":" ","F91":" ","F92":" ","F93":" ","F94":" ","F95":" ","F96":" ","F97":" ","F98":" ","F99":" ","F100":" ","F101":" ","F102":" ","F103":" ","F104":" ","F105":" ","F106":" ","F107":" ","F108":" ","F109":" ","F110":" ","F111":" ","F112":" ","F113":" ","F114":" ","F115":" ","F116":" ","F117":" ","F118":" ","F119":" ","F120":" ","F122":" ","F123":" ","F124":" ","F125":" ","F126":" ","F127":" ","Field":0}},{"type":"Feature","id":30,"geometry":{"type":"Polygon","coordinates":[[[31.908354521849596,30.129863338580702],[31.90835364953562,30.129867693288769],[31.908313779492619,30.12986165463904],[31.908314661780519,30.129857255662916],[31.908315070168243,30.129857317786573],[31.908329916842082,30.129783252453567],[31.908294342667741,30.129777864237401],[31.908285204381006,30.129823449159638],[31.90824635791412,30.129817564878447],[31.908243866009723,30.129830005736974],[31.908239571212068,30.129829355286653],[31.908240230179885,30.1298260673492],[31.908238288012559,30.129825773178787],[31.908238358443274,30.129825418194891],[31.90820947948259,30.129821043572186],[31.90820940802238,30.129821399465214],[31.908204041856592,30.129820585933725],[31.908205965172264,30.129810989492636],[31.908176932423231,30.129806591570624],[31.908176862000552,30.129806947456469],[31.908171137337682,30.12980608047506],[31.908177371792707,30.129774978750259],[31.908174100560181,30.12977448359003],[31.90818028095854,30.129745754573449],[31.908179871533711,30.129745692456542],[31.908180227813919,30.12974391480256],[31.908176548195229,30.129743357518279],[31.908177296494124,30.129739625165797],[31.908255193030353,30.129751423922567],[31.908258916648787,30.129732851582478],[31.908258862617167,30.129732843837616],[31.908258844748055,30.129732932359897],[31.908235383930929,30.129729379030849],[31.908238678775671,30.12971294024554],[31.908202901993871,30.129707520931188],[31.908209169157921,30.129676253005364],[31.908207740223538,30.129676024744079],[31.908193940361464,30.129673934488174],[31.908200317738906,30.129642122779874],[31.908197557764112,30.129641704367835],[31.908198305032158,30.129637972924371],[31.908237408086201,30.129643895137079],[31.908243428123441,30.129613860186165],[31.908239339084979,30.129613240786824],[31.908240087380651,30.129609508433983],[31.908243255733094,30.129609988067084],[31.908249758133582,30.129577552190668],[31.908262944884569,30.129579549258803],[31.908268912374051,30.129549783474229],[31.908304691177136,30.129555202757459],[31.908305403740098,30.129551648350844],[31.90830969748842,30.129552298806438],[31.908305565038471,30.129572914362139],[31.908341344889283,30.129578333627993],[31.908331173538624,30.129629073570566],[31.908369151205772,30.129634825822059],[31.908380372475605,30.129578843246932],[31.908413085817003,30.129583798395977],[31.908419218855482,30.12958472749046],[31.908421659209164,30.129572553083232],[31.908425952959064,30.129573203535017],[31.90842531185957,30.129576402049075],[31.908426691850579,30.129576611703683],[31.908426620383064,30.129576966694874],[31.90845503997539,30.129581271381699],[31.908455110405168,30.129580916397657],[31.908461500103975,30.129581883405365],[31.90845975444374,30.129590591928167],[31.908487764616844,30.129594834491698],[31.908487836084166,30.129594479500501],[31.908494582214583,30.129595500870575],[31.908488170250831,30.129627491432782],[31.908491441479857,30.129627986585273],[31.90849026545196,30.12963385158524],[31.90848985706506,30.129633789462119],[31.908485938005949,30.129653339154121],[31.908486346392923,30.129653401277281],[31.908485313282711,30.129658554490877],[31.908488993945635,30.129659112661319],[31.908488245650783,30.129662844113405],[31.908410349160452,30.129651045493894],[31.908406643433853,30.129669528413586],[31.908430158281906,30.129673090358992],[31.908426862440781,30.129689530057675],[31.908462640256044,30.129694948401745],[31.90846128660705,30.129701702225198],[31.908476518427108,30.129704009865982],[31.908468948265348,30.129741774198575],[31.908453715426766,30.129739469270152],[31.908452825232626,30.129743910697162],[31.908470704248284,30.129746671801755],[31.908462310028295,30.129789074647995],[31.908421838884436,30.129782890448883],[31.908420735364405,30.129788401351856],[31.908424823373455,30.129789020752568],[31.908424075075342,30.12979275220426],[31.908421928195626,30.129792426978472],[31.908415266072701,30.129825661358907],[31.908400034243375,30.129823354613414],[31.908394227592076,30.129852322799604],[31.908357426159689,30.12984674914723],[31.908354113470079,30.129863277359139],[31.908354521849596,30.129863338580702]]]},"properties":{"FID":30,"Join_Count":1,"NUMBER":15,"Text":"E","RefName_12":"F.F.L:198.15","NO_BUILDIN":15,"exc_Buildi":0,"exc_Elevat":0,"Pit_Layer":0,"Pit_Laye_1":0,"Layer_1":0,"Layer_2":0,"Layer_3":0,"Layer_4":0,"Layer_5":0,"Layer_6":0,"Layer_7":0,"Layer_8":0,"Layer_9":0,"Layer_10":0,"Layer_11":" ","Layer_12":" ","Layer_13":" ","Layer_14":" ","Layer_15":" ","Layer_16":" ","Curb":" ","PC":" ","RC":" ","col_rc":" ","GB":" ","col_GB":" ","Block_SOG":" ","SOG":" ","Col_SOG":" ","Col_to_1st":" ","AX__1M":" ","Slab_1":" ","Col_to_2nd":" ","Slab_2":" ","Col_to_3rd":" ","Slab_3":" ","Col_to_4th":" ","Slab_4":" ","Col_to_5th":" ","Slab_5":" ","Col_to_6th":" ","Slab_6":" ","Col_to_Roo":" ","Slab_Roof":" ","Axis_COL":" ","Light_Weig":" ","Sleeves":" ","status":" ","F50":" ","F51":" ","F52":" ","F53":" ","F54":" ","F55":" ","F56":" ","F57":" ","F58":" ","F59":" ","F60":" ","F61":" ","F62":" ","F63":" ","F64":" ","F65":" ","F66":" ","F67":" ","F68":" ","F69":" ","F70":" ","F71":" ","F72":" ","F73":" ","F74":" ","F75":" ","F76":" ","F77":" ","F78":" ","F79":" ","F80":" ","F81":" ","F82":" ","F83":" ","F84":" ","F85":" ","F86":" ","F87":" ","F88":" ","F89":" ","F90":" ","F91":" ","F92":" ","F93":" ","F94":" ","F95":" ","F96":" ","F97":" ","F98":" ","F99":" ","F100":" ","F101":" ","F102":" ","F103":" ","F104":" ","F105":" ","F106":" ","F107":" ","F108":" ","F109":" ","F110":" ","F111":" ","F112":" ","F113":" ","F114":" ","F115":" ","F116":" ","F117":" ","F118":" ","F119":" ","F120":" ","F122":" ","F123":" ","F124":" ","F125":" ","F126":" ","F127":" ","Field":0}},{"type":"Feature","id":31,"geometry":{"type":"Polygon","coordinates":[[[31.90681682232514,30.129968487050778],[31.906812486049564,30.129968862446482],[31.906812116175168,30.129965631225812],[31.906810721556162,30.129965751797645],[31.906810679885311,30.129965393077779],[31.906781974592391,30.129967875968312],[31.906782016263154,30.129968234688214],[31.906775562648864,30.129968792468325],[31.906774555657975,30.129959996518409],[31.906746263051595,30.129962444080849],[31.906746303684603,30.129962802807903],[31.906739489233587,30.129963391940613],[31.906735790514848,30.129931079731243],[31.906732485947195,30.129931365921909],[31.906731807153367,30.12992544157057],[31.906732220876943,30.129925406243252],[31.906729959969056,30.129905659295527],[31.906729547291445,30.129905695517632],[31.906728950809686,30.12990048951524],[31.906725233557189,30.129900811025816],[31.90672480272838,30.129897040812207],[31.906803485080324,30.129890235178895],[31.906801348150477,30.129871566203338],[31.906777596109251,30.129873620730923],[31.906775695950007,30.129857015766877],[31.906739557223137,30.129860141664039],[31.906738775801326,30.12985331960018],[31.906723390430738,30.129854650698498],[31.906719024130069,30.129816504262052],[31.906734409486592,30.129815172262393],[31.906733896370987,30.12981068640573],[31.90671582082668,30.12981219662365],[31.906710816348031,30.129769391101064],[31.906751711736508,30.129765906763172],[31.906751073575844,30.129760341138866],[31.906746944689313,30.129760698864967],[31.906746512822799,30.129756928658527],[31.906748680960234,30.12975674141288],[31.906744837949503,30.129723172770213],[31.906760223299383,30.129721841669785],[31.906756874131688,30.129692580415288],[31.90679404553871,30.129689365304607],[31.906792135226937,30.129672671109553],[31.906791721504447,30.129672706437031],[31.906791218533058,30.129668308909313],[31.906831489183343,30.129664825249321],[31.906831997756505,30.129669267839642],[31.906831585079917,30.129669304062041],[31.90684014960593,30.129744115152256],[31.906876082981803,30.129741006881449],[31.906870812270089,30.129694963115494],[31.906910049156668,30.129691569550904],[31.906908609247488,30.129679003403162],[31.906912947585255,30.129678627990231],[31.906913327615847,30.129681948441469],[31.906915290446481,30.129681778846287],[31.906915331088182,30.129682138475268],[31.906944500820185,30.129679615368559],[31.906944460178376,30.129679255739578],[31.906949881031281,30.1296787871627],[31.906950990663994,30.129688480823734],[31.906980315927655,30.129685944007377],[31.90698027529395,30.129685585280395],[31.906986056982685,30.129685085347052],[31.906989653141153,30.129716499836768],[31.906992957700766,30.129716213639828],[31.906995873945174,30.129745331746189],[31.906996286622025,30.129745295523229],[31.906996491882715,30.129747090947788],[31.907000209120127,30.129746768527692],[31.907000640996213,30.129750538733113],[31.906921958771548,30.129757344482172],[31.906924105891733,30.129776104490393],[31.906924159807975,30.129776099608193],[31.906924149653705,30.129776010377444],[31.906947847743393,30.129773959804083],[31.906949748967051,30.129790564758117],[31.906985886622802,30.129787438810887],[31.906989501966205,30.129819021847052],[31.906990949568581,30.129818908123919],[31.907004888471604,30.129817702436199],[31.907008566955621,30.129849835273305],[31.907011355152108,30.129849594132637],[31.907011785983304,30.129853363443129],[31.906972289824004,30.129856780476732],[31.906975763038595,30.129887117890224],[31.906979892975244,30.129886761051676],[31.906980324843069,30.129890530355112],[31.906977125005536,30.129890807710893],[31.906980875651339,30.129923570568529],[31.906967554724229,30.129924723279846],[31.906970996406713,30.129954789400127],[31.906934856614278,30.12995791535873],[31.9069352671263,30.129961505305982],[31.906930930851587,30.129961880705558],[31.906928546956422,30.129941056686349],[31.906892407175551,30.129944183535208],[31.90688653993648,30.129892931966243],[31.906848179144344,30.129896250023631],[31.906854651969109,30.129952796834271],[31.906821610398016,30.12995565422835],[31.906815413939455,30.129956190391482],[31.90681682232514,30.129968487050778]]]},"properties":{"FID":31,"Join_Count":1,"NUMBER":67,"Text":"E","RefName_12":"F.F.L:196.90","NO_BUILDIN":67,"exc_Buildi":0,"exc_Elevat":0,"Pit_Layer":0,"Pit_Laye_1":0,"Layer_1":0,"Layer_2":0,"Layer_3":0,"Layer_4":0,"Layer_5":0,"Layer_6":0,"Layer_7":0,"Layer_8":0,"Layer_9":0,"Layer_10":0,"Layer_11":" ","Layer_12":" ","Layer_13":" ","Layer_14":" ","Layer_15":" ","Layer_16":" ","Curb":" ","PC":" ","RC":" ","col_rc":" ","GB":" ","col_GB":" ","Block_SOG":" ","SOG":" ","Col_SOG":" ","Col_to_1st":" ","AX__1M":" ","Slab_1":" ","Col_to_2nd":" ","Slab_2":" ","Col_to_3rd":" ","Slab_3":" ","Col_to_4th":" ","Slab_4":" ","Col_to_5th":" ","Slab_5":" ","Col_to_6th":" ","Slab_6":" ","Col_to_Roo":" ","Slab_Roof":" ","Axis_COL":" ","Light_Weig":" ","Sleeves":" ","status":" ","F50":" ","F51":" ","F52":" ","F53":" ","F54":" ","F55":" ","F56":" ","F57":" ","F58":" ","F59":" ","F60":" ","F61":" ","F62":" ","F63":" ","F64":" ","F65":" ","F66":" ","F67":" ","F68":" ","F69":" ","F70":" ","F71":" ","F72":" ","F73":" ","F74":" ","F75":" ","F76":" ","F77":" ","F78":" ","F79":" ","F80":" ","F81":" ","F82":" ","F83":" ","F84":" ","F85":" ","F86":" ","F87":" ","F88":" ","F89":" ","F90":" ","F91":" ","F92":" ","F93":" ","F94":" ","F95":" ","F96":" ","F97":" ","F98":" ","F99":" ","F100":" ","F101":" ","F102":" ","F103":" ","F104":" ","F105":" ","F106":" ","F107":" ","F108":" ","F109":" ","F110":" ","F111":" ","F112":" ","F113":" ","F114":" ","F115":" ","F116":" ","F117":" ","F118":" ","F119":" ","F120":" ","F122":" ","F123":" ","F124":" ","F125":" ","F126":" ","F127":" ","Field":0}},{"type":"Feature","id":32,"geometry":{"type":"Polygon","coordinates":[[[31.907842245442154,30.129977072611904],[31.90784028096412,30.129981148917835],[31.907802954769046,30.129967552485432],[31.907804940659613,30.129963434538826],[31.907805322769608,30.12996357351798],[31.907838750681496,30.129894234608695],[31.907805445544628,30.12988210325835],[31.907784871858482,30.129924779615617],[31.907748504610367,30.129911531942998],[31.907742891226778,30.12992317982016],[31.907738870200969,30.129921714734905],[31.907740354008066,30.129918636687705],[31.907738535077186,30.129917974533146],[31.90773869599089,30.129917641475284],[31.907711659773042,30.12990779313521],[31.907711498859278,30.129908126193076],[31.907706474141005,30.12990629550097],[31.907710806435539,30.129897311143029],[31.907683626544692,30.129887410569644],[31.9076834656226,30.129887742725476],[31.907678106692824,30.129885790762504],[31.907692143301247,30.129856673760006],[31.907689080167117,30.129855558358937],[31.907702458118568,30.129828744272881],[31.90770207496336,30.12982860439859],[31.90770287747301,30.129826940927696],[31.907699431184483,30.129825685652563],[31.907701115614746,30.129822191287069],[31.907774042649439,30.129848755678182],[31.907782425095085,30.129831368910853],[31.907782375115065,30.129831350313477],[31.907782334367905,30.129831433581536],[31.907760370772706,30.129823432748072],[31.907767789805192,30.129808043412709],[31.907734295203458,30.129795842092001],[31.907748407150667,30.129766569414226],[31.907747072251482,30.129766070791938],[31.907734152320117,30.129761364841738],[31.907748509692681,30.129731582626754],[31.907745926538976,30.129730641611498],[31.907747610966052,30.129727147245426],[31.907784217611475,30.129740481664896],[31.907797773504765,30.12971236381096],[31.907793945101893,30.129710968657029],[31.907795629535194,30.129707475192351],[31.907798595835363,30.12970855517872],[31.907813235281409,30.12967818829803],[31.907825580489636,30.12968268623365],[31.907839015168335,30.129654819074666],[31.907872511809416,30.129667020355317],[31.90787411577454,30.129663692516704],[31.907878134708142,30.129665156710413],[31.907868830667017,30.129684457640248],[31.907902327321658,30.129696658912938],[31.907879427706597,30.129744160968496],[31.907914981748245,30.129757112043862],[31.90794024810782,30.129704701931818],[31.907970873222453,30.129715857728165],[31.907976615303511,30.129717949552809],[31.907982109520475,30.12970655144893],[31.907986128457331,30.129708015639249],[31.907984685407865,30.129711010420984],[31.907985977508478,30.12971148137364],[31.907985816595929,30.129711814431818],[31.908012422771478,30.129721505125993],[31.908012582654553,30.129721172976947],[31.908018564202589,30.129723351544126],[31.908014634232821,30.129731504168209],[31.908040857277545,30.129741056787005],[31.908041017152314,30.129740723735946],[31.908047333960976,30.129743024465416],[31.908032896221204,30.129772973240321],[31.908035958318788,30.12977408864052],[31.908033311522704,30.129779579533924],[31.9080329294049,30.129779439653429],[31.908024106054704,30.129797742335192],[31.908024489201978,30.129797881306583],[31.908022162154513,30.129802706097703],[31.908025608446071,30.129803961364299],[31.90802392402766,30.129807455733719],[31.90795099696048,30.129780891482014],[31.907942655295741,30.129798194991402],[31.907964668870942,30.129806213489573],[31.907957249877672,30.129821603737394],[31.907990744514059,30.129833805000427],[31.907987696461515,30.12984012762924],[31.90800195640529,30.129845321314125],[31.90798491153744,30.129880676813702],[31.90797065159763,30.129875484029053],[31.90796864637154,30.129879642702974],[31.907985371312346,30.129885791747054],[31.907966336541538,30.12992550786683],[31.907928462167476,30.129911654570741],[31.907925975245615,30.129916813313116],[31.907929802612362,30.129918207568139],[31.907928118188707,30.129921701936379],[31.907926108716282,30.129920969840462],[31.907911109786077,30.129952083389473],[31.907896849823068,30.129946888793032],[31.907883775646635,30.129974009293271],[31.907849322055643,30.129961459228408],[31.907841863323835,30.129976932730866],[31.907842245442154,30.129977072611904]]]},"properties":{"FID":32,"Join_Count":1,"NUMBER":16,"Text":"E","RefName_12":"F.F.L:197.65","NO_BUILDIN":16,"exc_Buildi":0,"exc_Elevat":0,"Pit_Layer":0,"Pit_Laye_1":0,"Layer_1":0,"Layer_2":0,"Layer_3":0,"Layer_4":0,"Layer_5":0,"Layer_6":0,"Layer_7":0,"Layer_8":0,"Layer_9":0,"Layer_10":0,"Layer_11":" ","Layer_12":" ","Layer_13":" ","Layer_14":" ","Layer_15":" ","Layer_16":" ","Curb":" ","PC":" ","RC":" ","col_rc":" ","GB":" ","col_GB":" ","Block_SOG":" ","SOG":" ","Col_SOG":" ","Col_to_1st":" ","AX__1M":" ","Slab_1":" ","Col_to_2nd":" ","Slab_2":" ","Col_to_3rd":" ","Slab_3":" ","Col_to_4th":" ","Slab_4":" ","Col_to_5th":" ","Slab_5":" ","Col_to_6th":" ","Slab_6":" ","Col_to_Roo":" ","Slab_Roof":" ","Axis_COL":" ","Light_Weig":" ","Sleeves":" ","status":" ","F50":" ","F51":" ","F52":" ","F53":" ","F54":" ","F55":" ","F56":" ","F57":" ","F58":" ","F59":" ","F60":" ","F61":" ","F62":" ","F63":" ","F64":" ","F65":" ","F66":" ","F67":" ","F68":" ","F69":" ","F70":" ","F71":" ","F72":" ","F73":" ","F74":" ","F75":" ","F76":" ","F77":" ","F78":" ","F79":" ","F80":" ","F81":" ","F82":" ","F83":" ","F84":" ","F85":" ","F86":" ","F87":" ","F88":" ","F89":" ","F90":" ","F91":" ","F92":" ","F93":" ","F94":" ","F95":" ","F96":" ","F97":" ","F98":" ","F99":" ","F100":" ","F101":" ","F102":" ","F103":" ","F104":" ","F105":" ","F106":" ","F107":" ","F108":" ","F109":" ","F110":" ","F111":" ","F112":" ","F113":" ","F114":" ","F115":" ","F116":" ","F117":" ","F118":" ","F119":" ","F120":" ","F122":" ","F123":" ","F124":" ","F125":" ","F126":" ","F127":" ","Field":0}},{"type":"Feature","id":33,"geometry":{"type":"Polygon","coordinates":[[[31.907448763194029,30.130048930474707],[31.907434525854661,30.130078462868731],[31.907381506020791,30.130059149369774],[31.907373886293165,30.130074955904522],[31.90737704417797,30.130076105837833],[31.907376201959178,30.130077853469579],[31.907336771569003,30.130063490274885],[31.907375673771377,30.129982795032696],[31.907351748600266,30.12997407973652],[31.907312845343821,30.130054774979193],[31.907273416009204,30.130040411757875],[31.907274258237763,30.13003866502871],[31.907277128757819,30.1300397105088],[31.907286714037998,30.130019827674079],[31.907253217344586,30.13000762624559],[31.907267153069011,30.129977787458625],[31.907248012109857,30.129970815211752],[31.907261607896352,30.129942614149652],[31.90726254599462,30.129942955856961],[31.907276783998846,30.129914401274952],[31.907276401881504,30.129914261392262],[31.907277564910114,30.129911849457514],[31.907274119661349,30.129910594164027],[31.907275804108078,30.129907099803699],[31.907337533269061,30.129929586092064],[31.907350125875187,30.129903463906267],[31.907287439894908,30.129880629731421],[31.907289124340693,30.129877135370926],[31.90729352642974,30.129878739458007],[31.907308525545108,30.129847625975444],[31.907307568704098,30.129847277181607],[31.90732116445751,30.129819076113517],[31.907340305383716,30.1298260474484],[31.907342550970089,30.129821389204547],[31.90735500529162,30.129796488417398],[31.907388501924849,30.129808689821502],[31.907398087161408,30.12978880697888],[31.907395216647476,30.129787761501255],[31.907396058871832,30.129786014771344],[31.907435488112853,30.129800377056132],[31.907396586027104,30.129881072315758],[31.907420512216927,30.129889787597133],[31.907443933518049,30.129841204995163],[31.907447953490557,30.129842669194801],[31.907446749719423,30.129845164398958],[31.907482543218293,30.129858203239028],[31.90748294446685,30.129857370602242],[31.907515005362225,30.129869049689951],[31.907505781680694,30.129888183164553],[31.907539978497692,30.129901030959072],[31.907525941838248,30.129930147946165],[31.907548815423297,30.129938479893685],[31.907550018155263,30.12993598469583],[31.907552410772539,30.129936855770318],[31.907535727283289,30.12997146364253],[31.907467554796515,30.129946239179162],[31.907462100208935,30.129957553099779],[31.907525313113073,30.129980579291491],[31.907500896876954,30.130031343567573],[31.907462805441316,30.130017468183041],[31.907447806350589,30.130048581681947],[31.907448763194029,30.130048930474707]]]},"properties":{"FID":33,"Join_Count":1,"NUMBER":17,"Text":"D","RefName_12":"F.F.L:197.35","NO_BUILDIN":17,"exc_Buildi":0,"exc_Elevat":0,"Pit_Layer":0,"Pit_Laye_1":0,"Layer_1":0,"Layer_2":0,"Layer_3":0,"Layer_4":0,"Layer_5":0,"Layer_6":0,"Layer_7":0,"Layer_8":0,"Layer_9":0,"Layer_10":0,"Layer_11":" ","Layer_12":" ","Layer_13":" ","Layer_14":" ","Layer_15":" ","Layer_16":" ","Curb":" ","PC":" ","RC":" ","col_rc":" ","GB":" ","col_GB":" ","Block_SOG":" ","SOG":" ","Col_SOG":" ","Col_to_1st":" ","AX__1M":" ","Slab_1":" ","Col_to_2nd":" ","Slab_2":" ","Col_to_3rd":" ","Slab_3":" ","Col_to_4th":" ","Slab_4":" ","Col_to_5th":" ","Slab_5":" ","Col_to_6th":" ","Slab_6":" ","Col_to_Roo":" ","Slab_Roof":" ","Axis_COL":" ","Light_Weig":" ","Sleeves":" ","status":" ","F50":" ","F51":" ","F52":" ","F53":" ","F54":" ","F55":" ","F56":" ","F57":" ","F58":" ","F59":" ","F60":" ","F61":" ","F62":" ","F63":" ","F64":" ","F65":" ","F66":" ","F67":" ","F68":" ","F69":" ","F70":" ","F71":" ","F72":" ","F73":" ","F74":" ","F75":" ","F76":" ","F77":" ","F78":" ","F79":" ","F80":" ","F81":" ","F82":" ","F83":" ","F84":" ","F85":" ","F86":" ","F87":" ","F88":" ","F89":" ","F90":" ","F91":" ","F92":" ","F93":" ","F94":" ","F95":" ","F96":" ","F97":" ","F98":" ","F99":" ","F100":" ","F101":" ","F102":" ","F103":" ","F104":" ","F105":" ","F106":" ","F107":" ","F108":" ","F109":" ","F110":" ","F111":" ","F112":" ","F113":" ","F114":" ","F115":" ","F116":" ","F117":" ","F118":" ","F119":" ","F120":" ","F122":" ","F123":" ","F124":" ","F125":" ","F126":" ","F127":" ","Field":0}},{"type":"Feature","id":34,"geometry":{"type":"Polygon","coordinates":[[[31.905808478256922,30.130184748954857],[31.905795139756517,30.130212650428867],[31.905761601416682,30.130200535500258],[31.905760008818842,30.13020386684363],[31.905755983765538,30.130202413451592],[31.905765222681978,30.130183089662776],[31.905731684347455,30.130170973824235],[31.905754421640641,30.130123413715751],[31.905718823952842,30.130110554361533],[31.905693736423917,30.130163028676019],[31.90566307270479,30.130151951992097],[31.905657323520707,30.130149875449501],[31.905651868564789,30.130161286719183],[31.905647843514728,30.130159833323741],[31.905649277261631,30.130156834120836],[31.905647983123249,30.130156366767256],[31.905648143006758,30.130156033718951],[31.905621504351885,30.130146411322595],[31.905621344468276,30.130146744370862],[31.905615355820455,30.130144581077626],[31.905619257889612,30.130136417890863],[31.905593002379803,30.130126933565002],[31.9055928435338,30.130127266606085],[31.905586519638657,30.130124982043522],[31.905600855100204,30.130094996347999],[31.905597788941893,30.130093889037056],[31.905600417138587,30.13008839110298],[31.905600800283782,30.130088530081473],[31.905609560607878,30.130070205440493],[31.905609177462736,30.130070066462014],[31.905611486937069,30.130065235519062],[31.90560803763448,30.130063989229871],[31.905609709658297,30.130060491367662],[31.90568272697276,30.130086867778861],[31.905691009707038,30.130069542263488],[31.905668968748028,30.130061580399126],[31.905676336053471,30.130046170787629],[31.905642798830048,30.130034056721765],[31.905645826212204,30.130027726169633],[31.905631548009744,30.130022568434573],[31.90564847194009,30.129987169863451],[31.905662750121781,30.129992325792877],[31.90566474087948,30.12998816274245],[31.905647995690774,30.129982055935919],[31.905666893979348,30.129942290566724],[31.905704815939806,30.129956045870372],[31.905707284244063,30.129950880982605],[31.90570345284543,30.129949496612472],[31.905705124864017,30.129945998749086],[31.905707137385061,30.129946725446043],[31.905722029773266,30.129915573184384],[31.905736307964606,30.129920730909898],[31.905749290064378,30.129893576972879],[31.905783785109811,30.129906038006474],[31.905791192097606,30.12989054512844],[31.905790808961164,30.129890407052471],[31.905792759983811,30.129886325456589],[31.905830131701723,30.129899825634155],[31.905828160305951,30.129903948864275],[31.905827777161175,30.12990380988645],[31.90579458729129,30.129973235061026],[31.90582793295124,30.129985280952358],[31.905848360697895,30.129942551774619],[31.905884773548159,30.129955704949637],[31.90589034655402,30.129944042994797],[31.905894372644457,30.129945497277774],[31.90589289919674,30.129948579743633],[31.905894720150712,30.129949237399849],[31.905894561306013,30.129949570441283],[31.905921630965597,30.129959348569084],[31.905921789810247,30.129959015527625],[31.905926820602584,30.129960832716133],[31.905922520416219,30.12996982852242],[31.905949733764491,30.12997965887357],[31.905949892609065,30.129979325832061],[31.905955258651939,30.129981264286489],[31.905941321463349,30.130010417407831],[31.90594438762265,30.130011524710749],[31.905931102885056,30.130038374062352],[31.905931486022276,30.130038512137908],[31.905930689731576,30.130040178261549],[31.905934139028918,30.130041423640264],[31.905932467025195,30.130044922408334],[31.905859449687508,30.130018547038546],[31.905851127275714,30.130035955824358],[31.905851177247275,30.130035973520506],[31.90585121695851,30.130035890260157],[31.905873207953995,30.130043834397625],[31.905865841709012,30.130059243110406],[31.905899377929071,30.130071357125683],[31.905885365349558,30.1301006668117],[31.905886702286832,30.130101161830815],[31.905899637440456,30.130105834483199],[31.905885382528798,30.130135653681613],[31.905887969769495,30.130136588391164],[31.905886296716744,30.130140086263872],[31.905849644332921,30.130126846342698],[31.905836184667017,30.130155000321977],[31.90584001711305,30.130156384680827],[31.905838345095933,30.130159882545815],[31.905835375755132,30.130158809752309],[31.905820839749225,30.130189214493793],[31.905808478256922,30.130184748954857]]]},"properties":{"FID":34,"Join_Count":1,"NUMBER":64,"Text":"E","RefName_12":"F.F.L:196.55","NO_BUILDIN":64,"exc_Buildi":0,"exc_Elevat":0,"Pit_Layer":0,"Pit_Laye_1":0,"Layer_1":0,"Layer_2":0,"Layer_3":0,"Layer_4":0,"Layer_5":0,"Layer_6":0,"Layer_7":0,"Layer_8":0,"Layer_9":0,"Layer_10":0,"Layer_11":" ","Layer_12":" ","Layer_13":" ","Layer_14":" ","Layer_15":" ","Layer_16":" ","Curb":" ","PC":" ","RC":" ","col_rc":" ","GB":" ","col_GB":" ","Block_SOG":" ","SOG":" ","Col_SOG":" ","Col_to_1st":" ","AX__1M":" ","Slab_1":" ","Col_to_2nd":" ","Slab_2":" ","Col_to_3rd":" ","Slab_3":" ","Col_to_4th":" ","Slab_4":" ","Col_to_5th":" ","Slab_5":" ","Col_to_6th":" ","Slab_6":" ","Col_to_Roo":" ","Slab_Roof":" ","Axis_COL":" ","Light_Weig":" ","Sleeves":" ","status":" ","F50":" ","F51":" ","F52":" ","F53":" ","F54":" ","F55":" ","F56":" ","F57":" ","F58":" ","F59":" ","F60":" ","F61":" ","F62":" ","F63":" ","F64":" ","F65":" ","F66":" ","F67":" ","F68":" ","F69":" ","F70":" ","F71":" ","F72":" ","F73":" ","F74":" ","F75":" ","F76":" ","F77":" ","F78":" ","F79":" ","F80":" ","F81":" ","F82":" ","F83":" ","F84":" ","F85":" ","F86":" ","F87":" ","F88":" ","F89":" ","F90":" ","F91":" ","F92":" ","F93":" ","F94":" ","F95":" ","F96":" ","F97":" ","F98":" ","F99":" ","F100":" ","F101":" ","F102":" ","F103":" ","F104":" ","F105":" ","F106":" ","F107":" ","F108":" ","F109":" ","F110":" ","F111":" ","F112":" ","F113":" ","F114":" ","F115":" ","F116":" ","F117":" ","F118":" ","F119":" ","F120":" ","F122":" ","F123":" ","F124":" ","F125":" ","F126":" ","F127":" ","Field":0}},{"type":"Feature","id":35,"geometry":{"type":"Polygon","coordinates":[[[31.906616358590227,30.130317562377193],[31.906584851122958,30.130331158605763],[31.906575622584743,30.130315001082668],[31.90657041716122,30.130317246958974],[31.906542257103329,30.13032899708768],[31.906526106383158,30.130300719843209],[31.906503893420691,30.130310305568184],[31.906505277029503,30.130312729698218],[31.906503325516006,30.130313572122731],[31.906484314806789,30.130280285789425],[31.906574471067231,30.130241380037347],[31.90656293513824,30.130221182006249],[31.906508655544293,30.130244605037916],[31.906506718295631,30.130241212339637],[31.906509506020562,30.130240008748164],[31.906492249065046,30.130209792551081],[31.906491319826362,30.130210194048789],[31.906475861981562,30.130183128854906],[31.906497238698101,30.130173903399886],[31.906481045673175,30.130144738844276],[31.906513576398243,30.130130700805278],[31.906502547745756,30.130111391375678],[31.906499760024303,30.130112594966942],[31.906498606330494,30.130110575163854],[31.906537270654663,30.13009388975528],[31.906569845326533,30.130151734964194],[31.906582485714001,30.13014628070238],[31.906552008697226,30.130092917640606],[31.906608681636527,30.130068410080369],[31.906627045908238,30.130100566103934],[31.906661807190666,30.130085565511642],[31.906661346327962,30.13008475686512],[31.906694341106316,30.130070518036291],[31.906719903888689,30.130115276239174],[31.90673756361203,30.130107655840799],[31.90673604081595,30.130104990027732],[31.906737992323318,30.130104147599834],[31.906757003081289,30.130137433896248],[31.906666846989207,30.130176339770863],[31.906678382933645,30.130196537792632],[31.90676853903912,30.130157631909931],[31.906787549817956,30.13019091820124],[31.906785598301102,30.130191759727889],[31.9067842136579,30.130189336509986],[31.906761999708586,30.130198922284954],[31.906778149440193,30.130227199506962],[31.906745153116084,30.130241841574527],[31.906754381682688,30.130257999987421],[31.906722873224528,30.130271597157574],[31.906722420818099,30.130270805591515],[31.906690161176513,30.130284303300968],[31.906690345729611,30.130284626758101],[31.906687651031692,30.13028579002237],[31.906689311984792,30.130288698430522],[31.906685407916115,30.130290382390115],[31.906655645802733,30.130238271850889],[31.906626461997543,30.130250866142173],[31.906656684963455,30.130303785334657],[31.906652780893612,30.13030546929328],[31.90665065908583,30.130301753140117],[31.906615897726759,30.130316753730558],[31.906616358590227,30.130317562377193]]]},"properties":{"FID":35,"Join_Count":1,"NUMBER":66,"Text":"D","RefName_12":"F.F.L:196.75","NO_BUILDIN":66,"exc_Buildi":0,"exc_Elevat":0,"Pit_Layer":0,"Pit_Laye_1":0,"Layer_1":0,"Layer_2":0,"Layer_3":0,"Layer_4":0,"Layer_5":0,"Layer_6":0,"Layer_7":0,"Layer_8":0,"Layer_9":0,"Layer_10":0,"Layer_11":" ","Layer_12":" ","Layer_13":" ","Layer_14":" ","Layer_15":" ","Layer_16":" ","Curb":" ","PC":" ","RC":" ","col_rc":" ","GB":" ","col_GB":" ","Block_SOG":" ","SOG":" ","Col_SOG":" ","Col_to_1st":" ","AX__1M":" ","Slab_1":" ","Col_to_2nd":" ","Slab_2":" ","Col_to_3rd":" ","Slab_3":" ","Col_to_4th":" ","Slab_4":" ","Col_to_5th":" ","Slab_5":" ","Col_to_6th":" ","Slab_6":" ","Col_to_Roo":" ","Slab_Roof":" ","Axis_COL":" ","Light_Weig":" ","Sleeves":" ","status":" ","F50":" ","F51":" ","F52":" ","F53":" ","F54":" ","F55":" ","F56":" ","F57":" ","F58":" ","F59":" ","F60":" ","F61":" ","F62":" ","F63":" ","F64":" ","F65":" ","F66":" ","F67":" ","F68":" ","F69":" ","F70":" ","F71":" ","F72":" ","F73":" ","F74":" ","F75":" ","F76":" ","F77":" ","F78":" ","F79":" ","F80":" ","F81":" ","F82":" ","F83":" ","F84":" ","F85":" ","F86":" ","F87":" ","F88":" ","F89":" ","F90":" ","F91":" ","F92":" ","F93":" ","F94":" ","F95":" ","F96":" ","F97":" ","F98":" ","F99":" ","F100":" ","F101":" ","F102":" ","F103":" ","F104":" ","F105":" ","F106":" ","F107":" ","F108":" ","F109":" ","F110":" ","F111":" ","F112":" ","F113":" ","F114":" ","F115":" ","F116":" ","F117":" ","F118":" ","F119":" ","F120":" ","F122":" ","F123":" ","F124":" ","F125":" ","F126":" ","F127":" ","Field":0}},{"type":"Feature","id":36,"geometry":{"type":"Polygon","coordinates":[[[31.906217877756305,30.130308488574105],[31.90620453935648,30.130336390087159],[31.906171000927259,30.130324275265277],[31.90616940834142,30.130327606613307],[31.906165383277397,30.130326153234055],[31.906174622115941,30.130306828516236],[31.906141083700248,30.13029471368635],[31.906163821851365,30.13024715260218],[31.906128223031043,30.130234293368364],[31.906103135699539,30.130286768658255],[31.906072471898671,30.130275692071901],[31.906066722699236,30.130273615547587],[31.906061267784469,30.130285026833242],[31.90605724272368,30.130283573450594],[31.906058676459782,30.130280574243475],[31.906057382317933,30.130280106894048],[31.906057542200255,30.130279773845263],[31.906030903474356,30.130270151533654],[31.906030743591977,30.130270484582386],[31.906024754928168,30.130268321308201],[31.90602865800555,30.130260158102868],[31.906002402425756,30.130250673860523],[31.906002242543309,30.130251006909216],[31.905995918631309,30.130248722366787],[31.906010253984739,30.130218736629299],[31.906007187818279,30.130217629328101],[31.906009815995134,30.130212131386337],[31.90601019914137,30.130212270363604],[31.90601895939939,30.13019394569697],[31.906018576253231,30.130193806719735],[31.906020885710141,30.130188975770011],[31.906017436398368,30.130187729491801],[31.906019108409559,30.130184231624689],[31.906092125918679,30.130210607803591],[31.906100408590476,30.130193282263956],[31.906078367572714,30.130185320469728],[31.906085734822614,30.130169910836667],[31.906052198547442,30.130157796870328],[31.906055224869124,30.130151466316498],[31.906040946628615,30.130146308626856],[31.906057870423105,30.130110909104232],[31.906072148642856,30.130116064988211],[31.906074139385549,30.130111901931965],[31.906057394160186,30.130105796080692],[31.906076292305276,30.130066030656184],[31.906114214367054,30.13007978583919],[31.906116683690332,30.130074620937041],[31.906112851243854,30.130073236586259],[31.906114523241595,30.130069737816005],[31.906116535776228,30.130070465408544],[31.906131429089776,30.130039313096102],[31.906145706281535,30.130044470783353],[31.906158688283405,30.130017316808328],[31.906193183420811,30.130029777732183],[31.906200590352746,30.130014284832495],[31.906200207215267,30.13001414675772],[31.906202158223213,30.130010065156128],[31.906239530040743,30.130023565214781],[31.906237558651597,30.130027687548729],[31.906237175514029,30.130027549474097],[31.906203985886208,30.130096973843873],[31.906237331635044,30.13010901962911],[31.906257759235896,30.130066291293563],[31.906294172183202,30.13007944435272],[31.906299745147027,30.13006778238158],[31.906303771248201,30.130069236651735],[31.906302298849234,30.130072319114738],[31.906304118770418,30.130072976772325],[31.906303959926898,30.130073309814236],[31.906331029658674,30.130083087855926],[31.906331189539745,30.130082754806836],[31.906336219307846,30.130084571986504],[31.906331919153917,30.130093567805364],[31.906359132574735,30.130103398069931],[31.906359292455754,30.130103065020826],[31.906364658512917,30.130105003458183],[31.906350720391806,30.130134156627463],[31.90635378759692,30.130135263913473],[31.90634050191796,30.130162113311219],[31.906340885056188,30.13016225138556],[31.906340088771493,30.130163917511538],[31.906343538078026,30.130165162879265],[31.906341866086912,30.130168661652238],[31.906268848546361,30.130142285612795],[31.906260526197329,30.130159694422929],[31.906260576177246,30.130159713020916],[31.906260615888183,30.130159629760449],[31.906282606942291,30.130167573827947],[31.906275240752851,30.130182982562303],[31.906308777062311,30.130195096470896],[31.906294764588466,30.130224406197922],[31.906296101529364,30.130224901212788],[31.906309036717452,30.130229573824014],[31.906294781913303,30.130259393064176],[31.906297369160896,30.130260327765473],[31.90629569612074,30.130263825643077],[31.906259043639217,30.130250585838521],[31.906245584066596,30.130278738955234],[31.906249416531079,30.130280124203875],[31.906247744526556,30.130283622073744],[31.906244775177854,30.130282549289703],[31.906230239281559,30.13031295407373],[31.906217877756305,30.130308488574105]]]},"properties":{"FID":36,"Join_Count":1,"NUMBER":65,"Text":"E","RefName_12":"F.F.L:196.65","NO_BUILDIN":65,"exc_Buildi":0,"exc_Elevat":0,"Pit_Layer":0,"Pit_Laye_1":0,"Layer_1":0,"Layer_2":0,"Layer_3":0,"Layer_4":0,"Layer_5":0,"Layer_6":0,"Layer_7":0,"Layer_8":0,"Layer_9":0,"Layer_10":0,"Layer_11":" ","Layer_12":" ","Layer_13":" ","Layer_14":" ","Layer_15":" ","Layer_16":" ","Curb":" ","PC":" ","RC":" ","col_rc":" ","GB":" ","col_GB":" ","Block_SOG":" ","SOG":" ","Col_SOG":" ","Col_to_1st":" ","AX__1M":" ","Slab_1":" ","Col_to_2nd":" ","Slab_2":" ","Col_to_3rd":" ","Slab_3":" ","Col_to_4th":" ","Slab_4":" ","Col_to_5th":" ","Slab_5":" ","Col_to_6th":" ","Slab_6":" ","Col_to_Roo":" ","Slab_Roof":" ","Axis_COL":" ","Light_Weig":" ","Sleeves":" ","status":" ","F50":" ","F51":" ","F52":" ","F53":" ","F54":" ","F55":" ","F56":" ","F57":" ","F58":" ","F59":" ","F60":" ","F61":" ","F62":" ","F63":" ","F64":" ","F65":" ","F66":" ","F67":" ","F68":" ","F69":" ","F70":" ","F71":" ","F72":" ","F73":" ","F74":" ","F75":" ","F76":" ","F77":" ","F78":" ","F79":" ","F80":" ","F81":" ","F82":" ","F83":" ","F84":" ","F85":" ","F86":" ","F87":" ","F88":" ","F89":" ","F90":" ","F91":" ","F92":" ","F93":" ","F94":" ","F95":" ","F96":" ","F97":" ","F98":" ","F99":" ","F100":" ","F101":" ","F102":" ","F103":" ","F104":" ","F105":" ","F106":" ","F107":" ","F108":" ","F109":" ","F110":" ","F111":" ","F112":" ","F113":" ","F114":" ","F115":" ","F116":" ","F117":" ","F118":" ","F119":" ","F120":" ","F122":" ","F123":" ","F124":" ","F125":" ","F126":" ","F127":" ","Field":0}},{"type":"Feature","id":37,"geometry":{"type":"Polygon","coordinates":[[[31.907271541714486,30.130464285200908],[31.907231871157698,30.130471242177276],[31.907230854681771,30.130466865335304],[31.907231261851877,30.130466793970498],[31.907214156375737,30.130393098150336],[31.907178758540585,30.130399306700113],[31.907189286458888,30.13044466379581],[31.907150633318157,30.130451443241444],[31.907153508793538,30.130463821776235],[31.907149234025713,30.1304645711006],[31.907148474623948,30.130461299272522],[31.907146542381618,30.130461638241613],[31.907146460282142,30.130461284311068],[31.907117725286209,30.130466323830593],[31.907117807385593,30.130466677761159],[31.907112466523504,30.130467614848218],[31.907110249898473,30.130458065036727],[31.907081362605801,30.130463131758262],[31.907081444696818,30.130463484786855],[31.907075748464411,30.130464483859015],[31.907068564993843,30.13043353793228],[31.907065310745992,30.130434108825185],[31.907059068074751,30.130405389827395],[31.907058660904767,30.130405461191668],[31.907058250417407,30.130403692440602],[31.907054589000481,30.13040433469752],[31.907053726980511,30.130400620681048],[31.907131236314356,30.130387027961255],[31.907126946741052,30.130368547942616],[31.907126893903342,30.130368557327593],[31.907126914426122,30.130368645584721],[31.907103570045969,30.130372739551603],[31.907099773073785,30.130356383115398],[31.90706417424467,30.130362626396519],[31.907056952944085,30.130331513854333],[31.907055526186593,30.130331751914355],[31.907041794326158,30.130334160387587],[31.907034447716438,30.130302506589565],[31.907031701137562,30.130302988285301],[31.907030839127682,30.130299275170554],[31.907069747092734,30.130292451606692],[31.907062809926714,30.130262566568401],[31.907058741337337,30.130263279287654],[31.907057879326818,30.130259566173073],[31.907061032036104,30.130259013119712],[31.907053540697152,30.130226737921539],[31.907066662315668,30.130224437392172],[31.907059787778021,30.130194818921574],[31.907095389660455,30.130188575621222],[31.90709456869472,30.130185039021164],[31.907098840338087,30.130184289720297],[31.907103601944396,30.130204802361124],[31.907139203827331,30.130198559048878],[31.907150922123051,30.130249045888039],[31.907188710084494,30.130242418543713],[31.907175780844423,30.130186715517173],[31.907208331534566,30.130181006501143],[31.907214433880579,30.130179936066011],[31.907211622058764,30.130167823191087],[31.907215894738052,30.130167073879253],[31.90721663360846,30.130170256547956],[31.907218006380866,30.130170016152778],[31.907218088472089,30.130170369181307],[31.907246366483523,30.130165410369859],[31.907246284383966,30.130165056439367],[31.907252641602316,30.130163941847769],[31.907254652980523,30.130172606379915],[31.907282523821703,30.130167718925545],[31.907282441722014,30.130167364995081],[31.907289155338372,30.130166187505512],[31.907296543071709,30.130198018704679],[31.907299798348028,30.130197447798999],[31.907301152949191,30.130203282690641],[31.90730074578023,30.130203354055656],[31.907305260108476,30.130222806707973],[31.907305667277519,30.130222735342947],[31.907306857688006,30.130227863275536],[31.907310519096622,30.130227221011729],[31.907311381124483,30.130230935026457],[31.907233871939606,30.1302445278499],[31.907238140995648,30.130262918706006],[31.907261538181501,30.130258815330755],[31.90726533519253,30.130275173566002],[31.907300933976291,30.130268930231153],[31.907302493824172,30.130275649497822],[31.907317650251233,30.130272992125416],[31.90732637207568,30.130310569054259],[31.907311216697295,30.130313228224509],[31.907312241863501,30.130317647401291],[31.907330054187558,30.13031457750602],[31.907339944829911,30.130356734983579],[31.907299653239463,30.130363747682942],[31.907300926797358,30.130369230440728],[31.907304994343221,30.130368516819107],[31.90730585637224,30.13037223083376],[31.907303721066238,30.130372605484062],[31.907311396150849,30.130405673182597],[31.907296239711663,30.130408331456589],[31.907302930675488,30.130437156492864],[31.907266312350369,30.130443578252375],[31.907270129884775,30.130460023842012],[31.907270536017183,30.130459952484252],[31.907271541714486,30.130464285200908]]]},"properties":{"FID":37,"Join_Count":1,"NUMBER":18,"Text":"E","RefName_12":"F.F.L:197.45","NO_BUILDIN":18,"exc_Buildi":0,"exc_Elevat":0,"Pit_Layer":0,"Pit_Laye_1":0,"Layer_1":0,"Layer_2":0,"Layer_3":0,"Layer_4":0,"Layer_5":0,"Layer_6":0,"Layer_7":0,"Layer_8":0,"Layer_9":0,"Layer_10":0,"Layer_11":" ","Layer_12":" ","Layer_13":" ","Layer_14":" ","Layer_15":" ","Layer_16":" ","Curb":" ","PC":" ","RC":" ","col_rc":" ","GB":" ","col_GB":" ","Block_SOG":" ","SOG":" ","Col_SOG":" ","Col_to_1st":" ","AX__1M":" ","Slab_1":" ","Col_to_2nd":" ","Slab_2":" ","Col_to_3rd":" ","Slab_3":" ","Col_to_4th":" ","Slab_4":" ","Col_to_5th":" ","Slab_5":" ","Col_to_6th":" ","Slab_6":" ","Col_to_Roo":" ","Slab_Roof":" ","Axis_COL":" ","Light_Weig":" ","Sleeves":" ","status":" ","F50":" ","F51":" ","F52":" ","F53":" ","F54":" ","F55":" ","F56":" ","F57":" ","F58":" ","F59":" ","F60":" ","F61":" ","F62":" ","F63":" ","F64":" ","F65":" ","F66":" ","F67":" ","F68":" ","F69":" ","F70":" ","F71":" ","F72":" ","F73":" ","F74":" ","F75":" ","F76":" ","F77":" ","F78":" ","F79":" ","F80":" ","F81":" ","F82":" ","F83":" ","F84":" ","F85":" ","F86":" ","F87":" ","F88":" ","F89":" ","F90":" ","F91":" ","F92":" ","F93":" ","F94":" ","F95":" ","F96":" ","F97":" ","F98":" ","F99":" ","F100":" ","F101":" ","F102":" ","F103":" ","F104":" ","F105":" ","F106":" ","F107":" ","F108":" ","F109":" ","F110":" ","F111":" ","F112":" ","F113":" ","F114":" ","F115":" ","F116":" ","F117":" ","F118":" ","F119":" ","F120":" ","F122":" ","F123":" ","F124":" ","F125":" ","F126":" ","F127":" ","Field":0}},{"type":"Feature","id":38,"geometry":{"type":"Polygon","coordinates":[[[31.90850777674175,30.130595278386089],[31.908505967290075,30.130600077958551],[31.90847145419264,30.130590243578855],[31.908470420815792,30.130592986573884],[31.908438601035876,30.130583540383139],[31.908438472381476,30.130583883141142],[31.908436499731554,30.130583321282185],[31.908435336661725,30.130586407042117],[31.908431194717817,30.13058522695346],[31.90845582618233,30.130519914014165],[31.908435217392661,30.130514041739747],[31.908435200156905,30.13051408605827],[31.908435298997688,30.13051411423999],[31.908427880794985,30.13053378553364],[31.908409638969836,30.130528586946454],[31.908398326241592,30.130558584516635],[31.908363629017703,30.130548698161171],[31.908363164689334,30.130549894753919],[31.908358800048653,30.13056146547099],[31.908323500410823,30.130551406470879],[31.908322627068408,30.130553720797334],[31.908318486164777,30.13055254069786],[31.908330850561985,30.130519754912395],[31.90829752151414,30.130510257779843],[31.908296228748284,30.130513686303704],[31.908292086808952,30.130512506210536],[31.908293088814844,30.130509850028364],[31.908257095241364,30.130499593751402],[31.908261265348511,30.130488536733974],[31.908228234923037,30.13047912501662],[31.908239548715866,30.130449125648731],[31.908235604461222,30.13044800191744],[31.908236962070582,30.130444401560609],[31.908259838965439,30.130450920281202],[31.908271152745662,30.130420920910744],[31.908327455422029,30.130436964955738],[31.908339464193187,30.130405122442532],[31.908277343476012,30.130387420992594],[31.908287687677124,30.130359993689947],[31.908289626819425,30.130354850453202],[31.908276117934555,30.130351001045216],[31.908277475549429,30.130347401589944],[31.908281025484108,30.130348413487525],[31.908281461113194,30.130347255880604],[31.908281855437842,30.130347368615123],[31.908290842019809,30.130323540767492],[31.908290447695272,30.130323428033012],[31.908292467901635,30.130318071357266],[31.908302131364628,30.130320824314079],[31.90831098824729,30.1302973392302],[31.90831059393107,30.130297227397744],[31.908312727613406,30.130291570464014],[31.9083482248381,30.130301685832894],[31.908349259253207,30.130298942831558],[31.908355767114845,30.130300797524949],[31.908355637422829,30.130301140290065],[31.908377331326129,30.130307321689951],[31.908377459980439,30.130306978931994],[31.908383179193901,30.130308608155563],[31.908384343299996,30.130305522388792],[31.908388484193974,30.130306702486443],[31.908363853771551,30.13037201540785],[31.908384362649283,30.130377859519704],[31.90839179808561,30.130358143909604],[31.908410039878294,30.13036334250004],[31.908421353619957,30.130333344921311],[31.908428847799328,30.130335479638706],[31.90843366322666,30.13032270881169],[31.908475569499409,30.130334650653012],[31.908470755114614,30.130347421474283],[31.908475683615109,30.130348826142193],[31.908481398218122,30.130333843638688],[31.908528465179408,30.130347160562586],[31.908515606959906,30.130381085433683],[31.908521721542478,30.130382827377694],[31.90852301430715,30.130379399753682],[31.908527156243416,30.130380579839645],[31.908526477440333,30.13038237956847],[31.90856335535825,30.130392887638603],[31.908558538915191,30.130405659379136],[31.908590683945693,30.130414819154215],[31.908579048097891,30.130445674096237],[31.908597388756665,30.130450900841652],[31.908597517410364,30.130450558083496],[31.908602349152229,30.130451934550528],[31.908589742722619,30.130485363375946],[31.908584862069453,30.13048397191212],[31.908584990723234,30.130483629153971],[31.908502804239088,30.13046021056099],[31.908491555367071,30.130490038116282],[31.908542138880328,30.130504451947033],[31.90852985560327,30.130537022507998],[31.908543661028816,30.130540954629971],[31.908542303437695,30.130544555891696],[31.908538654660912,30.130543516721747],[31.908538040698701,30.130545144616978],[31.908537646381248,30.130545032785228],[31.908528514971756,30.130569245913669],[31.908528909297555,30.130569358647417],[31.908527212295144,30.130573858871436],[31.908516562468218,30.130570824101035],[31.90850738241588,30.130595165652302],[31.90850777674175,30.130595278386089]]]},"properties":{"FID":38,"Join_Count":1,"NUMBER":21,"Text":"E","RefName_12":"F.F.L:197.75","NO_BUILDIN":21,"exc_Buildi":0,"exc_Elevat":0,"Pit_Layer":0,"Pit_Laye_1":0,"Layer_1":0,"Layer_2":0,"Layer_3":0,"Layer_4":0,"Layer_5":0,"Layer_6":0,"Layer_7":0,"Layer_8":0,"Layer_9":0,"Layer_10":0,"Layer_11":" ","Layer_12":" ","Layer_13":" ","Layer_14":" ","Layer_15":" ","Layer_16":" ","Curb":" ","PC":" ","RC":" ","col_rc":" ","GB":" ","col_GB":" ","Block_SOG":" ","SOG":" ","Col_SOG":" ","Col_to_1st":" ","AX__1M":" ","Slab_1":" ","Col_to_2nd":" ","Slab_2":" ","Col_to_3rd":" ","Slab_3":" ","Col_to_4th":" ","Slab_4":" ","Col_to_5th":" ","Slab_5":" ","Col_to_6th":" ","Slab_6":" ","Col_to_Roo":" ","Slab_Roof":" ","Axis_COL":" ","Light_Weig":" ","Sleeves":" ","status":" ","F50":" ","F51":" ","F52":" ","F53":" ","F54":" ","F55":" ","F56":" ","F57":" ","F58":" ","F59":" ","F60":" ","F61":" ","F62":" ","F63":" ","F64":" ","F65":" ","F66":" ","F67":" ","F68":" ","F69":" ","F70":" ","F71":" ","F72":" ","F73":" ","F74":" ","F75":" ","F76":" ","F77":" ","F78":" ","F79":" ","F80":" ","F81":" ","F82":" ","F83":" ","F84":" ","F85":" ","F86":" ","F87":" ","F88":" ","F89":" ","F90":" ","F91":" ","F92":" ","F93":" ","F94":" ","F95":" ","F96":" ","F97":" ","F98":" ","F99":" ","F100":" ","F101":" ","F102":" ","F103":" ","F104":" ","F105":" ","F106":" ","F107":" ","F108":" ","F109":" ","F110":" ","F111":" ","F112":" ","F113":" ","F114":" ","F115":" ","F116":" ","F117":" ","F118":" ","F119":" ","F120":" ","F122":" ","F123":" ","F124":" ","F125":" ","F126":" ","F127":" ","Field":0}},{"type":"Feature","id":39,"geometry":{"type":"Polygon","coordinates":[[[31.905714466380655,30.130592155875419],[31.905705613409086,30.130621374059217],[31.905670492215972,30.130613332754873],[31.905669434426027,30.130616820972829],[31.905665219758244,30.130615855980444],[31.905671351787241,30.130595620008375],[31.905636231643488,30.130587578687468],[31.905651323462134,30.130537773813465],[31.905614044537998,30.130529238617878],[31.90559739324453,30.130584189482775],[31.905565282546601,30.130576837302861],[31.90555926159875,30.130575458995082],[31.905555641014466,30.130587408760945],[31.905551426348936,30.130586443764834],[31.905552378364199,30.130583304459638],[31.905551023384451,30.130582993575374],[31.90555112916303,30.130582644663473],[31.905523233141693,30.130576258371317],[31.905523127354815,30.130576606381251],[31.905516855798918,30.130575171166292],[31.905519445819738,30.1305666228359],[31.905491951193536,30.130560327582433],[31.905491845414794,30.130560676494309],[31.905485222369329,30.13055915981078],[31.905494737283991,30.1305277595829],[31.905491527147106,30.130527023995459],[31.905493270939363,30.130521266960411],[31.90549367233616,30.130521358907945],[31.905499487059064,30.130502169678643],[31.905499085662349,30.130502077731112],[31.905500618934106,30.13049701851256],[31.905497006372087,30.130496191886877],[31.905498116529223,30.130492528315802],[31.905574580447588,30.13051003483988],[31.905580077819049,30.130491892343091],[31.90555699649034,30.130486607635056],[31.905561886412109,30.13047047092606],[31.905526767366872,30.130462430469439],[31.905528776121169,30.130455801150632],[31.905513824629121,30.13045237723184],[31.905525057132955,30.130415307643435],[31.905540009640934,30.130418729750005],[31.905541330331353,30.130414370165884],[31.905523785914745,30.130410298416123],[31.905536293693405,30.130368669305195],[31.905576013663051,30.130377818222676],[31.905577651661492,30.130372409196479],[31.905573638744851,30.130371490618359],[31.905574748897887,30.130367827046665],[31.905576856744883,30.130368309540906],[31.905586741310334,30.130335687216252],[31.905601693816386,30.130339110218014],[31.905610310079833,30.130310675729877],[31.905646433609181,30.130318946476848],[31.905651349689727,30.130302722087379],[31.905650948293694,30.130302630140328],[31.905652242780398,30.130298356428394],[31.905691378858453,30.130307317202661],[31.905690070241111,30.130311634309695],[31.905689668844996,30.130311542362762],[31.905667639151492,30.130384243438378],[31.90570255956867,30.130392239222953],[31.905716118068316,30.130347493562088],[31.905754249638498,30.130356224006032],[31.905757947704227,30.130344012112424],[31.905762164436499,30.130344977087816],[31.905761186257358,30.130348204973629],[31.905763093402513,30.130348641040534],[31.905762987624932,30.130348989952605],[31.905791334914689,30.13035548042599],[31.905791440692177,30.13035513151392],[31.905796708759091,30.130356338202422],[31.905793853796531,30.130365757919769],[31.905822351881195,30.130372283428251],[31.905822457658573,30.130371934516123],[31.905828077200869,30.130373220865547],[31.905818826338876,30.130403749741163],[31.905822037503377,30.130404484411496],[31.905813072283234,30.130432654316937],[31.905813473679935,30.130432746263491],[31.905812944792494,30.130434490824001],[31.905816557354655,30.130435317441027],[31.905815447209928,30.130438981014539],[31.905738984337404,30.130421473721178],[31.905733459788404,30.130439704810485],[31.905733512815491,30.130439716171427],[31.905733539004636,30.130439629396196],[31.905756568333231,30.130444901803205],[31.90575167843625,30.130461037616865],[31.90578679750579,30.130469078914924],[31.905777497267103,30.130499771394948],[31.905778899146291,30.130500104504396],[31.905792444714514,30.130503205233694],[31.905782982275067,30.130534431930798],[31.905785692218089,30.130535051890572],[31.905784582071188,30.130538715463796],[31.905746199811166,30.130529927223641],[31.905737265206515,30.130559409364597],[31.905741279178056,30.13056032883231],[31.905740169029269,30.130563992405229],[31.905737059755626,30.130563279581509],[31.905727411943165,30.13059511912758],[31.905714466380655,30.130592155875419]]]},"properties":{"FID":39,"Join_Count":1,"NUMBER":63,"Text":"E","RefName_12":"F.F.L:196.75","NO_BUILDIN":63,"exc_Buildi":0,"exc_Elevat":0,"Pit_Layer":0,"Pit_Laye_1":0,"Layer_1":0,"Layer_2":0,"Layer_3":0,"Layer_4":0,"Layer_5":0,"Layer_6":0,"Layer_7":0,"Layer_8":0,"Layer_9":0,"Layer_10":0,"Layer_11":" ","Layer_12":" ","Layer_13":" ","Layer_14":" ","Layer_15":" ","Layer_16":" ","Curb":" ","PC":" ","RC":" ","col_rc":" ","GB":" ","col_GB":" ","Block_SOG":" ","SOG":" ","Col_SOG":" ","Col_to_1st":" ","AX__1M":" ","Slab_1":" ","Col_to_2nd":" ","Slab_2":" ","Col_to_3rd":" ","Slab_3":" ","Col_to_4th":" ","Slab_4":" ","Col_to_5th":" ","Slab_5":" ","Col_to_6th":" ","Slab_6":" ","Col_to_Roo":" ","Slab_Roof":" ","Axis_COL":" ","Light_Weig":" ","Sleeves":" ","status":" ","F50":" ","F51":" ","F52":" ","F53":" ","F54":" ","F55":" ","F56":" ","F57":" ","F58":" ","F59":" ","F60":" ","F61":" ","F62":" ","F63":" ","F64":" ","F65":" ","F66":" ","F67":" ","F68":" ","F69":" ","F70":" ","F71":" ","F72":" ","F73":" ","F74":" ","F75":" ","F76":" ","F77":" ","F78":" ","F79":" ","F80":" ","F81":" ","F82":" ","F83":" ","F84":" ","F85":" ","F86":" ","F87":" ","F88":" ","F89":" ","F90":" ","F91":" ","F92":" ","F93":" ","F94":" ","F95":" ","F96":" ","F97":" ","F98":" ","F99":" ","F100":" ","F101":" ","F102":" ","F103":" ","F104":" ","F105":" ","F106":" ","F107":" ","F108":" ","F109":" ","F110":" ","F111":" ","F112":" ","F113":" ","F114":" ","F115":" ","F116":" ","F117":" ","F118":" ","F119":" ","F120":" ","F122":" ","F123":" ","F124":" ","F125":" ","F126":" ","F127":" ","Field":0}},{"type":"Feature","id":40,"geometry":{"type":"Polygon","coordinates":[[[31.908031280773947,30.130710303808446],[31.908029470259461,30.130715103381913],[31.907994958203165,30.130705268869821],[31.90799392481194,30.130708011861358],[31.907962105037054,30.130698565555107],[31.90796197638084,30.130698908312674],[31.907960003731134,30.130698346446557],[31.907958840645104,30.130701432202553],[31.907954698701619,30.130700252098865],[31.907979330508773,30.13063493924302],[31.907958721721197,30.130629066893835],[31.907958704485225,30.130629111212315],[31.90795880332599,30.130629139394387],[31.907951383982422,30.130648810670039],[31.907933143205042,30.130643612911481],[31.907921830319406,30.130673610443324],[31.907887133090785,30.130663723059989],[31.907886667718454,30.130664919658308],[31.907882304054727,30.130676490353419],[31.907847004420478,30.130666431225229],[31.907846131065927,30.130668745548707],[31.907841990162705,30.130667565434234],[31.907854354731938,30.130634779690656],[31.907821025687461,30.130625282437148],[31.907819732903601,30.130628710956664],[31.907815590964709,30.13062753084845],[31.907816592984538,30.130624874669689],[31.9077805994147,30.130614618262097],[31.907784769579852,30.130603561258823],[31.907751739157728,30.130594149421583],[31.907763053107946,30.130564150092059],[31.9077591088537,30.130563026346433],[31.907760466481939,30.130559425994218],[31.90778334337449,30.130565944797823],[31.907794656274461,30.130535945472861],[31.907850959982746,30.130551989715016],[31.90786296892923,30.130520148144491],[31.907800848210094,30.130502445567139],[31.907811191517453,30.130475018306729],[31.907813131724385,30.130469875069366],[31.907799621811478,30.130466026521507],[31.90780097943701,30.130462426168865],[31.907804529371322,30.13046343807936],[31.907804966044122,30.130462280466727],[31.90780536036872,30.130462393202674],[31.907814347075703,30.1304385653855],[31.907813952751194,30.130438452649582],[31.907815972985667,30.130433095980703],[31.907825636447686,30.130435848972571],[31.907834493453571,30.130412363918719],[31.907834099137379,30.130412252084824],[31.907836231811736,30.130406595165503],[31.907871730070511,30.130416710656018],[31.907872764499981,30.130413967658171],[31.907879272360958,30.130415822375213],[31.907879142667142,30.130416165139888],[31.907900835530612,30.130422346625643],[31.90790096522435,30.130422003860936],[31.907906684437247,30.130423633105281],[31.907907848559528,30.13042054734246],[31.90791198945309,30.130421727455118],[31.907887357650356,30.130487040300235],[31.907907867563665,30.13049288447932],[31.907915303103433,30.130473168894426],[31.907933544894256,30.130478367551071],[31.907944857755673,30.130448370017856],[31.907952351942523,30.13045050566441],[31.907957168466258,30.130437733944536],[31.907999074734764,30.130449675937953],[31.907994260291208,30.130462447644902],[31.907999188782956,30.130463851428701],[31.908004902427013,30.130448868951749],[31.908051969383962,30.130462186046461],[31.908039112024046,30.130496110866769],[31.908045226606006,30.130497852832967],[31.908046519388677,30.130494425213357],[31.908050660286872,30.130495605321521],[31.908049981474335,30.130497405048047],[31.908086860426192,30.130507913244791],[31.908082043916103,30.130520684969024],[31.908114188943355,30.130529844860753],[31.908102552941934,30.130560700665303],[31.908120892552947,30.130565926582495],[31.908121022246096,30.130565583817589],[31.908125853987478,30.130566960302158],[31.908113247382481,30.130600389084858],[31.908108365692161,30.130598997610491],[31.908108495385402,30.130598654845606],[31.908026308909552,30.130575235954382],[31.908015059881048,30.13060506347156],[31.90806564338919,30.13061947748584],[31.908053359941267,30.130652048005185],[31.908067165365406,30.13065598017727],[31.908065806717747,30.130659581441552],[31.908062158978964,30.130658542251197],[31.908061545008227,30.130660170144349],[31.908061150690809,30.130660058311168],[31.908052018116631,30.130684271415831],[31.908052412442398,30.130684384151017],[31.908050715416369,30.130688884369253],[31.908040066628178,30.130685849553064],[31.908030886448127,30.13071019107322],[31.908031280773947,30.130710303808446]]]},"properties":{"FID":40,"Join_Count":1,"NUMBER":20,"Text":"E","RefName_12":"F.F.L:197.55","NO_BUILDIN":20,"exc_Buildi":0,"exc_Elevat":0,"Pit_Layer":0,"Pit_Laye_1":0,"Layer_1":0,"Layer_2":0,"Layer_3":0,"Layer_4":0,"Layer_5":0,"Layer_6":0,"Layer_7":0,"Layer_8":0,"Layer_9":0,"Layer_10":0,"Layer_11":" ","Layer_12":" ","Layer_13":" ","Layer_14":" ","Layer_15":" ","Layer_16":" ","Curb":" ","PC":" ","RC":" ","col_rc":" ","GB":" ","col_GB":" ","Block_SOG":" ","SOG":" ","Col_SOG":" ","Col_to_1st":" ","AX__1M":" ","Slab_1":" ","Col_to_2nd":" ","Slab_2":" ","Col_to_3rd":" ","Slab_3":" ","Col_to_4th":" ","Slab_4":" ","Col_to_5th":" ","Slab_5":" ","Col_to_6th":" ","Slab_6":" ","Col_to_Roo":" ","Slab_Roof":" ","Axis_COL":" ","Light_Weig":" ","Sleeves":" ","status":" ","F50":" ","F51":" ","F52":" ","F53":" ","F54":" ","F55":" ","F56":" ","F57":" ","F58":" ","F59":" ","F60":" ","F61":" ","F62":" ","F63":" ","F64":" ","F65":" ","F66":" ","F67":" ","F68":" ","F69":" ","F70":" ","F71":" ","F72":" ","F73":" ","F74":" ","F75":" ","F76":" ","F77":" ","F78":" ","F79":" ","F80":" ","F81":" ","F82":" ","F83":" ","F84":" ","F85":" ","F86":" ","F87":" ","F88":" ","F89":" ","F90":" ","F91":" ","F92":" ","F93":" ","F94":" ","F95":" ","F96":" ","F97":" ","F98":" ","F99":" ","F100":" ","F101":" ","F102":" ","F103":" ","F104":" ","F105":" ","F106":" ","F107":" ","F108":" ","F109":" ","F110":" ","F111":" ","F112":" ","F113":" ","F114":" ","F115":" ","F116":" ","F117":" ","F118":" ","F119":" ","F120":" ","F122":" ","F123":" ","F124":" ","F125":" ","F126":" ","F127":" ","Field":0}},{"type":"Feature","id":41,"geometry":{"type":"Polygon","coordinates":[[[31.907520618024186,30.130741097501854],[31.907514153007074,30.130758240092518],[31.907480726147906,30.130748714563428],[31.907481043275837,30.130747874389293],[31.907447160189591,30.130737820706948],[31.907447030493866,30.130738163471211],[31.907444171400588,30.130737348835638],[31.907443007252088,30.130740433692587],[31.907438866350294,30.130739253565377],[31.907459716353866,30.130683969507587],[31.907428754299282,30.130675146764819],[31.907407581082222,30.130731288172488],[31.907403439143565,30.130730108051292],[31.907404926482787,30.130726164938302],[31.907368047516201,30.130715656550482],[31.907367724318089,30.130716513904822],[31.907334297486138,30.130706988337803],[31.907340762531462,30.130689845755288],[31.90733524099306,30.1306882728516],[31.907305689404854,30.130679471913226],[31.907317003500047,30.130649472619538],[31.907293436815799,30.130642757344127],[31.907292467211928,30.130645328504642],[31.907290396763855,30.130644738438615],[31.907303714910618,30.130609424991835],[31.907399361254978,30.130636680644674],[31.90740744332626,30.130615253083789],[31.907349857841972,30.130598843158335],[31.907351215493886,30.130595243712026],[31.907354173422899,30.130596086532282],[31.907366263593875,30.130564030663638],[31.907365277271921,30.130563749726036],[31.907376106013409,30.130535035560488],[31.907398785204027,30.130541498968711],[31.907410784347672,30.130510840064556],[31.907445296282077,30.13052067473307],[31.907453021670179,30.130500189545646],[31.907450063743259,30.130499346727575],[31.907450872262171,30.130497204239639],[31.907491891009986,30.130508892739066],[31.90746841677009,30.13056997872879],[31.90748182681536,30.130573800037343],[31.907503178290845,30.13051718742971],[31.907563343570036,30.130534284860097],[31.907550477379356,30.13056839821952],[31.907587356316938,30.130578907458997],[31.907587679512734,30.130578050104166],[31.907622683606608,30.130588024749262],[31.90760477595984,30.130635509419722],[31.907623510923237,30.130640848135961],[31.907624577783469,30.130638019223365],[31.907626648233247,30.130638609284087],[31.9076133301987,30.130673922761186],[31.907517683763608,30.130646667266333],[31.907509601713954,30.130668094833489],[31.907605249205467,30.130695350326612],[31.907591931156183,30.130730663801547],[31.907589860704661,30.13073007374031],[31.907590830301547,30.130727502577781],[31.907567263581424,30.130720787352342],[31.907555949546712,30.130750785763901],[31.907520618024186,30.130741097501854]]]},"properties":{"FID":41,"Join_Count":1,"NUMBER":19,"Text":"D","RefName_12":"F.F.L:197.20","NO_BUILDIN":19,"exc_Buildi":0,"exc_Elevat":0,"Pit_Layer":0,"Pit_Laye_1":0,"Layer_1":0,"Layer_2":0,"Layer_3":0,"Layer_4":0,"Layer_5":0,"Layer_6":0,"Layer_7":0,"Layer_8":0,"Layer_9":0,"Layer_10":0,"Layer_11":" ","Layer_12":" ","Layer_13":" ","Layer_14":" ","Layer_15":" ","Layer_16":" ","Curb":" ","PC":" ","RC":" ","col_rc":" ","GB":" ","col_GB":" ","Block_SOG":" ","SOG":" ","Col_SOG":" ","Col_to_1st":" ","AX__1M":" ","Slab_1":" ","Col_to_2nd":" ","Slab_2":" ","Col_to_3rd":" ","Slab_3":" ","Col_to_4th":" ","Slab_4":" ","Col_to_5th":" ","Slab_5":" ","Col_to_6th":" ","Slab_6":" ","Col_to_Roo":" ","Slab_Roof":" ","Axis_COL":" ","Light_Weig":" ","Sleeves":" ","status":" ","F50":" ","F51":" ","F52":" ","F53":" ","F54":" ","F55":" ","F56":" ","F57":" ","F58":" ","F59":" ","F60":" ","F61":" ","F62":" ","F63":" ","F64":" ","F65":" ","F66":" ","F67":" ","F68":" ","F69":" ","F70":" ","F71":" ","F72":" ","F73":" ","F74":" ","F75":" ","F76":" ","F77":" ","F78":" ","F79":" ","F80":" ","F81":" ","F82":" ","F83":" ","F84":" ","F85":" ","F86":" ","F87":" ","F88":" ","F89":" ","F90":" ","F91":" ","F92":" ","F93":" ","F94":" ","F95":" ","F96":" ","F97":" ","F98":" ","F99":" ","F100":" ","F101":" ","F102":" ","F103":" ","F104":" ","F105":" ","F106":" ","F107":" ","F108":" ","F109":" ","F110":" ","F111":" ","F112":" ","F113":" ","F114":" ","F115":" ","F116":" ","F117":" ","F118":" ","F119":" ","F120":" ","F122":" ","F123":" ","F124":" ","F125":" ","F126":" ","F127":" ","Field":0}},{"type":"Feature","id":42,"geometry":{"type":"Polygon","coordinates":[[[31.906491472144868,30.130809379929325],[31.906490931918398,30.130811586409173],[31.906448708536111,30.130803781922641],[31.906464523930939,30.130740862790169],[31.906450719744686,30.130738311446059],[31.906436465222612,30.130796586091154],[31.906374539080872,30.130785186676214],[31.906383129466224,30.130750071896532],[31.90634516795312,30.130743055222197],[31.906344951862998,30.130743937994328],[31.906308919613462,30.130737277836637],[31.906320876329012,30.13068840014704],[31.906301591022551,30.130684835721311],[31.906300878745302,30.130687747871242],[31.906298747828966,30.130687353946694],[31.906307639314011,30.130651004021754],[31.906406093834939,30.130669200905992],[31.906411488912969,30.130647143376127],[31.90631303441317,30.130628946495431],[31.90632192588831,30.130592596569429],[31.906324057848551,30.130592991388465],[31.906323410599686,30.13059563789367],[31.906347668715224,30.130600121467495],[31.906355221636488,30.13056924165139],[31.906391543580117,30.130575585893475],[31.906395860269242,30.130557940406742],[31.906430267761362,30.130564299645279],[31.906430056695932,30.130565164342318],[31.906464983313413,30.13057200708684],[31.90646506934042,30.130571654702344],[31.906468013114136,30.130572198166814],[31.906468790428896,30.130569022175095],[31.906473053295318,30.130569810011593],[31.906459132918471,30.130626716684159],[31.906491004130064,30.130632607205662],[31.906505139548219,30.130574818666883],[31.90650940241515,30.130575606502198],[31.906508410042715,30.130579664357359],[31.906546370465584,30.130586680992867],[31.906546586553613,30.13058579822043],[31.906580995101645,30.130592157411879],[31.906576678444306,30.130609802903979],[31.906582362269582,30.13061085334785],[31.906612827332925,30.130616852762461],[31.906605274489028,30.130647732591598],[31.906629532628699,30.130652216112779],[31.90663017986968,30.130649569606234],[31.906632310786371,30.1306499635254],[31.906623419420971,30.130686313469887],[31.906524964847534,30.130668116749831],[31.906519569785623,30.13069017338184],[31.906578845652898,30.130701129171932],[31.906577939308921,30.130704834642966],[31.906574893659631,30.13070427203915],[31.906566822586701,30.13073726889354],[31.906567838152085,30.130737456726489],[31.906560608384765,30.130767012852456],[31.906537262876448,30.130762698017513],[31.906529109501321,30.130794297292965],[31.906493584486476,30.130787731106832],[31.906488426492796,30.130808817323558],[31.906491472144868,30.130809379929325]]]},"properties":{"FID":42,"Join_Count":1,"NUMBER":60,"Text":"D","RefName_12":"F.F.L:197.05","NO_BUILDIN":60,"exc_Buildi":0,"exc_Elevat":0,"Pit_Layer":0,"Pit_Laye_1":0,"Layer_1":0,"Layer_2":0,"Layer_3":0,"Layer_4":0,"Layer_5":0,"Layer_6":0,"Layer_7":0,"Layer_8":0,"Layer_9":0,"Layer_10":0,"Layer_11":" ","Layer_12":" ","Layer_13":" ","Layer_14":" ","Layer_15":" ","Layer_16":" ","Curb":" ","PC":" ","RC":" ","col_rc":" ","GB":" ","col_GB":" ","Block_SOG":" ","SOG":" ","Col_SOG":" ","Col_to_1st":" ","AX__1M":" ","Slab_1":" ","Col_to_2nd":" ","Slab_2":" ","Col_to_3rd":" ","Slab_3":" ","Col_to_4th":" ","Slab_4":" ","Col_to_5th":" ","Slab_5":" ","Col_to_6th":" ","Slab_6":" ","Col_to_Roo":" ","Slab_Roof":" ","Axis_COL":" ","Light_Weig":" ","Sleeves":" ","status":" ","F50":" ","F51":" ","F52":" ","F53":" ","F54":" ","F55":" ","F56":" ","F57":" ","F58":" ","F59":" ","F60":" ","F61":" ","F62":" ","F63":" ","F64":" ","F65":" ","F66":" ","F67":" ","F68":" ","F69":" ","F70":" ","F71":" ","F72":" ","F73":" ","F74":" ","F75":" ","F76":" ","F77":" ","F78":" ","F79":" ","F80":" ","F81":" ","F82":" ","F83":" ","F84":" ","F85":" ","F86":" ","F87":" ","F88":" ","F89":" ","F90":" ","F91":" ","F92":" ","F93":" ","F94":" ","F95":" ","F96":" ","F97":" ","F98":" ","F99":" ","F100":" ","F101":" ","F102":" ","F103":" ","F104":" ","F105":" ","F106":" ","F107":" ","F108":" ","F109":" ","F110":" ","F111":" ","F112":" ","F113":" ","F114":" ","F115":" ","F116":" ","F117":" ","F118":" ","F119":" ","F120":" ","F122":" ","F123":" ","F124":" ","F125":" ","F126":" ","F127":" ","Field":0}},{"type":"Feature","id":43,"geometry":{"type":"Polygon","coordinates":[[[31.906093415346749,30.130938433197223],[31.906091727731464,30.130944202480588],[31.906055523387504,30.13093620212425],[31.906054705244827,30.130938999543048],[31.90604806705392,30.13093753260446],[31.906048169709869,30.130937182811667],[31.90602604449181,30.130932293901626],[31.906025941835782,30.130932643694376],[31.906020108469434,30.130931355219943],[31.906019188699162,30.13093450152213],[31.906014963926168,30.130933568181884],[31.906034445384449,30.130866955275373],[31.906013527401058,30.130862332257159],[31.906007646433459,30.130882441130961],[31.905989040997113,30.130878328951813],[31.9059800937627,30.130908924297557],[31.905972450080771,30.130907236073135],[31.905968641144078,30.130920261463725],[31.9059258994969,30.130910816885631],[31.905929706355359,30.13089779060849],[31.905924679882585,30.130896679679619],[31.9059201475126,30.130911965127083],[31.905872150449287,30.130901451771518],[31.905882333389293,30.130866847418375],[31.905876096579391,30.130865469711317],[31.905875074148575,30.130868965805274],[31.905870850417287,30.130868032453144],[31.905871386776003,30.130866196736115],[31.905833773526233,30.130857884906654],[31.905837583516202,30.130844859512383],[31.90580479710464,30.130837614881241],[31.905814001025163,30.130806144613601],[31.905795294752423,30.130802010550877],[31.905795193133351,30.130802360336329],[31.905790265449589,30.13080127127208],[31.905800236179665,30.130767177131247],[31.905805214813793,30.130768277570375],[31.905805112148911,30.130768626460998],[31.905888935772555,30.130787150075804],[31.905897832722466,30.130756728271567],[31.905846242327204,30.130745327722174],[31.905855957433548,30.13071210850276],[31.905841876290832,30.130708998843474],[31.905842951066639,30.130705325591311],[31.905846672559576,30.130706147848414],[31.905847157585605,30.130704486576764],[31.905847559996417,30.130704575810139],[31.905854782421837,30.130679879901351],[31.905854380011139,30.130679790668015],[31.905855722458742,30.13067520091375],[31.905866584352449,30.130677601215137],[31.905873845009047,30.13065277424764],[31.905873442598431,30.13065268501434],[31.90587487461481,30.130647789756864],[31.905910074377719,30.130655567974152],[31.90591089148473,30.130652770563291],[31.905943374499277,30.130660320341825],[31.905943476125913,30.130659971458257],[31.905945488162978,30.13066041581963],[31.905946407925061,30.130657268615863],[31.905950632685634,30.130658201958582],[31.905931151216137,30.130724815757045],[31.905952170024925,30.130729460644634],[31.905952184132403,30.130729414543925],[31.905952083274361,30.130729392688448],[31.90595795117525,30.130709329910179],[31.905976555524411,30.130713440297736],[31.905985502752177,30.130682845853634],[31.906020891775004,30.130690665131578],[31.906021262513324,30.13068944393514],[31.906024713181509,30.130677643261379],[31.906060716741667,30.13068559900859],[31.906061407075342,30.130683238150638],[31.90606563080037,30.130684171496803],[31.906055852394822,30.130717610360229],[31.906089844970491,30.130725121732258],[31.906090867384119,30.130721624734765],[31.90609509111103,30.130722558079913],[31.906094299143508,30.130725266919743],[31.906131009803282,30.130733379235487],[31.906127711066326,30.130744656589737],[31.906161400027795,30.130752100580072],[31.906152451835997,30.130782697747939],[31.90615647384152,30.130783586478412],[31.906155400097823,30.130787257921785],[31.906132068720435,30.130782102226508],[31.906123120517062,30.130812699392493],[31.906065694626367,30.130800009572596],[31.906056196959586,30.130832486741756],[31.906119556050985,30.130846486898253],[31.906111374647143,30.13087446108959],[31.906109841021525,30.130879706134973],[31.90612361859209,30.130882751107862],[31.906122544846188,30.130886422550933],[31.906118924202616,30.130885622157223],[31.90611857903583,30.130886802586296],[31.906118176632294,30.130886714255766],[31.906111070001117,30.130911016094799],[31.906111472412988,30.130911105327321],[31.906109874368642,30.130916569107729],[31.906100017945878,30.13091439101024],[31.906093012934789,30.130938343964644],[31.906093415346749,30.130938433197223]]]},"properties":{"FID":43,"Join_Count":1,"NUMBER":61,"Text":"E","RefName_12":"F.F.L:196.95","NO_BUILDIN":61,"exc_Buildi":0,"exc_Elevat":0,"Pit_Layer":0,"Pit_Laye_1":0,"Layer_1":0,"Layer_2":0,"Layer_3":0,"Layer_4":0,"Layer_5":0,"Layer_6":0,"Layer_7":0,"Layer_8":0,"Layer_9":0,"Layer_10":0,"Layer_11":" ","Layer_12":" ","Layer_13":" ","Layer_14":" ","Layer_15":" ","Layer_16":" ","Curb":" ","PC":" ","RC":" ","col_rc":" ","GB":" ","col_GB":" ","Block_SOG":" ","SOG":" ","Col_SOG":" ","Col_to_1st":" ","AX__1M":" ","Slab_1":" ","Col_to_2nd":" ","Slab_2":" ","Col_to_3rd":" ","Slab_3":" ","Col_to_4th":" ","Slab_4":" ","Col_to_5th":" ","Slab_5":" ","Col_to_6th":" ","Slab_6":" ","Col_to_Roo":" ","Slab_Roof":" ","Axis_COL":" ","Light_Weig":" ","Sleeves":" ","status":" ","F50":" ","F51":" ","F52":" ","F53":" ","F54":" ","F55":" ","F56":" ","F57":" ","F58":" ","F59":" ","F60":" ","F61":" ","F62":" ","F63":" ","F64":" ","F65":" ","F66":" ","F67":" ","F68":" ","F69":" ","F70":" ","F71":" ","F72":" ","F73":" ","F74":" ","F75":" ","F76":" ","F77":" ","F78":" ","F79":" ","F80":" ","F81":" ","F82":" ","F83":" ","F84":" ","F85":" ","F86":" ","F87":" ","F88":" ","F89":" ","F90":" ","F91":" ","F92":" ","F93":" ","F94":" ","F95":" ","F96":" ","F97":" ","F98":" ","F99":" ","F100":" ","F101":" ","F102":" ","F103":" ","F104":" ","F105":" ","F106":" ","F107":" ","F108":" ","F109":" ","F110":" ","F111":" ","F112":" ","F113":" ","F114":" ","F115":" ","F116":" ","F117":" ","F118":" ","F119":" ","F120":" ","F122":" ","F123":" ","F124":" ","F125":" ","F126":" ","F127":" ","Field":0}},{"type":"Feature","id":44,"geometry":{"type":"Polygon","coordinates":[[[31.906781023882974,30.131057365257217],[31.906774654603868,30.131059552421782],[31.906760928924218,30.131029351592026],[31.906757841009668,30.131030412033489],[31.906755324829941,30.131024875603991],[31.906755710689541,30.131024743049714],[31.906747322374432,30.131006286788196],[31.906746936514892,30.131006419342437],[31.906744725325233,30.131001553721774],[31.90674125051417,30.131002746724217],[31.906739649302434,30.130999222721606],[31.906813191312921,30.130973969971897],[31.906805261521285,30.130956520822252],[31.906783061649417,30.130964143690846],[31.90677600870886,30.130948623340593],[31.906742230972259,30.130960221944111],[31.906739333555379,30.130953846551858],[31.906724953289803,30.130958784244264],[31.906708750632891,30.130923131498133],[31.906723129840074,30.130918192010771],[31.90672122469616,30.130913998995499],[31.906704313587621,30.130919748833136],[31.906686030217127,30.130879766269079],[31.906724271179751,30.130866691838449],[31.906721905416845,30.130861489924975],[31.906718045788974,30.130862815473737],[31.906716444588689,30.13085929237268],[31.906718471126727,30.13085859645799],[31.906704212789833,30.130827220344319],[31.906718593037613,30.130822282654439],[31.90670616362052,30.130794934108788],[31.90674090647137,30.130783004126204],[31.906733815429547,30.130767400147224],[31.90673342957092,30.130767532701434],[31.906731561505193,30.130763422416997],[31.906769200866705,30.130750497350856],[31.906771089036237,30.130754649891369],[31.906770703177685,30.130754782445674],[31.906802480493024,30.130824704935332],[31.906836065757709,30.130813171688878],[31.906816508179205,30.130770136449925],[31.906853181337187,30.130757543658667],[31.906847841909943,30.130745799106236],[31.906851897046554,30.130744406356609],[31.906853308671394,30.130747510418828],[31.906855141758154,30.130746880782937],[31.906855294252516,30.130747216187345],[31.906882558858214,30.130737854427302],[31.906882406355521,30.130737518120942],[31.90688747321019,30.130735778324357],[31.906891590602072,30.130744838752438],[31.906919000030015,30.130735427276008],[31.906918847535465,30.130735091871653],[31.906924251626162,30.130733236090958],[31.906937596070851,30.130762597943018],[31.906940683966859,30.130761536595543],[31.906952650304252,30.130788850428722],[31.906953037200307,30.130788717866732],[31.906953799682366,30.130790395790175],[31.906957273445705,30.13078920278943],[31.906958874653274,30.130792725887414],[31.906885333861087,30.130817979610708],[31.906893301784784,30.130835513283394],[31.906893352473315,30.1308354957951],[31.906893314351702,30.130835412169496],[31.906915463489309,30.130827805869249],[31.906922516434136,30.130843325310043],[31.906956294108955,30.130831726661174],[31.90696970954977,30.130861246776327],[31.906971065852812,30.130860792716486],[31.906984094029671,30.130856318950599],[31.906997742461932,30.130886351610968],[31.907000348305349,30.130885456855939],[31.907001949516069,30.130888979953294],[31.906965034268481,30.130901656541493],[31.90697792126392,30.130930012175209],[31.906981780890678,30.130928686618795],[31.906983382101505,30.130932209716377],[31.906980391435436,30.130933237018862],[31.906994308846478,30.130963859553571],[31.906981858925878,30.130968134491873],[31.906994629461703,30.130996235653118],[31.906960850706742,30.131007835221734],[31.906962375674699,30.131011191068342],[31.906958322596022,30.131012582905246],[31.906949476759404,30.130993120444536],[31.906915697991639,30.131004719099664],[31.906893928097144,30.130956817362406],[31.906858074182246,30.130969129394028],[31.906882093380702,30.131021980381291],[31.906851210105792,30.131032585751502],[31.906845419100321,30.131034574091178],[31.906850643132927,30.13104606687126],[31.906846589013508,30.131047458711905],[31.906845216551876,30.131044439170253],[31.906843914146194,30.131044886542718],[31.906843761643145,30.13104455023635],[31.906816931439501,30.131053763765234],[31.906817083934229,30.131054099169674],[31.906811051894241,30.131056170353517],[31.906807315736806,30.131047948885559],[31.906780871388364,30.131057029852713],[31.906781023882974,30.131057365257217]]]},"properties":{"FID":44,"Join_Count":1,"NUMBER":59,"Text":"E","RefName_12":"F.F.L:197.10","NO_BUILDIN":59,"exc_Buildi":0,"exc_Elevat":0,"Pit_Layer":0,"Pit_Laye_1":0,"Layer_1":0,"Layer_2":0,"Layer_3":0,"Layer_4":0,"Layer_5":0,"Layer_6":0,"Layer_7":0,"Layer_8":0,"Layer_9":0,"Layer_10":0,"Layer_11":" ","Layer_12":" ","Layer_13":" ","Layer_14":" ","Layer_15":" ","Layer_16":" ","Curb":" ","PC":" ","RC":" ","col_rc":" ","GB":" ","col_GB":" ","Block_SOG":" ","SOG":" ","Col_SOG":" ","Col_to_1st":" ","AX__1M":" ","Slab_1":" ","Col_to_2nd":" ","Slab_2":" ","Col_to_3rd":" ","Slab_3":" ","Col_to_4th":" ","Slab_4":" ","Col_to_5th":" ","Slab_5":" ","Col_to_6th":" ","Slab_6":" ","Col_to_Roo":" ","Slab_Roof":" ","Axis_COL":" ","Light_Weig":" ","Sleeves":" ","status":" ","F50":" ","F51":" ","F52":" ","F53":" ","F54":" ","F55":" ","F56":" ","F57":" ","F58":" ","F59":" ","F60":" ","F61":" ","F62":" ","F63":" ","F64":" ","F65":" ","F66":" ","F67":" ","F68":" ","F69":" ","F70":" ","F71":" ","F72":" ","F73":" ","F74":" ","F75":" ","F76":" ","F77":" ","F78":" ","F79":" ","F80":" ","F81":" ","F82":" ","F83":" ","F84":" ","F85":" ","F86":" ","F87":" ","F88":" ","F89":" ","F90":" ","F91":" ","F92":" ","F93":" ","F94":" ","F95":" ","F96":" ","F97":" ","F98":" ","F99":" ","F100":" ","F101":" ","F102":" ","F103":" ","F104":" ","F105":" ","F106":" ","F107":" ","F108":" ","F109":" ","F110":" ","F111":" ","F112":" ","F113":" ","F114":" ","F115":" ","F116":" ","F117":" ","F118":" ","F119":" ","F120":" ","F122":" ","F123":" ","F124":" ","F125":" ","F126":" ","F127":" ","Field":0}},{"type":"Feature","id":45,"geometry":{"type":"Polygon","coordinates":[[[31.908607163782264,30.131153817292539],[31.908606446278501,30.131158192579857],[31.908566381070624,30.131153225170102],[31.908567106472994,30.131148805629003],[31.908567516834221,30.131148856011784],[31.90857972954586,30.131074428217701],[31.908543979969039,30.131069996537271],[31.908536463621548,30.131115804783246],[31.908497425905225,30.131110964651384],[31.90849537663183,30.131123466496561],[31.908491060004312,30.131122931665914],[31.908491602596889,30.131119627393748],[31.908489650505551,30.131119385613687],[31.908489709497175,30.131119028002708],[31.908460687822664,30.131115430172251],[31.908460629868586,30.131115787776057],[31.908455235896596,30.131115118772716],[31.908456818404513,30.131105475073984],[31.908427644009741,30.13110185754514],[31.908427585017897,30.131102215156091],[31.908421832626409,30.131101501723325],[31.908426960509026,30.131070247982247],[31.908423673430406,30.131069840435231],[31.90842883131323,30.131040958821028],[31.908428420952504,30.1310409084378],[31.90842871385275,30.131039122201287],[31.90842501537681,30.131038664278226],[31.908425630681595,30.131034913901726],[31.908503910701004,30.13104461804005],[31.908506972453509,30.13102595465671],[31.908506918437677,30.131025948715898],[31.908506904727442,30.131026038111475],[31.908483327941408,30.131023114347105],[31.908486038852452,30.131006595706523],[31.908450085675703,30.131002138346631],[31.908455241064651,30.130970716636792],[31.908453804164633,30.130970527220786],[31.908439936948049,30.130968808192883],[31.908445181773217,30.130936840137952],[31.908442407919065,30.130936496695941],[31.908443024252072,30.130932745410174],[31.908482317464063,30.130937617168282],[31.908487270412955,30.130907435341292],[31.908483161573258,30.130906926134735],[31.908483776875148,30.13090317575795],[31.908486960051,30.130903569589307],[31.908492309122622,30.130870974804203],[31.908505561300835,30.130872617797788],[31.908510468975201,30.13084270598921],[31.908546424171533,30.130847163319466],[31.90854700997507,30.130843591747894],[31.908551324515329,30.130844126591338],[31.908547925618215,30.130864842617019],[31.908583880832261,30.130869300838778],[31.908575514282003,30.130920288999778],[31.908613678210937,30.130925020592834],[31.908622908691338,30.130868764023848],[31.908655782531511,30.130872839420313],[31.908661946308868,30.130873603218454],[31.908663953389055,30.130861369564649],[31.908668267930619,30.130861904404224],[31.908667740092824,30.130865119274326],[31.90866912701922,30.130865290992947],[31.908669069066022,30.130865648596838],[31.908697627327015,30.130869189150445],[31.90869768631778,30.130868831539381],[31.908704106709241,30.130869627838344],[31.908702670684271,30.130878379323281],[31.908730818581517,30.130881868585202],[31.908730876542755,30.13088151188326],[31.908737657422044,30.13088235169149],[31.908732382160871,30.130914498569073],[31.90873566923538,30.130914906108455],[31.908734703087312,30.130920799425251],[31.908734291689299,30.130920749050158],[31.908731068779215,30.13094039405749],[31.9087314791479,30.130940445341729],[31.908730629951318,30.13094562434549],[31.908734327395567,30.130946083169146],[31.908733712102951,30.130949833546897],[31.908655433169258,30.130940128635228],[31.908652385148812,30.130958701724079],[31.9086760149018,30.130961631406251],[31.908673304031794,30.130978150952149],[31.908709257208152,30.130982608250918],[31.908708144618682,30.130989395587989],[31.908723450719037,30.130991293162463],[31.908717224037872,30.131029243051042],[31.908701916910591,30.131027347287105],[31.908701184647576,30.131031810173731],[31.908719152900201,30.131034090744617],[31.90871226629579,30.131076697857413],[31.908671594958221,30.131071602974135],[31.908670687804282,30.131077139581368],[31.9086747956142,30.131077648789059],[31.908674180326901,30.131081400068478],[31.908672023570126,30.131081132645321],[31.908666543869142,30.131114529340337],[31.908651236712963,30.131112631766818],[31.908646459749431,30.131141741674274],[31.908609478008021,30.131137157067929],[31.908606753412734,30.13115376600792],[31.908607163782264,30.131153817292539]]]},"properties":{"FID":45,"Join_Count":1,"NUMBER":22,"Text":"E","RefName_12":"F.F.L:197.15","NO_BUILDIN":22,"exc_Buildi":0,"exc_Elevat":0,"Pit_Layer":0,"Pit_Laye_1":0,"Layer_1":0,"Layer_2":0,"Layer_3":0,"Layer_4":0,"Layer_5":0,"Layer_6":0,"Layer_7":0,"Layer_8":0,"Layer_9":0,"Layer_10":0,"Layer_11":" ","Layer_12":" ","Layer_13":" ","Layer_14":" ","Layer_15":" ","Layer_16":" ","Curb":" ","PC":" ","RC":" ","col_rc":" ","GB":" ","col_GB":" ","Block_SOG":" ","SOG":" ","Col_SOG":" ","Col_to_1st":" ","AX__1M":" ","Slab_1":" ","Col_to_2nd":" ","Slab_2":" ","Col_to_3rd":" ","Slab_3":" ","Col_to_4th":" ","Slab_4":" ","Col_to_5th":" ","Slab_5":" ","Col_to_6th":" ","Slab_6":" ","Col_to_Roo":" ","Slab_Roof":" ","Axis_COL":" ","Light_Weig":" ","Sleeves":" ","status":" ","F50":" ","F51":" ","F52":" ","F53":" ","F54":" ","F55":" ","F56":" ","F57":" ","F58":" ","F59":" ","F60":" ","F61":" ","F62":" ","F63":" ","F64":" ","F65":" ","F66":" ","F67":" ","F68":" ","F69":" ","F70":" ","F71":" ","F72":" ","F73":" ","F74":" ","F75":" ","F76":" ","F77":" ","F78":" ","F79":" ","F80":" ","F81":" ","F82":" ","F83":" ","F84":" ","F85":" ","F86":" ","F87":" ","F88":" ","F89":" ","F90":" ","F91":" ","F92":" ","F93":" ","F94":" ","F95":" ","F96":" ","F97":" ","F98":" ","F99":" ","F100":" ","F101":" ","F102":" ","F103":" ","F104":" ","F105":" ","F106":" ","F107":" ","F108":" ","F109":" ","F110":" ","F111":" ","F112":" ","F113":" ","F114":" ","F115":" ","F116":" ","F117":" ","F118":" ","F119":" ","F120":" ","F122":" ","F123":" ","F124":" ","F125":" ","F126":" ","F127":" ","Field":0}},{"type":"Feature","id":46,"geometry":{"type":"Polygon","coordinates":[[[31.908087664455213,30.131158128518475],[31.908067780270144,30.131181917089108],[31.908037559520544,30.131162830603451],[31.908026213684963,30.131176403336312],[31.908026549773449,30.131176615697019],[31.908023560620389,30.131180191242752],[31.907990820262729,30.131159512935628],[31.90799383917031,30.131155900201872],[31.907994175258644,30.131156112562653],[31.908045014366099,30.131095291141595],[31.908015800857818,30.131076839935226],[31.907984510274545,30.131114273805331],[31.907952609129367,30.131094126397063],[31.90794407182004,30.131104344019604],[31.907940543949518,30.1311021160267],[31.907942801212759,30.131099415996339],[31.907941206363375,30.131098408624165],[31.907941449632389,30.131098116490435],[31.907917734609644,30.131083137970645],[31.907917490302925,30.131083430111481],[31.907913082552081,30.131080646232533],[31.90791967059759,30.131072765702921],[31.907895829293899,30.131057707770839],[31.907895584987195,30.131057999911651],[31.907890883941565,30.131055030436094],[31.907912232963614,30.131029490857561],[31.907909546353476,30.131027793759088],[31.907929645511121,30.131004362733968],[31.907929309431665,30.13100415127499],[31.907930528897015,30.131002691486952],[31.907927506207873,30.131000782929842],[31.907930068337627,30.130997718178197],[31.907994037575218,30.131038119187238],[31.908006786617097,30.131022868010017],[31.9080067427799,30.131022840350017],[31.908006681180378,30.131022912937883],[31.907987415669481,30.131010745078566],[31.907998698863199,30.130997245845986],[31.90796931839467,30.130978689342633],[31.907990781314609,30.130953012758379],[31.907989614272523,30.130952261313297],[31.907978281259712,30.130945103537897],[31.908000117810484,30.130918979670891],[31.907997850796647,30.130917548479715],[31.908000412922107,30.130914483726748],[31.908032523815365,30.130934764077647],[31.908053139841105,30.13091009909623],[31.908049782102601,30.130907978174058],[31.908052344226199,30.130904913420089],[31.908054946290456,30.130906556978154],[31.908077210853978,30.130879920495282],[31.908088040772334,30.130886759714194],[31.908108472009346,30.130862316095936],[31.908137854551544,30.130880873456249],[31.908140294518915,30.130877954771261],[31.908143820293873,30.130880180969346],[31.908129669115588,30.130897110600532],[31.908159051672104,30.130915667955726],[31.908124222876854,30.130957334269841],[31.908155410097688,30.130977031947879],[31.908193837752279,30.130931059730194],[31.908220700723952,30.130948026165676],[31.908225737853851,30.130951207087584],[31.908234094498365,30.130941209888455],[31.908237620285902,30.130943436985881],[31.908235424625307,30.130946063531212],[31.908236558134202,30.130946779124695],[31.908236313828763,30.13094707126611],[31.908259652060718,30.130961810588779],[31.908259895336702,30.130961519356443],[31.90826514225806,30.130964832327187],[31.908259165027467,30.13097198432385],[31.908282167180285,30.130986511282156],[31.90828241045627,30.130986220049799],[31.908287951714374,30.13098971860731],[31.908265993072906,30.13101598859145],[31.908268679688621,30.131017685682497],[31.908264653794699,30.131022501471076],[31.908264317714487,30.131022290012986],[31.908250898416664,30.131038343239631],[31.908251234505158,30.131038555599751],[31.908247697229044,30.131042788006926],[31.908250718887793,30.131044696563677],[31.908248156766945,30.131047761321398],[31.908184187422908,30.131007360438474],[31.908171501039515,30.131022538135269],[31.908190810411845,30.131034733626965],[31.908179526211189,30.131048233784703],[31.908208906738686,30.131066790239554],[31.908204271104754,30.131072335470652],[31.908216779412157,30.131080235591686],[31.908190857459914,30.131111247853678],[31.908178347091727,30.131103349548525],[31.908175298413969,30.131106996769216],[31.908189954306934,30.131116317179607],[31.908160942953042,30.131151178090438],[31.908127735429058,30.131130140430404],[31.908123952800565,30.131134664982735],[31.908127310548423,30.131136785902736],[31.908124748421383,30.13113985065813],[31.908122985525289,30.131138737107992],[31.908100173802275,30.131166028643324],[31.908087664455213,30.131158128518475]]]},"properties":{"FID":46,"Join_Count":1,"NUMBER":23,"Text":"E","RefName_12":"F.F.L:197.25","NO_BUILDIN":23,"exc_Buildi":0,"exc_Elevat":0,"Pit_Layer":0,"Pit_Laye_1":0,"Layer_1":0,"Layer_2":0,"Layer_3":0,"Layer_4":0,"Layer_5":0,"Layer_6":0,"Layer_7":0,"Layer_8":0,"Layer_9":0,"Layer_10":0,"Layer_11":" ","Layer_12":" ","Layer_13":" ","Layer_14":" ","Layer_15":" ","Layer_16":" ","Curb":" ","PC":" ","RC":" ","col_rc":" ","GB":" ","col_GB":" ","Block_SOG":" ","SOG":" ","Col_SOG":" ","Col_to_1st":" ","AX__1M":" ","Slab_1":" ","Col_to_2nd":" ","Slab_2":" ","Col_to_3rd":" ","Slab_3":" ","Col_to_4th":" ","Slab_4":" ","Col_to_5th":" ","Slab_5":" ","Col_to_6th":" ","Slab_6":" ","Col_to_Roo":" ","Slab_Roof":" ","Axis_COL":" ","Light_Weig":" ","Sleeves":" ","status":" ","F50":" ","F51":" ","F52":" ","F53":" ","F54":" ","F55":" ","F56":" ","F57":" ","F58":" ","F59":" ","F60":" ","F61":" ","F62":" ","F63":" ","F64":" ","F65":" ","F66":" ","F67":" ","F68":" ","F69":" ","F70":" ","F71":" ","F72":" ","F73":" ","F74":" ","F75":" ","F76":" ","F77":" ","F78":" ","F79":" ","F80":" ","F81":" ","F82":" ","F83":" ","F84":" ","F85":" ","F86":" ","F87":" ","F88":" ","F89":" ","F90":" ","F91":" ","F92":" ","F93":" ","F94":" ","F95":" ","F96":" ","F97":" ","F98":" ","F99":" ","F100":" ","F101":" ","F102":" ","F103":" ","F104":" ","F105":" ","F106":" ","F107":" ","F108":" ","F109":" ","F110":" ","F111":" ","F112":" ","F113":" ","F114":" ","F115":" ","F116":" ","F117":" ","F118":" ","F119":" ","F120":" ","F122":" ","F123":" ","F124":" ","F125":" ","F126":" ","F127":" ","Field":0}},{"type":"Feature","id":47,"geometry":{"type":"Polygon","coordinates":[[[31.90577374465888,30.131208417429903],[31.905772057020716,30.1312141867094],[31.905735851563357,30.131206186273872],[31.905735033409588,30.131208983690794],[31.905728396242456,30.131207516729216],[31.905728497862132,30.131207166943813],[31.905706372597773,30.131202277981018],[31.905706270978033,30.131202627766385],[31.905700437599478,30.131201339278029],[31.905699516779073,30.131204485585261],[31.905695293034896,30.131203552227788],[31.905714774757243,30.13113693936592],[31.905693856730078,30.131132316297847],[31.905687975682756,30.13115242515817],[31.905669370215723,30.131148313836615],[31.905660421814144,30.131178908267046],[31.905652779153886,30.131177220017218],[31.905648969127892,30.131190245406245],[31.905606228428969,30.131180800719086],[31.905610035339063,30.131167774450667],[31.905605008855758,30.131166663509813],[31.905600476425011,30.131181948946892],[31.905552478223335,30.131171435484003],[31.905562661300689,30.131136831154226],[31.905556425515389,30.131135453425127],[31.905555403070732,30.131138949516757],[31.905551178292917,30.131138016161682],[31.905551715696586,30.131136180438723],[31.905514102368127,30.131127868519599],[31.905517911372087,30.131114843141184],[31.90548512592958,30.131107598424713],[31.905494329974839,30.131076128178194],[31.905475623662959,30.131071994070851],[31.905475522042508,30.131072343856061],[31.905470593310792,30.131071254787205],[31.905480565213658,30.131037160662068],[31.905485542820536,30.131038261120203],[31.905485441191942,30.131038610003472],[31.905569264990966,30.131057133818164],[31.905578162061438,30.131026712034313],[31.905526570520596,30.131015311369055],[31.90553628575859,30.130982092171887],[31.905522205624084,30.130978982471881],[31.90552328041445,30.130975309222173],[31.905527000877523,30.130976131495313],[31.905527486947811,30.130974470217623],[31.905527889359465,30.13097455945196],[31.90553511188277,30.130949863559707],[31.905534709471212,30.130949774325426],[31.905536051937009,30.130945184574234],[31.905546912815787,30.130947584908668],[31.905554174608458,30.130922757950668],[31.905553772197003,30.130922668716408],[31.905555203195128,30.130917773469356],[31.905590403031681,30.130925551770581],[31.905591221187429,30.13092275435444],[31.905623704268763,30.130930304210459],[31.905623805896784,30.130929955327126],[31.905625817938052,30.13093039969328],[31.905626737712613,30.130927252491631],[31.905630961444377,30.13092818585158],[31.905611479710828,30.130994799605396],[31.905632499601246,30.130999444535952],[31.905632512671247,30.13099939844243],[31.905632412850654,30.13099937657957],[31.905638279793404,30.130979313821868],[31.905656885219159,30.130983424246647],[31.905665832568189,30.130952829823052],[31.905701220627392,30.130960649192538],[31.905701591370601,30.130959427996942],[31.905705043123234,30.130947627323934],[31.905741046758699,30.130955583157029],[31.905741737101739,30.130953222300668],[31.905745960835603,30.130954155656884],[31.905736181259847,30.130987594505051],[31.905770173906646,30.130995105958142],[31.90577119737177,30.130991608955846],[31.905775421107524,30.130992542311066],[31.905774628091621,30.130995251156214],[31.905811338828194,30.131003363559522],[31.905808041084175,30.131014640899057],[31.905841729078485,30.131022084976898],[31.905832780765387,30.131052682124256],[31.905836803817007,30.131053570857148],[31.905835730058744,30.131057242298073],[31.905812397594879,30.131052086554298],[31.90580344927022,30.13108268369977],[31.905746024297038,30.131069993735792],[31.905736526501538,30.131102470883189],[31.905799884687827,30.131116471197917],[31.905791704210763,30.131144445363368],[31.9057901695267,30.131149690412386],[31.905803948163737,30.131152735410954],[31.905802874403285,30.131156406851584],[31.905799253752136,30.131155606449244],[31.905798908580664,30.131156786877522],[31.905798506176289,30.131156698546032],[31.905791399448781,30.131181000368777],[31.905791800823813,30.131181089609409],[31.90579020379549,30.131186553378999],[31.90578034735211,30.131184375257995],[31.905773342246075,30.131208328196369],[31.90577374465888,30.131208417429903]]]},"properties":{"FID":47,"Join_Count":1,"NUMBER":62,"Text":"E","RefName_12":"F.F.L:197.45","NO_BUILDIN":62,"exc_Buildi":0,"exc_Elevat":0,"Pit_Layer":0,"Pit_Laye_1":0,"Layer_1":0,"Layer_2":0,"Layer_3":0,"Layer_4":0,"Layer_5":0,"Layer_6":0,"Layer_7":0,"Layer_8":0,"Layer_9":0,"Layer_10":0,"Layer_11":" ","Layer_12":" ","Layer_13":" ","Layer_14":" ","Layer_15":" ","Layer_16":" ","Curb":" ","PC":" ","RC":" ","col_rc":" ","GB":" ","col_GB":" ","Block_SOG":" ","SOG":" ","Col_SOG":" ","Col_to_1st":" ","AX__1M":" ","Slab_1":" ","Col_to_2nd":" ","Slab_2":" ","Col_to_3rd":" ","Slab_3":" ","Col_to_4th":" ","Slab_4":" ","Col_to_5th":" ","Slab_5":" ","Col_to_6th":" ","Slab_6":" ","Col_to_Roo":" ","Slab_Roof":" ","Axis_COL":" ","Light_Weig":" ","Sleeves":" ","status":" ","F50":" ","F51":" ","F52":" ","F53":" ","F54":" ","F55":" ","F56":" ","F57":" ","F58":" ","F59":" ","F60":" ","F61":" ","F62":" ","F63":" ","F64":" ","F65":" ","F66":" ","F67":" ","F68":" ","F69":" ","F70":" ","F71":" ","F72":" ","F73":" ","F74":" ","F75":" ","F76":" ","F77":" ","F78":" ","F79":" ","F80":" ","F81":" ","F82":" ","F83":" ","F84":" ","F85":" ","F86":" ","F87":" ","F88":" ","F89":" ","F90":" ","F91":" ","F92":" ","F93":" ","F94":" ","F95":" ","F96":" ","F97":" ","F98":" ","F99":" ","F100":" ","F101":" ","F102":" ","F103":" ","F104":" ","F105":" ","F106":" ","F107":" ","F108":" ","F109":" ","F110":" ","F111":" ","F112":" ","F113":" ","F114":" ","F115":" ","F116":" ","F117":" ","F118":" ","F119":" ","F120":" ","F122":" ","F123":" ","F124":" ","F125":" ","F126":" ","F127":" ","Field":0}},{"type":"Feature","id":48,"geometry":{"type":"Polygon","coordinates":[[[31.907629527219903,30.131337918487077],[31.907609642888207,30.131361706990674],[31.907579422168183,30.131342620399362],[31.907568076248932,30.131356193094],[31.907568412328867,30.131356404553905],[31.907565423161987,30.131359980991526],[31.907532682836376,30.131339302569955],[31.907535701766196,30.131335689846395],[31.907536037854225,30.131335902208356],[31.907586877336559,30.13127508095867],[31.907557663856856,30.131256629650206],[31.907526373042856,30.131294063414824],[31.90749447296654,30.131273915887885],[31.907485934548347,30.131284132586831],[31.907482406689503,30.131281905483586],[31.907484663969395,30.131279205460824],[31.907483069121572,30.131278198083066],[31.907483312392383,30.131277905950157],[31.907459597392833,30.131262927347496],[31.90745935308432,30.131263219487522],[31.907454946375442,30.131260435585979],[31.907461533431867,30.131252555085737],[31.907437692151515,30.13123749707033],[31.907437447843002,30.13123778921031],[31.907432746801966,30.131234819718337],[31.907454095973193,30.131209279309804],[31.907451409373923,30.131207583103887],[31.907471508676963,30.131184152146592],[31.907471172589613,30.131183939784435],[31.907472392072183,30.131182480902503],[31.907469370423648,30.131180572327658],[31.9074719325723,30.131177507584638],[31.90753590174732,30.131217908817284],[31.907548649845531,30.131202657690221],[31.907548606008383,30.131202630030057],[31.907548545446048,30.13120270261053],[31.907529278916357,30.131190534691068],[31.907540562193287,30.131177035496496],[31.90751118175351,30.13115847889047],[31.907532645861103,30.13113280146943],[31.907531477782577,30.131132050027407],[31.9075201447891,30.131124893114411],[31.907541981500877,30.131098769320989],[31.907539714489264,30.131097338121876],[31.90754227663361,30.131094273377531],[31.907574387495437,30.13111455384071],[31.907595004710871,30.131089888921608],[31.907591645938009,30.13108776799487],[31.907594208080479,30.131084703249563],[31.907596810142195,30.131086346816705],[31.907619074869896,30.131059710408874],[31.907629904777671,30.131066549665622],[31.90765033720298,30.131042106109081],[31.907679718670543,30.13106066267731],[31.907682158655902,30.131057744000536],[31.907685684435659,30.131059971112901],[31.907671533153017,30.131076900696396],[31.907700915672553,30.131095457252329],[31.90766608662873,30.131137124350992],[31.907697273819064,30.131156822138056],[31.907735701756998,30.131110850049879],[31.90776256574005,30.131127816572103],[31.907767601827366,30.131130997518788],[31.907775958533502,30.131121000347825],[31.907779484309323,30.131123226555587],[31.907777288640808,30.131125853995481],[31.907778422148585,30.131126569592951],[31.907778177841362,30.131126861733527],[31.907801516050487,30.131141601137763],[31.907801759320009,30.131141309004288],[31.907807006244482,30.131144622895341],[31.907801028961551,30.131151773969901],[31.907824031100141,30.131166301910564],[31.907824275407322,30.131166009769874],[31.90782981563061,30.131169509255905],[31.907807856827219,30.131195779166035],[31.907810543440295,30.131197476266475],[31.907806517516697,30.131202292041479],[31.90780618142858,30.131202079680207],[31.907792762040064,30.131218133763603],[31.907793098128209,30.131218346124911],[31.907789560826028,30.131222578520156],[31.907792582481818,30.131224487087465],[31.907790020342073,30.131227551836535],[31.907726052090013,30.131187149820907],[31.907713364583664,30.131202328384092],[31.907732674974756,30.131214523936087],[31.907721389653229,30.131228024062956],[31.907750771181405,30.131246579711366],[31.907746134483883,30.131252125835971],[31.907758643816695,30.131260025993544],[31.907732720635668,30.131291038175313],[31.907720211317361,30.131283139819296],[31.907717162617114,30.131286787029712],[31.907731817457798,30.131296107498486],[31.907702805889286,30.131330968311541],[31.907669598389823,30.131309929633439],[31.907665816779357,30.131314455067848],[31.907669173486255,30.13131657600675],[31.907666611340339,30.131319640753503],[31.907664849483616,30.131318527190039],[31.907642036554726,30.13134581865565],[31.907629527219903,30.131337918487077]]]},"properties":{"FID":48,"Join_Count":1,"NUMBER":24,"Text":"E","RefName_12":"F.F.L:197.15","NO_BUILDIN":24,"exc_Buildi":0,"exc_Elevat":0,"Pit_Layer":0,"Pit_Laye_1":0,"Layer_1":0,"Layer_2":0,"Layer_3":0,"Layer_4":0,"Layer_5":0,"Layer_6":0,"Layer_7":0,"Layer_8":0,"Layer_9":0,"Layer_10":0,"Layer_11":" ","Layer_12":" ","Layer_13":" ","Layer_14":" ","Layer_15":" ","Layer_16":" ","Curb":" ","PC":" ","RC":" ","col_rc":" ","GB":" ","col_GB":" ","Block_SOG":" ","SOG":" ","Col_SOG":" ","Col_to_1st":" ","AX__1M":" ","Slab_1":" ","Col_to_2nd":" ","Slab_2":" ","Col_to_3rd":" ","Slab_3":" ","Col_to_4th":" ","Slab_4":" ","Col_to_5th":" ","Slab_5":" ","Col_to_6th":" ","Slab_6":" ","Col_to_Roo":" ","Slab_Roof":" ","Axis_COL":" ","Light_Weig":" ","Sleeves":" ","status":" ","F50":" ","F51":" ","F52":" ","F53":" ","F54":" ","F55":" ","F56":" ","F57":" ","F58":" ","F59":" ","F60":" ","F61":" ","F62":" ","F63":" ","F64":" ","F65":" ","F66":" ","F67":" ","F68":" ","F69":" ","F70":" ","F71":" ","F72":" ","F73":" ","F74":" ","F75":" ","F76":" ","F77":" ","F78":" ","F79":" ","F80":" ","F81":" ","F82":" ","F83":" ","F84":" ","F85":" ","F86":" ","F87":" ","F88":" ","F89":" ","F90":" ","F91":" ","F92":" ","F93":" ","F94":" ","F95":" ","F96":" ","F97":" ","F98":" ","F99":" ","F100":" ","F101":" ","F102":" ","F103":" ","F104":" ","F105":" ","F106":" ","F107":" ","F108":" ","F109":" ","F110":" ","F111":" ","F112":" ","F113":" ","F114":" ","F115":" ","F116":" ","F117":" ","F118":" ","F119":" ","F120":" ","F122":" ","F123":" ","F124":" ","F125":" ","F126":" ","F127":" ","Field":0}},{"type":"Feature","id":49,"geometry":{"type":"Polygon","coordinates":[[[31.906961157523916,30.131447617073736],[31.906951898237438,30.131476740718799],[31.906916891579932,30.13146833093651],[31.90691578599457,30.131471808669055],[31.906911584365123,30.131470799428076],[31.906917996972457,30.131450629119101],[31.906882990335099,30.131442220229474],[31.906898773209768,30.13139257733188],[31.906861614817135,30.1313836510875],[31.906844201811595,30.13143842424029],[31.90681219560388,30.131430736095815],[31.906806193718818,30.131429293670788],[31.906802406869303,30.131441204925853],[31.906798206288141,30.131440196576012],[31.906799201935225,30.131437065981846],[31.906797850967301,30.131436741552601],[31.906797961947039,30.131436394407945],[31.906770156323667,30.131429714603001],[31.906770045352051,30.131430062649613],[31.906763793877396,30.131428561508773],[31.906766503404828,30.131420041196439],[31.90673909715531,30.13141345785246],[31.906738987221281,30.131413805891867],[31.906732385257833,30.13141221967086],[31.906742336622088,30.131380920984949],[31.906739135483207,30.1313801519915],[31.906740960334897,30.131374414226773],[31.906741359693836,30.131374509792597],[31.906747440444928,30.131355382721658],[31.906747041086067,30.131355287155856],[31.90674864398542,30.131350244582233],[31.90674504348042,30.131349379121126],[31.906746203522825,30.13134572782468],[31.906822419307627,30.131364035418855],[31.906828168157894,30.131345951575284],[31.906805162193962,30.13134042572942],[31.906810275540593,30.131324341558305],[31.906775269994096,30.131315932631509],[31.906777371237673,30.131309325207926],[31.906762467959727,30.131305745050547],[31.906774214851211,30.13126879539394],[31.906789118107518,30.131272373746185],[31.906790500114894,30.131268029062053],[31.906773012965939,30.131263773073595],[31.906786097483479,30.13122227878776],[31.90682568887075,30.131231843139915],[31.906827401689561,30.131226451623895],[31.906823401838288,30.131225491501255],[31.906824562905882,30.13122183929503],[31.90682666268134,30.131222344375225],[31.906837000325968,30.131189827984247],[31.906851903588866,30.131193408133548],[31.906860914733901,30.131165065559077],[31.906896920708551,30.131173713814242],[31.906902062295941,30.131157542849849],[31.906901661900086,30.131157447291667],[31.906903015612738,30.131153186690284],[31.906942025128149,30.131162557478646],[31.906940656239382,30.131166860580471],[31.906940256881096,30.131166765015248],[31.906917219184596,30.131239229689712],[31.906952026069089,30.131247590338312],[31.906966204965343,30.131202990917608],[31.907004211938403,30.131212120547758],[31.907008080424887,30.131199948037313],[31.907012283081336,30.131200957268312],[31.907011260217296,30.13120417464663],[31.907013160301648,30.131204630588346],[31.907013050368786,30.131204978627974],[31.90704130626284,30.131211766224279],[31.907041416195607,30.131211418184616],[31.90704666718452,30.131212679963564],[31.907043682323369,30.131222069031114],[31.907072087984758,30.131228892570213],[31.907072197917433,30.131228544530558],[31.907077799389235,30.131229890484011],[31.907068125575439,30.131260319527502],[31.907071325675094,30.131261088520116],[31.907061970713055,30.131289161970258],[31.907062370071937,30.131289257535119],[31.907061817286863,30.131290996852961],[31.90706541882167,30.131291861396232],[31.907064257754016,30.131295512702394],[31.906988041981368,30.131277205248292],[31.906982264908773,30.131295376790117],[31.906982317944696,30.131295389052511],[31.906982345170601,30.131295302269912],[31.907005300172425,30.131300815808046],[31.907000186858728,30.131316899986171],[31.907035191377112,30.131325307957741],[31.907025466112234,30.131355900620193],[31.907026862950946,30.13135624818327],[31.907040365354685,30.131359491599653],[31.90703046957648,30.131390616733874],[31.907033170466597,30.131391264692731],[31.907032009404926,30.131394916900589],[31.906993751714658,30.131385726770009],[31.906984408706418,30.131415112583447],[31.906988409612733,30.131416073595755],[31.906987248549122,30.131419725803255],[31.906984149320358,30.131418980467288],[31.906974059857252,30.131450716705164],[31.906961157523916,30.131447617073736]]]},"properties":{"FID":49,"Join_Count":1,"NUMBER":58,"Text":"E","RefName_12":"F.F.L:197.05","NO_BUILDIN":58,"exc_Buildi":0,"exc_Elevat":0,"Pit_Layer":0,"Pit_Laye_1":0,"Layer_1":0,"Layer_2":0,"Layer_3":0,"Layer_4":0,"Layer_5":0,"Layer_6":0,"Layer_7":0,"Layer_8":0,"Layer_9":0,"Layer_10":0,"Layer_11":" ","Layer_12":" ","Layer_13":" ","Layer_14":" ","Layer_15":" ","Layer_16":" ","Curb":" ","PC":" ","RC":" ","col_rc":" ","GB":" ","col_GB":" ","Block_SOG":" ","SOG":" ","Col_SOG":" ","Col_to_1st":" ","AX__1M":" ","Slab_1":" ","Col_to_2nd":" ","Slab_2":" ","Col_to_3rd":" ","Slab_3":" ","Col_to_4th":" ","Slab_4":" ","Col_to_5th":" ","Slab_5":" ","Col_to_6th":" ","Slab_6":" ","Col_to_Roo":" ","Slab_Roof":" ","Axis_COL":" ","Light_Weig":" ","Sleeves":" ","status":" ","F50":" ","F51":" ","F52":" ","F53":" ","F54":" ","F55":" ","F56":" ","F57":" ","F58":" ","F59":" ","F60":" ","F61":" ","F62":" ","F63":" ","F64":" ","F65":" ","F66":" ","F67":" ","F68":" ","F69":" ","F70":" ","F71":" ","F72":" ","F73":" ","F74":" ","F75":" ","F76":" ","F77":" ","F78":" ","F79":" ","F80":" ","F81":" ","F82":" ","F83":" ","F84":" ","F85":" ","F86":" ","F87":" ","F88":" ","F89":" ","F90":" ","F91":" ","F92":" ","F93":" ","F94":" ","F95":" ","F96":" ","F97":" ","F98":" ","F99":" ","F100":" ","F101":" ","F102":" ","F103":" ","F104":" ","F105":" ","F106":" ","F107":" ","F108":" ","F109":" ","F110":" ","F111":" ","F112":" ","F113":" ","F114":" ","F115":" ","F116":" ","F117":" ","F118":" ","F119":" ","F120":" ","F122":" ","F123":" ","F124":" ","F125":" ","F126":" ","F127":" ","Field":0}},{"type":"Feature","id":50,"geometry":{"type":"Polygon","coordinates":[[[31.906462082974251,30.131606638477209],[31.906449407635414,30.131634772671429],[31.906415588869148,30.131623261507261],[31.906414075397713,30.13162662117707],[31.906410017730533,30.131625240193515],[31.906418795452396,30.131605754472268],[31.906384976699446,30.131594243299876],[31.906406582341287,30.131546284980043],[31.906370685852199,30.131534066510348],[31.90634684864704,30.131586979722062],[31.906315927945588,30.131576455209593],[31.906310130833614,30.131574481859083],[31.90630494656078,30.131585988705989],[31.90630088888847,30.131584606817007],[31.906302250813944,30.13158158374809],[31.906300946483082,30.131581139022362],[31.906301098040551,30.131580803324653],[31.906274236046333,30.1315716597821],[31.906274084497021,30.131571996381741],[31.906268045883039,30.131569940806056],[31.906271753274282,30.131561709487819],[31.906245278524384,30.131552697671118],[31.906245126966763,30.131553033368743],[31.906238750044459,30.131550862860806],[31.906252371336173,30.131520626750813],[31.906249279678896,30.131519573753575],[31.906251776709642,30.131514030708608],[31.906252162908388,30.131514162447793],[31.906260487025726,30.131495684724133],[31.906260100827058,30.131495552984962],[31.906262295779332,30.131490681327957],[31.906258816894816,30.131489497500869],[31.906260405625368,30.131485969536513],[31.906334034805706,30.13151103159856],[31.906341904244041,30.131493561865227],[31.906319678705408,30.131485996478236],[31.906326678520696,30.131470458573556],[31.906292861899672,30.131458947361715],[31.906295737296848,30.131452564624311],[31.906281340824691,30.131447663955935],[31.906297420450247,30.13141196895112],[31.906311818976775,30.131416867799558],[31.90631370979753,30.131412670250228],[31.906296822843043,30.13140686578673],[31.906314774813627,30.13136676949954],[31.906353015988877,30.131379842273571],[31.906355361445232,30.131374634022492],[31.906351497403115,30.131373318451708],[31.906353086136832,30.131369791388238],[31.906355114964764,30.131370481881032],[31.906369266115348,30.131339069467803],[31.906383663613344,30.131343970119691],[31.906395999216024,30.131316589663626],[31.906430782847295,30.131328429734861],[31.906437820262266,30.131312807676338],[31.906437434064085,30.131312675937657],[31.90643928826287,30.131308559821683],[31.906476973048541,30.131321387437318],[31.906475099514331,30.131325545180481],[31.906474713316047,30.131325413441932],[31.906443176651258,30.131395418192238],[31.906476801728122,30.131406863936526],[31.906496211319517,30.13136377817186],[31.90653292907627,30.131376275984277],[31.906538225157291,30.131364516691363],[31.90654228489894,30.131365898558858],[31.906540884318364,30.131369005785519],[31.906542720571167,30.131369630853641],[31.906542569014828,30.131369966551599],[31.90656986610222,30.131379258579475],[31.906570017650253,30.131378921979497],[31.906575090247088,30.131380648650445],[31.906571003482206,30.131389719676324],[31.906598445265214,30.131399060311558],[31.906598596821411,30.131398724613536],[31.906604007729669,30.131400566213284],[31.906590763891668,30.13142996267247],[31.906593856578965,30.131431014752557],[31.906581210090788,30.131458096995217],[31.906581597319139,30.131458227824318],[31.906580840591577,30.131459908111115],[31.906584318441006,30.131461091936774],[31.906582729722441,30.131464619904861],[31.9065091015555,30.131439557975526],[31.906501193485571,30.131457111873658],[31.906501243457949,30.131457129569551],[31.906501281085628,30.13145704542136],[31.906523456658352,30.13146459308161],[31.906516456874556,30.131480130996152],[31.906550274564896,30.131491642142521],[31.906536960533579,30.131521196033397],[31.906538307647541,30.1315216666205],[31.906551351930634,30.131526106630684],[31.906537805993796,30.131556175375362],[31.906540415678066,30.131557063010973],[31.906538825918819,30.131560590985689],[31.906501866581102,30.131548010051816],[31.906489077364547,30.131576399407365],[31.90649294245404,30.131577714966699],[31.906491353722199,30.131581242031718],[31.906488358876036,30.131580222649511],[31.906474547451609,30.131610881341519],[31.906462082974251,30.131606638477209]]]},"properties":{"FID":50,"Join_Count":1,"NUMBER":57,"Text":"E","RefName_12":"F.F.L:196.95","NO_BUILDIN":57,"exc_Buildi":0,"exc_Elevat":0,"Pit_Layer":0,"Pit_Laye_1":0,"Layer_1":0,"Layer_2":0,"Layer_3":0,"Layer_4":0,"Layer_5":0,"Layer_6":0,"Layer_7":0,"Layer_8":0,"Layer_9":0,"Layer_10":0,"Layer_11":" ","Layer_12":" ","Layer_13":" ","Layer_14":" ","Layer_15":" ","Layer_16":" ","Curb":" ","PC":" ","RC":" ","col_rc":" ","GB":" ","col_GB":" ","Block_SOG":" ","SOG":" ","Col_SOG":" ","Col_to_1st":" ","AX__1M":" ","Slab_1":" ","Col_to_2nd":" ","Slab_2":" ","Col_to_3rd":" ","Slab_3":" ","Col_to_4th":" ","Slab_4":" ","Col_to_5th":" ","Slab_5":" ","Col_to_6th":" ","Slab_6":" ","Col_to_Roo":" ","Slab_Roof":" ","Axis_COL":" ","Light_Weig":" ","Sleeves":" ","status":" ","F50":" ","F51":" ","F52":" ","F53":" ","F54":" ","F55":" ","F56":" ","F57":" ","F58":" ","F59":" ","F60":" ","F61":" ","F62":" ","F63":" ","F64":" ","F65":" ","F66":" ","F67":" ","F68":" ","F69":" ","F70":" ","F71":" ","F72":" ","F73":" ","F74":" ","F75":" ","F76":" ","F77":" ","F78":" ","F79":" ","F80":" ","F81":" ","F82":" ","F83":" ","F84":" ","F85":" ","F86":" ","F87":" ","F88":" ","F89":" ","F90":" ","F91":" ","F92":" ","F93":" ","F94":" ","F95":" ","F96":" ","F97":" ","F98":" ","F99":" ","F100":" ","F101":" ","F102":" ","F103":" ","F104":" ","F105":" ","F106":" ","F107":" ","F108":" ","F109":" ","F110":" ","F111":" ","F112":" ","F113":" ","F114":" ","F115":" ","F116":" ","F117":" ","F118":" ","F119":" ","F120":" ","F122":" ","F123":" ","F124":" ","F125":" ","F126":" ","F127":" ","Field":0}},{"type":"Feature","id":51,"geometry":{"type":"Polygon","coordinates":[[[31.90752010422375,30.131727598069606],[31.907478917586438,30.13173756483905],[31.907478333268202,30.131735739560295],[31.90748133190246,30.131735014370793],[31.90747468017144,30.131714245997138],[31.907439691672881,30.131722713180849],[31.907429356598172,30.131691788141044],[31.907409363322696,30.131696626653781],[31.907399928920988,30.131667168405038],[31.907400908447755,30.131666931624828],[31.907391726758888,30.131636851034997],[31.907391327078539,30.131636947605429],[31.907390520565993,30.131634427494461],[31.907386921384127,30.131635298446621],[31.907385752760607,30.131631648790147],[31.907450231533826,30.131616045915059],[31.907441492543366,30.131588760363822],[31.907376014593929,30.131604605562302],[31.907374844933539,30.131600955912866],[31.907379443314824,30.131599843535017],[31.907369035773328,30.1315673440483],[31.907368035543691,30.131567586383348],[31.907358601175709,30.131538129032528],[31.907378594422127,30.131533290528029],[31.907377035910965,30.13152842402091],[31.907369058747335,30.131502172341019],[31.907404047175167,30.131493705177327],[31.907397396515407,30.131472936791152],[31.907394396858944,30.131473662887753],[31.907393812552183,30.131471838510475],[31.907434999089176,30.131461871769442],[31.907461994760425,30.131546160328085],[31.907486987089477,30.131540111946521],[31.907470734336016,30.131489366008136],[31.907474933023092,30.131488349295786],[31.90747576731518,30.131490956711222],[31.907513155873851,30.131481909178245],[31.907512877081658,30.131481039743981],[31.907546366179936,30.131472935588768],[31.90755276689455,30.131492921830326],[31.907588767236298,30.131484584738203],[31.90759850719262,30.131514997915591],[31.907622399883632,30.131509216886496],[31.907621564549881,30.131506609479256],[31.907624064095479,30.131506004996954],[31.90763564137383,30.131542153207196],[31.90756415350501,30.131559078238379],[31.907567938177333,30.131570895734967],[31.907633966928135,30.131554917647467],[31.907650993721305,30.131607912386908],[31.907611206019507,30.131617540295458],[31.907621614674941,30.131650038851863],[31.907622613875315,30.131649797423997],[31.907632493775289,30.131680645310976],[31.907577112348473,30.131694046743462],[31.907582400002504,30.131710557035753],[31.90758569890609,30.131709758510077],[31.90758628322612,30.131711583788299],[31.907545096602629,30.131721550578263],[31.907518100801195,30.131637261139385],[31.90749310948755,30.131643309520097],[31.90752010422375,30.131727598069606]]]},"properties":{"FID":51,"Join_Count":1,"NUMBER":25,"Text":"D","RefName_12":"F.F.L:197.00","NO_BUILDIN":25,"exc_Buildi":0,"exc_Elevat":0,"Pit_Layer":0,"Pit_Laye_1":0,"Layer_1":0,"Layer_2":0,"Layer_3":0,"Layer_4":0,"Layer_5":0,"Layer_6":0,"Layer_7":0,"Layer_8":0,"Layer_9":0,"Layer_10":0,"Layer_11":" ","Layer_12":" ","Layer_13":" ","Layer_14":" ","Layer_15":" ","Layer_16":" ","Curb":" ","PC":" ","RC":" ","col_rc":" ","GB":" ","col_GB":" ","Block_SOG":" ","SOG":" ","Col_SOG":" ","Col_to_1st":" ","AX__1M":" ","Slab_1":" ","Col_to_2nd":" ","Slab_2":" ","Col_to_3rd":" ","Slab_3":" ","Col_to_4th":" ","Slab_4":" ","Col_to_5th":" ","Slab_5":" ","Col_to_6th":" ","Slab_6":" ","Col_to_Roo":" ","Slab_Roof":" ","Axis_COL":" ","Light_Weig":" ","Sleeves":" ","status":" ","F50":" ","F51":" ","F52":" ","F53":" ","F54":" ","F55":" ","F56":" ","F57":" ","F58":" ","F59":" ","F60":" ","F61":" ","F62":" ","F63":" ","F64":" ","F65":" ","F66":" ","F67":" ","F68":" ","F69":" ","F70":" ","F71":" ","F72":" ","F73":" ","F74":" ","F75":" ","F76":" ","F77":" ","F78":" ","F79":" ","F80":" ","F81":" ","F82":" ","F83":" ","F84":" ","F85":" ","F86":" ","F87":" ","F88":" ","F89":" ","F90":" ","F91":" ","F92":" ","F93":" ","F94":" ","F95":" ","F96":" ","F97":" ","F98":" ","F99":" ","F100":" ","F101":" ","F102":" ","F103":" ","F104":" ","F105":" ","F106":" ","F107":" ","F108":" ","F109":" ","F110":" ","F111":" ","F112":" ","F113":" ","F114":" ","F115":" ","F116":" ","F117":" ","F118":" ","F119":" ","F120":" ","F122":" ","F123":" ","F124":" ","F125":" ","F126":" ","F127":" ","Field":0}},{"type":"Feature","id":52,"geometry":{"type":"Polygon","coordinates":[[[31.906104648780698,30.131895223102731],[31.906092239786705,30.131923447433746],[31.906058313156731,30.131912176862024],[31.906056831935331,30.131915547129772],[31.906052761034605,30.131914195091483],[31.906061354608504,30.131894647521211],[31.906027429029418,30.131883376934027],[31.906048581067655,30.131835266650146],[31.906012570625037,30.131823304143559],[31.905989232804508,30.131876385234357],[31.905958214439728,30.131866081406972],[31.905952397980279,30.131864149667585],[31.905947322943526,30.131875692730794],[31.905943252045862,30.13187434068902],[31.905944585870358,30.131871306993119],[31.905943277477018,30.131870872214176],[31.905943424877236,30.131870535643511],[31.905916478453133,30.131861583840799],[31.905916330023409,30.131861921320567],[31.90591027206969,30.131859908257304],[31.905913902475277,30.131851651320801],[31.905887343271409,30.131842828539014],[31.905887194833365,30.131843165116777],[31.905880797557728,30.131841039833393],[31.905894132742432,30.131810707410821],[31.905891030908688,30.131809677026119],[31.90589347591872,30.131804116305808],[31.905893864168807,30.13180424532581],[31.905902013497535,30.131785708393348],[31.905901626293396,30.131785580268176],[31.905903774426488,30.131780692703245],[31.905900285389482,30.13177953419358],[31.905901840825074,30.131775994736572],[31.905975702981443,30.131800531312418],[31.905983408043927,30.13178300680751],[31.905961112306805,30.131775599699537],[31.90596796542658,30.131760012311254],[31.905934040949809,30.131748742593349],[31.905936856004427,30.131742339532941],[31.905922413741482,30.131737541070624],[31.905938157323078,30.131701732965663],[31.905952600594475,30.131706528713302],[31.905954451881122,30.131702317911131],[31.905937510994921,30.131696633743609],[31.905955084275401,30.131656411124926],[31.905993447561293,30.131669211649939],[31.905995743078979,30.131663986610885],[31.905991866833112,30.131662699076703],[31.905993423309585,30.131659160513468],[31.905995458235427,30.131659836537278],[31.906009312876083,30.131628324276864],[31.906023756156355,30.131633121820837],[31.906035832708731,30.131605654784998],[31.906070727243815,30.131617246127945],[31.906077616926375,30.131601574593216],[31.906077229714548,30.131601445566606],[31.90607904438712,30.131597317099711],[31.906116849231175,30.131609875185124],[31.906115015231212,30.131614046181078],[31.906114628019264,30.131613917154574],[31.906083752001724,30.131684144576571],[31.906117483903699,30.131695349735587],[31.906136486712104,30.131652127915245],[31.906173321478203,30.131664363431881],[31.906178506241115,30.131652567035538],[31.906182579216161,30.131653919957852],[31.906181207765499,30.131657036902205],[31.906183050132285,30.131657649304724],[31.906182901695534,30.131657985882804],[31.906210285254613,30.131667082550045],[31.906210433691289,30.131666745971945],[31.906215522570452,30.131668436463169],[31.906211521112994,30.131677535754797],[31.906239050405528,30.131686681022597],[31.906239197796236,30.131686343549646],[31.906244626008611,30.13168814715949],[31.906231660985068,30.131717636373551],[31.906234762819253,30.131718666750238],[31.906222372285907,30.131745837396945],[31.906222760536167,30.131745966415966],[31.906222019406513,30.131747651103343],[31.906225509491797,30.131748810499239],[31.906223953022373,30.131752349065039],[31.906150090844612,30.131727812629194],[31.906142348204217,30.131745423095374],[31.906142399206111,30.131745439882259],[31.906142435796554,30.131745355741344],[31.906164681575277,30.13175274602435],[31.906157829516594,30.131768332513182],[31.906191754023965,30.131779602172543],[31.906178718814996,30.131809249720288],[31.906180071037305,30.131809711255528],[31.906193156002324,30.13181405811136],[31.90617989512798,30.131844222273372],[31.906182511907684,30.131845090924475],[31.906180955443528,30.131848630391758],[31.906143879112136,30.131836313557454],[31.906131358306023,30.131864792133065],[31.906135235607458,30.131866080557739],[31.906133679133049,30.131869619122494],[31.906130675140108,30.131868621443964],[31.906117152942617,30.131899377328136],[31.906104648780698,30.131895223102731]]]},"properties":{"FID":52,"Join_Count":1,"NUMBER":56,"Text":"E","RefName_12":"F.F.L:197.50","NO_BUILDIN":56,"exc_Buildi":0,"exc_Elevat":0,"Pit_Layer":0,"Pit_Laye_1":0,"Layer_1":0,"Layer_2":0,"Layer_3":0,"Layer_4":0,"Layer_5":0,"Layer_6":0,"Layer_7":0,"Layer_8":0,"Layer_9":0,"Layer_10":0,"Layer_11":" ","Layer_12":" ","Layer_13":" ","Layer_14":" ","Layer_15":" ","Layer_16":" ","Curb":" ","PC":" ","RC":" ","col_rc":" ","GB":" ","col_GB":" ","Block_SOG":" ","SOG":" ","Col_SOG":" ","Col_to_1st":" ","AX__1M":" ","Slab_1":" ","Col_to_2nd":" ","Slab_2":" ","Col_to_3rd":" ","Slab_3":" ","Col_to_4th":" ","Slab_4":" ","Col_to_5th":" ","Slab_5":" ","Col_to_6th":" ","Slab_6":" ","Col_to_Roo":" ","Slab_Roof":" ","Axis_COL":" ","Light_Weig":" ","Sleeves":" ","status":" ","F50":" ","F51":" ","F52":" ","F53":" ","F54":" ","F55":" ","F56":" ","F57":" ","F58":" ","F59":" ","F60":" ","F61":" ","F62":" ","F63":" ","F64":" ","F65":" ","F66":" ","F67":" ","F68":" ","F69":" ","F70":" ","F71":" ","F72":" ","F73":" ","F74":" ","F75":" ","F76":" ","F77":" ","F78":" ","F79":" ","F80":" ","F81":" ","F82":" ","F83":" ","F84":" ","F85":" ","F86":" ","F87":" ","F88":" ","F89":" ","F90":" ","F91":" ","F92":" ","F93":" ","F94":" ","F95":" ","F96":" ","F97":" ","F98":" ","F99":" ","F100":" ","F101":" ","F102":" ","F103":" ","F104":" ","F105":" ","F106":" ","F107":" ","F108":" ","F109":" ","F110":" ","F111":" ","F112":" ","F113":" ","F114":" ","F115":" ","F116":" ","F117":" ","F118":" ","F119":" ","F120":" ","F122":" ","F123":" ","F124":" ","F125":" ","F126":" ","F127":" ","Field":0}},{"type":"Feature","id":53,"geometry":{"type":"Polygon","coordinates":[[[31.908960419407279,30.131935200086289],[31.908959663090876,30.131940208867057],[31.908923652517874,30.131936095712074],[31.908923221071319,30.131938957223024],[31.908889939260845,30.131934792713718],[31.908889885458571,30.131935150288932],[31.908887827566303,30.131934915560951],[31.908887341278771,30.13193813465417],[31.908883019805362,30.131937641363791],[31.908893321281528,30.13186949496199],[31.908871817795227,30.13186703861529],[31.908871809923198,30.131867085575202],[31.908871912767509,30.131867097492364],[31.908868811021968,30.131887622041862],[31.908849777838331,30.131885448081448],[31.908845045841957,30.131916746903766],[31.90880884310711,30.131912612495277],[31.908808640781473,30.13191386320333],[31.908806815906928,30.131925935938519],[31.908769983643651,30.131921729200183],[31.908769618667804,30.131924143747124],[31.908765297195497,30.13192365045283],[31.908770468532033,30.131889442260462],[31.908735693136894,30.131885470249202],[31.908735152012383,30.131889047826334],[31.908730830541732,30.131888554530846],[31.908731250358901,30.131885782401643],[31.908693694060666,30.131881493151226],[31.908695437725115,30.131869956783575],[31.908660973985135,30.131866020482711],[31.908665706013029,30.131834718959706],[31.90866159023355,30.13183424949656],[31.908662157743159,30.131830493135716],[31.908686027631529,30.131833219098244],[31.908690758620818,30.131801918483518],[31.908749506713189,30.131808628375758],[31.908754528285243,30.131775404429693],[31.908689711458326,30.131768001346828],[31.908694037374005,30.131739383458164],[31.908694848543156,30.131734017096207],[31.908680752883011,30.131732407918349],[31.908681320391427,30.13172865155736],[31.908685024798242,30.131729074252682],[31.90868520676808,30.131727866982882],[31.90868561813641,30.131727913750172],[31.908689376543897,30.13170305222252],[31.908688965175667,30.131703005455222],[31.908689810624306,30.131697416055299],[31.908699893349723,30.13169856768754],[31.908703596912218,30.131674063741762],[31.908703185535863,30.131674016072562],[31.908704077935386,30.131668114246143],[31.908741116819499,30.131672343930536],[31.908741549308047,30.131669482412804],[31.908748338994343,30.131670258114738],[31.908748285191677,30.131670615689888],[31.908770919901329,30.131673201343666],[31.908770973695656,30.131672842866518],[31.908776941683758,30.131673525025715],[31.908777427965571,30.131670305030731],[31.908781749426868,30.131670798324869],[31.908771447898975,30.131738945623081],[31.908792848502959,30.131741389167686],[31.908795957103163,30.131720818568521],[31.908814991291816,30.131722992530324],[31.908819723281859,30.131691692806189],[31.908827542432576,30.131692585864972],[31.90882955611994,30.131679260710435],[31.90887328186481,30.131684255039445],[31.908871269220903,30.131697580187321],[31.908876411353269,30.131698167928057],[31.908878837584751,30.131682524413666],[31.908927926930417,30.131688039987214],[31.90892251343131,30.131723447754077],[31.908928893821141,30.131724175763654],[31.90892943390849,30.131720599094969],[31.908933755372594,30.131721092384044],[31.908933471623218,30.131722970564994],[31.908971950337794,30.131727365219344],[31.908969936677082,30.13174069127756],[31.909003476877512,30.131744522034065],[31.908998610957884,30.131776715697985],[31.909017746967489,30.131778901554277],[31.909017800769224,30.131778543979024],[31.909022842137606,30.131779119782507],[31.909017570148631,30.131813998887175],[31.909012477875208,30.131813417121407],[31.909012531676971,30.13181305954615],[31.908926777489995,30.131803264892167],[31.908922072965854,30.131834387631788],[31.908974852053323,30.131840415277271],[31.908969715051949,30.131874398634466],[31.9089841192609,30.131876042630026],[31.908983551771556,30.131879799893976],[31.908979744513719,30.13187936529015],[31.908979488184617,30.131881064679895],[31.908979076815537,30.131881017913543],[31.9089752578226,30.131906282171517],[31.908975669191783,30.131906328937877],[31.908974959819197,30.131911024390302],[31.908963847604735,30.13190975541993],[31.908960008037983,30.131935153319873],[31.908960419407279,30.131935200086289]]]},"properties":{"FID":53,"Join_Count":1,"NUMBER":28,"Text":"E","RefName_12":"F.F.L:196.80","NO_BUILDIN":28,"exc_Buildi":0,"exc_Elevat":0,"Pit_Layer":0,"Pit_Laye_1":0,"Layer_1":0,"Layer_2":0,"Layer_3":0,"Layer_4":0,"Layer_5":0,"Layer_6":0,"Layer_7":0,"Layer_8":0,"Layer_9":0,"Layer_10":0,"Layer_11":" ","Layer_12":" ","Layer_13":" ","Layer_14":" ","Layer_15":" ","Layer_16":" ","Curb":" ","PC":" ","RC":" ","col_rc":" ","GB":" ","col_GB":" ","Block_SOG":" ","SOG":" ","Col_SOG":" ","Col_to_1st":" ","AX__1M":" ","Slab_1":" ","Col_to_2nd":" ","Slab_2":" ","Col_to_3rd":" ","Slab_3":" ","Col_to_4th":" ","Slab_4":" ","Col_to_5th":" ","Slab_5":" ","Col_to_6th":" ","Slab_6":" ","Col_to_Roo":" ","Slab_Roof":" ","Axis_COL":" ","Light_Weig":" ","Sleeves":" ","status":" ","F50":" ","F51":" ","F52":" ","F53":" ","F54":" ","F55":" ","F56":" ","F57":" ","F58":" ","F59":" ","F60":" ","F61":" ","F62":" ","F63":" ","F64":" ","F65":" ","F66":" ","F67":" ","F68":" ","F69":" ","F70":" ","F71":" ","F72":" ","F73":" ","F74":" ","F75":" ","F76":" ","F77":" ","F78":" ","F79":" ","F80":" ","F81":" ","F82":" ","F83":" ","F84":" ","F85":" ","F86":" ","F87":" ","F88":" ","F89":" ","F90":" ","F91":" ","F92":" ","F93":" ","F94":" ","F95":" ","F96":" ","F97":" ","F98":" ","F99":" ","F100":" ","F101":" ","F102":" ","F103":" ","F104":" ","F105":" ","F106":" ","F107":" ","F108":" ","F109":" ","F110":" ","F111":" ","F112":" ","F113":" ","F114":" ","F115":" ","F116":" ","F117":" ","F118":" ","F119":" ","F120":" ","F122":" ","F123":" ","F124":" ","F125":" ","F126":" ","F127":" ","Field":0}},{"type":"Feature","id":54,"geometry":{"type":"Polygon","coordinates":[[[31.907984865177646,30.132019582108505],[31.907984108803053,30.132024589982649],[31.907948098240734,30.132020477461911],[31.907947665727985,30.132023338977373],[31.907914384960982,30.132019174213376],[31.907914331155137,30.132019531788249],[31.907912273254759,30.132019296143],[31.907911786943362,30.132022516135219],[31.907907465470259,30.132022022812688],[31.907917766579992,30.131953875579519],[31.907896263103378,30.131951419974918],[31.907896256268565,30.131951466927589],[31.907896359112854,30.131951478845536],[31.907893256116743,30.131972002481145],[31.907874222942656,30.131969829281164],[31.90786949167186,30.132001128067184],[31.90783328893945,30.131996993389521],[31.907833086593076,30.131998243194346],[31.907831261598158,30.132010315918297],[31.907794429337361,30.132006108906118],[31.907794064345691,30.132008524352788],[31.907789742865432,30.132008030124386],[31.907794914551296,30.131973822865827],[31.907760139158508,30.131969850596008],[31.907759597998329,30.131973428169768],[31.90775527651973,30.131972933940201],[31.907755695335105,30.131970162722748],[31.907718140077076,30.13196587318593],[31.907719883848298,30.131954335927048],[31.907685420118895,30.131950400271894],[31.907690151421214,30.131919098785211],[31.907686036679682,30.131918629284311],[31.90768660422675,30.13191487292692],[31.907710474113514,30.131917599066945],[31.907715205414881,30.131886298481351],[31.907773953503295,30.131893008810383],[31.907778975406618,30.131859784895241],[31.907714158584078,30.131852381330457],[31.907718484785104,30.131823763468432],[31.907719296007748,30.131818397111466],[31.907705200348556,30.131816787828814],[31.907705767894431,30.131813031471328],[31.907709472301001,30.131813454194202],[31.907709654282868,30.131812246925509],[31.907710065651163,30.131812293695852],[31.907713824306548,30.131787432191327],[31.90771341293835,30.131787385420992],[31.907714257405051,30.131781796033426],[31.907724340129786,30.131782947740621],[31.907728044966031,30.131758442908531],[31.907727633597947,30.131758396138245],[31.907728526048075,30.131752493415366],[31.907765563900281,30.131756724284276],[31.907765997455012,30.131753862762032],[31.907772787140853,30.13175463851444],[31.907772733334614,30.131754996089281],[31.907795368034503,30.131757581009374],[31.907795421840639,30.13175722343453],[31.90780138982009,30.131757904736101],[31.907801876142258,30.131754685646101],[31.907806197603257,30.131755178972377],[31.907795895395893,30.131823326207151],[31.907817294960779,30.131825769918052],[31.907820404803754,30.131805199330866],[31.907839438991115,30.131807373434171],[31.907844170255586,30.13177607374632],[31.907851990443437,30.131776966856076],[31.90785400426364,30.131763641713956],[31.907897730005576,30.131768636368037],[31.907895717228818,30.131781961503538],[31.907900859360822,30.131782549282512],[31.907903285748343,30.13176690578312],[31.907952375091604,30.131772421721632],[31.907946961239379,30.13180782945507],[31.907953341628787,30.131808557512098],[31.907953881751798,30.131804980846745],[31.907958203215625,30.131805474167958],[31.907957919447515,30.131807352347156],[31.907996398159501,30.1318117472876],[31.907994384357675,30.131825072431443],[31.908027924555832,30.131828903437299],[31.908023057285792,30.131861097980376],[31.908042194331774,30.131863283971825],[31.908042248137072,30.131862926396884],[31.908047289505099,30.131863502237856],[31.90804201716012,30.131898380408085],[31.908036923857608,30.131897799513609],[31.908036978700611,30.131897441931518],[31.907951224519415,30.131887646639928],[31.90794651967671,30.131918768448628],[31.907999298768878,30.131924797388489],[31.907994161428665,30.131958780714051],[31.908008565636656,30.131960424816711],[31.908007998109845,30.131964182077159],[31.908004190852257,30.13196374744501],[31.908003934506223,30.131965446833213],[31.908003522099509,30.131965400070953],[31.907999702854653,30.131990664305423],[31.908000115261469,30.131990711067679],[31.907999404804404,30.131995406522904],[31.907988293620107,30.13199413656077],[31.907984453808364,30.132019535339044],[31.907984865177646,30.132019582108505]]]},"properties":{"FID":54,"Join_Count":1,"NUMBER":26,"Text":"E","RefName_12":"F.F.L:196.95","NO_BUILDIN":26,"exc_Buildi":0,"exc_Elevat":0,"Pit_Layer":0,"Pit_Laye_1":0,"Layer_1":0,"Layer_2":0,"Layer_3":0,"Layer_4":0,"Layer_5":0,"Layer_6":0,"Layer_7":0,"Layer_8":0,"Layer_9":0,"Layer_10":0,"Layer_11":" ","Layer_12":" ","Layer_13":" ","Layer_14":" ","Layer_15":" ","Layer_16":" ","Curb":" ","PC":" ","RC":" ","col_rc":" ","GB":" ","col_GB":" ","Block_SOG":" ","SOG":" ","Col_SOG":" ","Col_to_1st":" ","AX__1M":" ","Slab_1":" ","Col_to_2nd":" ","Slab_2":" ","Col_to_3rd":" ","Slab_3":" ","Col_to_4th":" ","Slab_4":" ","Col_to_5th":" ","Slab_5":" ","Col_to_6th":" ","Slab_6":" ","Col_to_Roo":" ","Slab_Roof":" ","Axis_COL":" ","Light_Weig":" ","Sleeves":" ","status":" ","F50":" ","F51":" ","F52":" ","F53":" ","F54":" ","F55":" ","F56":" ","F57":" ","F58":" ","F59":" ","F60":" ","F61":" ","F62":" ","F63":" ","F64":" ","F65":" ","F66":" ","F67":" ","F68":" ","F69":" ","F70":" ","F71":" ","F72":" ","F73":" ","F74":" ","F75":" ","F76":" ","F77":" ","F78":" ","F79":" ","F80":" ","F81":" ","F82":" ","F83":" ","F84":" ","F85":" ","F86":" ","F87":" ","F88":" ","F89":" ","F90":" ","F91":" ","F92":" ","F93":" ","F94":" ","F95":" ","F96":" ","F97":" ","F98":" ","F99":" ","F100":" ","F101":" ","F102":" ","F103":" ","F104":" ","F105":" ","F106":" ","F107":" ","F108":" ","F109":" ","F110":" ","F111":" ","F112":" ","F113":" ","F114":" ","F115":" ","F116":" ","F117":" ","F118":" ","F119":" ","F120":" ","F122":" ","F123":" ","F124":" ","F125":" ","F126":" ","F127":" ","Field":0}},{"type":"Feature","id":55,"geometry":{"type":"Polygon","coordinates":[[[31.907215299653707,30.132113686903676],[31.907214660660969,30.132115872419067],[31.907172823045162,30.132106628581312],[31.907191478638332,30.132044299543079],[31.907177801743622,30.132041277443278],[31.90716091506895,30.132099018280048],[31.90709955401606,30.132085506378846],[31.907109728679295,30.132050712571957],[31.907072114883555,30.132042401110137],[31.907071859291953,30.132043276037614],[31.907036156711886,30.132035387054092],[31.907050320397325,30.131986956819162],[31.907031211445073,30.131982734611356],[31.907030368171544,30.131985618803675],[31.907028256281148,30.131985152597874],[31.907038789221755,30.131949135878767],[31.90713634292306,30.131970691248732],[31.907142734933476,30.131948836083694],[31.90704518021488,30.131927280725151],[31.90705571314372,30.131891264004619],[31.907057825032211,30.131891730209993],[31.907057058241588,30.131894353188464],[31.907081094929097,30.131899664407285],[31.907090042924136,30.131869067185114],[31.907126048790353,30.131876650980026],[31.907131161773734,30.131859166852553],[31.907165255684507,30.131866700691656],[31.907165005117651,30.131867557544066],[31.907199594447114,30.13187559128632],[31.907199697099845,30.13187524149274],[31.90720261382199,30.131875886153974],[31.907203533554167,30.131872738942544],[31.907207758377552,30.131873672243337],[31.907191268234094,30.131930058207171],[31.907222847858108,30.131937035696335],[31.90723959254488,30.131879775710324],[31.907243817368872,30.131880709009955],[31.907242641002295,30.131884730254612],[31.907280254750834,30.131893041668715],[31.907280510348471,30.13189216764281],[31.907314604272688,30.13189970054065],[31.907309491319939,30.131917184674563],[31.907315123032486,30.131918428479203],[31.907345292943745,30.131925467086724],[31.907336345023303,30.13195606432453],[31.907360381739434,30.131961375491549],[31.907361148522455,30.131958752511519],[31.907363260421928,30.131959219613911],[31.907352727598891,30.131995236356602],[31.907255172792986,30.13197368115615],[31.907248781835463,30.131995535416962],[31.907307515625362,30.132008513345511],[31.907306441912489,30.132012184797027],[31.907303424326077,30.132011518283804],[31.907293862537284,30.132044213364221],[31.907294869091501,30.132044435530585],[31.907286304538601,30.132073721275134],[31.907263173493416,30.132068610407281],[31.90725359266207,30.132099904766257],[31.907218393325671,30.132092126916408],[31.907212283102407,30.132113020381279],[31.907215299653707,30.132113686903676]]]},"properties":{"FID":55,"Join_Count":1,"NUMBER":53,"Text":"D","RefName_12":"F.F.L:196.85","NO_BUILDIN":53,"exc_Buildi":0,"exc_Elevat":0,"Pit_Layer":0,"Pit_Laye_1":0,"Layer_1":0,"Layer_2":0,"Layer_3":0,"Layer_4":0,"Layer_5":0,"Layer_6":0,"Layer_7":0,"Layer_8":0,"Layer_9":0,"Layer_10":0,"Layer_11":" ","Layer_12":" ","Layer_13":" ","Layer_14":" ","Layer_15":" ","Layer_16":" ","Curb":" ","PC":" ","RC":" ","col_rc":" ","GB":" ","col_GB":" ","Block_SOG":" ","SOG":" ","Col_SOG":" ","Col_to_1st":" ","AX__1M":" ","Slab_1":" ","Col_to_2nd":" ","Slab_2":" ","Col_to_3rd":" ","Slab_3":" ","Col_to_4th":" ","Slab_4":" ","Col_to_5th":" ","Slab_5":" ","Col_to_6th":" ","Slab_6":" ","Col_to_Roo":" ","Slab_Roof":" ","Axis_COL":" ","Light_Weig":" ","Sleeves":" ","status":" ","F50":" ","F51":" ","F52":" ","F53":" ","F54":" ","F55":" ","F56":" ","F57":" ","F58":" ","F59":" ","F60":" ","F61":" ","F62":" ","F63":" ","F64":" ","F65":" ","F66":" ","F67":" ","F68":" ","F69":" ","F70":" ","F71":" ","F72":" ","F73":" ","F74":" ","F75":" ","F76":" ","F77":" ","F78":" ","F79":" ","F80":" ","F81":" ","F82":" ","F83":" ","F84":" ","F85":" ","F86":" ","F87":" ","F88":" ","F89":" ","F90":" ","F91":" ","F92":" ","F93":" ","F94":" ","F95":" ","F96":" ","F97":" ","F98":" ","F99":" ","F100":" ","F101":" ","F102":" ","F103":" ","F104":" ","F105":" ","F106":" ","F107":" ","F108":" ","F109":" ","F110":" ","F111":" ","F112":" ","F113":" ","F114":" ","F115":" ","F116":" ","F117":" ","F118":" ","F119":" ","F120":" ","F122":" ","F123":" ","F124":" ","F125":" ","F126":" ","F127":" ","Field":0}},{"type":"Feature","id":56,"geometry":{"type":"Polygon","coordinates":[[[31.906839897029876,30.132199274293022],[31.906838209447049,30.13220504448643],[31.90680200354786,30.132197044355308],[31.906801186454601,30.132199841770827],[31.906794548168797,30.132198374872232],[31.906794650823286,30.132198025078964],[31.906772525288932,30.132193136302178],[31.906772422634379,30.132193486095428],[31.906766589176392,30.132192196754136],[31.906765669427596,30.132195343962707],[31.906761444594196,30.132194410647898],[31.906780925764544,30.132127796746502],[31.906760007490334,30.132123174756295],[31.906754126598933,30.132143282756175],[31.90673552090486,30.132139171591039],[31.906726573798913,30.132169766979441],[31.906718929999482,30.132168077899085],[31.90671512007982,30.132181103315013],[31.906672378859298,30.132171658987215],[31.906676185671259,30.132158633593892],[31.906671159126642,30.132157522695309],[31.90666662681182,30.132172807262464],[31.906618629063118,30.132162294195979],[31.906628811858603,30.13212768979421],[31.90662257496777,30.132126313026674],[31.906621552543417,30.132129808223521],[31.906617328751725,30.13212887489685],[31.90661786511097,30.13212704007924],[31.906580251323494,30.132118728476325],[31.906584061258798,30.132105703063882],[31.906551274370294,30.132098457728233],[31.906560478158678,30.132066987416714],[31.906541771626756,30.132062854368638],[31.906541670009172,30.132063204154566],[31.90653674225495,30.13206211512],[31.90654671284187,30.132028020931632],[31.90655169153894,30.13202912043878],[31.906551588883751,30.132029470231885],[31.906635413697458,30.132047992439816],[31.906644310519621,30.132017570593163],[31.906592719395082,30.132006171256496],[31.906602434353701,30.131972951088766],[31.906588353009727,30.131969841514284],[31.906589427770101,30.131966168256994],[31.906593148278574,30.131966990498842],[31.90659363434353,30.131965330119698],[31.906594036751855,30.131965418448665],[31.906601259073589,30.131940722505437],[31.90660085666536,30.131940634176491],[31.906602199093687,30.131936044415841],[31.906613061142668,30.131938444651812],[31.906620321695026,30.131913617649676],[31.906619919278665,30.131913528418821],[31.906621351274481,30.131908633154506],[31.906656551540586,30.131916411159779],[31.90665736863583,30.131913613745009],[31.906689852117658,30.131921163327782],[31.906689953734606,30.131920813541726],[31.906691965800409,30.131921257890998],[31.906692885549276,30.131918110682829],[31.906697110370246,30.131919044000117],[31.906677629180457,30.131985657891498],[31.906698648289709,30.131990302652458],[31.906698662405248,30.131990257453644],[31.906698561537528,30.131990234696808],[31.906704429354178,30.131970171890558],[31.906723033977528,30.131974283068018],[31.906731981068578,30.131943687679279],[31.906767370605522,30.131951507646061],[31.906767741338896,30.131950286447811],[31.906771191949318,30.131938484855649],[31.906807196024136,30.131946440385999],[31.906807886356141,30.131944080426742],[31.90681211014153,30.13194501374744],[31.906802331868185,30.131978451755515],[31.906836324929792,30.131985962922805],[31.906837347336964,30.131982466822436],[31.906841571124247,30.131983400142136],[31.906840779168117,30.1319861089857],[31.906877490352677,30.131994221080362],[31.906874191663061,30.132005498450351],[31.906907881106132,30.132012942237754],[31.906898933042807,30.132043539448297],[31.906902955105821,30.132044428154529],[31.90690188137755,30.132048099603029],[31.906878549666622,30.132042944048301],[31.906869601583487,30.132073540354948],[31.906812174880123,30.132060851782924],[31.906802677341471,30.132093328095401],[31.906866037346848,30.132107328772271],[31.906857856060459,30.132135303002592],[31.906856322456875,30.132140548055304],[31.906870100216171,30.132143592043214],[31.90686902648569,30.132147263491429],[31.906865405798587,30.132146464021467],[31.906865060636761,30.132147644452221],[31.906864658219224,30.132147555222122],[31.906857551698341,30.132171857997026],[31.906857954107732,30.132171946325151],[31.906856356086326,30.132177410113187],[31.906846499530904,30.132175232977037],[31.906839494620392,30.132199185964858],[31.906839897029876,30.132199274293022]]]},"properties":{"FID":56,"Join_Count":1,"NUMBER":54,"Text":"E","RefName_12":"F.F.L:196.75","NO_BUILDIN":54,"exc_Buildi":0,"exc_Elevat":0,"Pit_Layer":0,"Pit_Laye_1":0,"Layer_1":0,"Layer_2":0,"Layer_3":0,"Layer_4":0,"Layer_5":0,"Layer_6":0,"Layer_7":0,"Layer_8":0,"Layer_9":0,"Layer_10":0,"Layer_11":" ","Layer_12":" ","Layer_13":" ","Layer_14":" ","Layer_15":" ","Layer_16":" ","Curb":" ","PC":" ","RC":" ","col_rc":" ","GB":" ","col_GB":" ","Block_SOG":" ","SOG":" ","Col_SOG":" ","Col_to_1st":" ","AX__1M":" ","Slab_1":" ","Col_to_2nd":" ","Slab_2":" ","Col_to_3rd":" ","Slab_3":" ","Col_to_4th":" ","Slab_4":" ","Col_to_5th":" ","Slab_5":" ","Col_to_6th":" ","Slab_6":" ","Col_to_Roo":" ","Slab_Roof":" ","Axis_COL":" ","Light_Weig":" ","Sleeves":" ","status":" ","F50":" ","F51":" ","F52":" ","F53":" ","F54":" ","F55":" ","F56":" ","F57":" ","F58":" ","F59":" ","F60":" ","F61":" ","F62":" ","F63":" ","F64":" ","F65":" ","F66":" ","F67":" ","F68":" ","F69":" ","F70":" ","F71":" ","F72":" ","F73":" ","F74":" ","F75":" ","F76":" ","F77":" ","F78":" ","F79":" ","F80":" ","F81":" ","F82":" ","F83":" ","F84":" ","F85":" ","F86":" ","F87":" ","F88":" ","F89":" ","F90":" ","F91":" ","F92":" ","F93":" ","F94":" ","F95":" ","F96":" ","F97":" ","F98":" ","F99":" ","F100":" ","F101":" ","F102":" ","F103":" ","F104":" ","F105":" ","F106":" ","F107":" ","F108":" ","F109":" ","F110":" ","F111":" ","F112":" ","F113":" ","F114":" ","F115":" ","F116":" ","F117":" ","F118":" ","F119":" ","F120":" ","F122":" ","F123":" ","F124":" ","F125":" ","F126":" ","F127":" ","Field":0}},{"type":"Feature","id":57,"geometry":{"type":"Polygon","coordinates":[[[31.906361964020302,30.132319820481165],[31.906360276407646,30.13232559066893],[31.906324071536833,30.132317590399104],[31.906323253391452,30.13232038781906],[31.906316615103918,30.132318920896342],[31.906316717760234,30.132318571103415],[31.906294592220199,30.132313682246249],[31.90629448956382,30.132314032039137],[31.906288656104341,30.132312742676671],[31.90628773633928,30.132315889882154],[31.906283512542458,30.13231495654486],[31.906302993019491,30.132248342715663],[31.906282074739924,30.132243720649427],[31.906276193744564,30.132263828629668],[31.906257588045715,30.132259717396948],[31.906248640781591,30.132290312755487],[31.906240996980191,30.132288623647337],[31.906237188030868,30.132301649043381],[31.906194445761709,30.132292204567438],[31.906198252641016,30.132279179186828],[31.906193226095084,30.13227806826999],[31.906188693701178,30.132293352822014],[31.906140695939673,30.132282839581126],[31.906150878914143,30.132248235213378],[31.906144642021697,30.132246858423187],[31.906143619579282,30.132250353616644],[31.906139395786507,30.132249420274597],[31.906139932155234,30.132247585458764],[31.906102318358105,30.132239273719218],[31.906106128360726,30.132226248319473],[31.906073341463816,30.132219002864723],[31.906082545414897,30.132187532583917],[31.906063839915834,30.132183399460729],[31.906063737258755,30.132183749253471],[31.906058809503286,30.132182660201003],[31.906068780266445,30.132148566045903],[31.906073758964791,30.132149665571163],[31.906073656307797,30.132150015363916],[31.906157481143055,30.132168537876421],[31.906166378122474,30.132138116059473],[31.906114786984691,30.13212671653535],[31.906124502115023,30.132093496400042],[31.906110421805092,30.132090386767263],[31.906111495546789,30.132086713520714],[31.906115217093895,30.132087535768942],[31.906115702129767,30.132085875398559],[31.906116104538196,30.132085963729004],[31.906123326987597,30.132061267809874],[31.906122924579257,30.132061179479493],[31.906124267031309,30.132056589723319],[31.906135129083086,30.132058989998754],[31.906142389763794,30.132034163020855],[31.906141987347318,30.132034073788518],[31.906143419368451,30.132029178528978],[31.906178619643583,30.132036956662141],[31.906179436753291,30.132034159250111],[31.906211920241695,30.132041708950926],[31.906212022898092,30.132041359158094],[31.906214033926766,30.132041803521798],[31.906214953691901,30.132038656316716],[31.906219178513954,30.132039589649349],[31.906199696979801,30.132106203475669],[31.90622071609447,30.132110848313026],[31.906220730210229,30.132110803114259],[31.906220629342489,30.132110780357053],[31.906226497262853,30.132090717570389],[31.906245101890981,30.132094828815472],[31.906254049140216,30.132064233456596],[31.906289438686244,30.13207205355193],[31.906289809425953,30.132070832354945],[31.906293260097357,30.13205903077429],[31.906329264181441,30.132066986435458],[31.906329954525642,30.132064626478495],[31.906334178312132,30.132065559814563],[31.906324399865905,30.132098997789999],[31.906358392936252,30.132106509080788],[31.906359415361489,30.132103012983805],[31.906363639149863,30.132103946318853],[31.906362847179736,30.132106655159802],[31.906399558373725,30.132114767387836],[31.906396259625801,30.132126044746784],[31.906429949077545,30.132133488656638],[31.906421000856035,30.132164085837278],[31.906425022920107,30.132164974558126],[31.90642394917284,30.132168646003038],[31.906400617455908,30.132163490363517],[31.906391669214617,30.132194086640322],[31.906334242496481,30.132181397859657],[31.906324744789963,30.132213874140415],[31.906388104811615,30.132227875047459],[31.906379923380616,30.132255849250502],[31.906378389749918,30.132261094298062],[31.906392167512749,30.132264138336062],[31.906391093763283,30.132267809780675],[31.906387473075245,30.132267010297575],[31.906387127907312,30.13226819072716],[31.906386726527366,30.132268101488439],[31.906379618843165,30.13229240424679],[31.906380021252655,30.132292492576365],[31.906378423203027,30.132297956359054],[31.906368566645067,30.1322957791871],[31.906361561610716,30.132319732151522],[31.906361964020302,30.132319820481165]]]},"properties":{"FID":57,"Join_Count":1,"NUMBER":55,"Text":"E","RefName_12":"F.F.L:197.35","NO_BUILDIN":55,"exc_Buildi":0,"exc_Elevat":0,"Pit_Layer":0,"Pit_Laye_1":0,"Layer_1":0,"Layer_2":0,"Layer_3":0,"Layer_4":0,"Layer_5":0,"Layer_6":0,"Layer_7":0,"Layer_8":0,"Layer_9":0,"Layer_10":0,"Layer_11":" ","Layer_12":" ","Layer_13":" ","Layer_14":" ","Layer_15":" ","Layer_16":" ","Curb":" ","PC":" ","RC":" ","col_rc":" ","GB":" ","col_GB":" ","Block_SOG":" ","SOG":" ","Col_SOG":" ","Col_to_1st":" ","AX__1M":" ","Slab_1":" ","Col_to_2nd":" ","Slab_2":" ","Col_to_3rd":" ","Slab_3":" ","Col_to_4th":" ","Slab_4":" ","Col_to_5th":" ","Slab_5":" ","Col_to_6th":" ","Slab_6":" ","Col_to_Roo":" ","Slab_Roof":" ","Axis_COL":" ","Light_Weig":" ","Sleeves":" ","status":" ","F50":" ","F51":" ","F52":" ","F53":" ","F54":" ","F55":" ","F56":" ","F57":" ","F58":" ","F59":" ","F60":" ","F61":" ","F62":" ","F63":" ","F64":" ","F65":" ","F66":" ","F67":" ","F68":" ","F69":" ","F70":" ","F71":" ","F72":" ","F73":" ","F74":" ","F75":" ","F76":" ","F77":" ","F78":" ","F79":" ","F80":" ","F81":" ","F82":" ","F83":" ","F84":" ","F85":" ","F86":" ","F87":" ","F88":" ","F89":" ","F90":" ","F91":" ","F92":" ","F93":" ","F94":" ","F95":" ","F96":" ","F97":" ","F98":" ","F99":" ","F100":" ","F101":" ","F102":" ","F103":" ","F104":" ","F105":" ","F106":" ","F107":" ","F108":" ","F109":" ","F110":" ","F111":" ","F112":" ","F113":" ","F114":" ","F115":" ","F116":" ","F117":" ","F118":" ","F119":" ","F120":" ","F122":" ","F123":" ","F124":" ","F125":" ","F126":" ","F127":" ","Field":0}},{"type":"Feature","id":58,"geometry":{"type":"Polygon","coordinates":[[[31.908916384096155,30.132379020118194],[31.908914269656783,30.1323830388441],[31.908877463247382,30.132368410829667],[31.908879599099237,30.132364350462954],[31.908879977168375,30.132364500291096],[31.908915942890303,30.132296127693344],[31.908883101587023,30.13228307516119],[31.908860965840116,30.132325155410211],[31.908825104117291,30.132310902405422],[31.908819064816051,30.132322388198816],[31.908815098695754,30.132320811819447],[31.908816696005108,30.13231777627362],[31.908814902510709,30.132317064347433],[31.908815074880067,30.1323167357193],[31.908788415019789,30.13230613993716],[31.90878824264211,30.132306467663319],[31.908783288118514,30.13230449851936],[31.908787948442875,30.132295639046607],[31.908761146939874,30.132284986508449],[31.908760973532726,30.132285315143733],[31.908755688839904,30.132283213879532],[31.908770792847612,30.132254503421841],[31.908767772433361,30.132253302961502],[31.908782131478091,30.132226875274704],[31.908781753401385,30.132226724544307],[31.908782616310393,30.132225084102455],[31.908779218866123,30.132223733806736],[31.908781031383519,30.132220288154432],[31.908852943288903,30.132248870450692],[31.908861962003698,30.132231725474021],[31.908861913051684,30.132231705967932],[31.908861870212636,30.13223178744672],[31.908840211759465,30.132223179434192],[31.908848194168048,30.132208004437942],[31.908815165420872,30.13219487651196],[31.908830349970728,30.132166012145728],[31.908829034410999,30.13216547641823],[31.908816294521863,30.132160413035074],[31.908831742202711,30.132131046223439],[31.908829194642365,30.132130033724447],[31.908831006118714,30.132126588078663],[31.908867104200446,30.132140935063546],[31.908881689994466,30.132113208681488],[31.908877914484638,30.132111708560121],[31.908879726996631,30.132108262906506],[31.90888265158738,30.132109425239825],[31.908898403206347,30.132079481726656],[31.90891057754741,30.132084320800139],[31.908925031724529,30.132056842479269],[31.908958062514344,30.132069970364203],[31.90895978831561,30.132066688576295],[31.908963752344231,30.132068264063886],[31.908953741218479,30.132087295737794],[31.908986770984487,30.132100423622305],[31.908962131253176,30.132147263168694],[31.908997190967082,30.132161197856007],[31.909024376558225,30.132109518452143],[31.909054575484291,30.132121521225926],[31.909060238234613,30.132123771403851],[31.909066150042115,30.132112532735135],[31.909070113036531,30.132114108226606],[31.909068559606347,30.132117061387383],[31.909069834433446,30.132117568529317],[31.909069661019345,30.132117896263001],[31.909095896957673,30.132128323535653],[31.90909606933403,30.132127995809125],[31.90910196747361,30.132130339971916],[31.909097738636476,30.132138379233382],[31.90912359650617,30.132148655770798],[31.909123769920132,30.132148328037037],[31.909129998224124,30.132150803414788],[31.909114463930866,30.132180335028533],[31.909117483309188,30.132181535488051],[31.909114635524755,30.132186949315276],[31.909114257455961,30.132186799487794],[31.909104764498601,30.132204846181722],[31.909105142567437,30.132204996009218],[31.909102639526392,30.13220975348111],[31.909106036974343,30.132211103768366],[31.909104224468511,30.13221454942494],[31.909032312527895,30.132185968169097],[31.90902333666919,30.132203029874127],[31.909045045130934,30.132211658257042],[31.909037061723112,30.132226834173782],[31.909070090500634,30.132239961141089],[31.909066810230385,30.132246196098247],[31.909080871831861,30.132251784314757],[31.909062533587111,30.132286647360974],[31.909048470952207,30.132281060051781],[31.909046313681326,30.132285160258551],[31.909062803613008,30.132291771718556],[31.909042314091412,30.132330937883768],[31.909004968674076,30.132316036710648],[31.90900229326504,30.132321123711058],[31.909006067747036,30.132322623835801],[31.909004255235772,30.132326069491029],[31.909002274249463,30.132325281289855],[31.908986135032016,30.132355961746171],[31.908972073412425,30.132350372617825],[31.908958005772003,30.132377114920867],[31.908924032295843,30.132363611999732],[31.908916006018647,30.132378869388194],[31.908916384096155,30.132379020118194]]]},"properties":{"FID":58,"Join_Count":1,"NUMBER":29,"Text":"E","RefName_12":"F.F.L:196.00","NO_BUILDIN":29,"exc_Buildi":0,"exc_Elevat":0,"Pit_Layer":0,"Pit_Laye_1":0,"Layer_1":0,"Layer_2":0,"Layer_3":0,"Layer_4":0,"Layer_5":0,"Layer_6":0,"Layer_7":0,"Layer_8":0,"Layer_9":0,"Layer_10":0,"Layer_11":" ","Layer_12":" ","Layer_13":" ","Layer_14":" ","Layer_15":" ","Layer_16":" ","Curb":" ","PC":" ","RC":" ","col_rc":" ","GB":" ","col_GB":" ","Block_SOG":" ","SOG":" ","Col_SOG":" ","Col_to_1st":" ","AX__1M":" ","Slab_1":" ","Col_to_2nd":" ","Slab_2":" ","Col_to_3rd":" ","Slab_3":" ","Col_to_4th":" ","Slab_4":" ","Col_to_5th":" ","Slab_5":" ","Col_to_6th":" ","Slab_6":" ","Col_to_Roo":" ","Slab_Roof":" ","Axis_COL":" ","Light_Weig":" ","Sleeves":" ","status":" ","F50":" ","F51":" ","F52":" ","F53":" ","F54":" ","F55":" ","F56":" ","F57":" ","F58":" ","F59":" ","F60":" ","F61":" ","F62":" ","F63":" ","F64":" ","F65":" ","F66":" ","F67":" ","F68":" ","F69":" ","F70":" ","F71":" ","F72":" ","F73":" ","F74":" ","F75":" ","F76":" ","F77":" ","F78":" ","F79":" ","F80":" ","F81":" ","F82":" ","F83":" ","F84":" ","F85":" ","F86":" ","F87":" ","F88":" ","F89":" ","F90":" ","F91":" ","F92":" ","F93":" ","F94":" ","F95":" ","F96":" ","F97":" ","F98":" ","F99":" ","F100":" ","F101":" ","F102":" ","F103":" ","F104":" ","F105":" ","F106":" ","F107":" ","F108":" ","F109":" ","F110":" ","F111":" ","F112":" ","F113":" ","F114":" ","F115":" ","F116":" ","F117":" ","F118":" ","F119":" ","F120":" ","F122":" ","F123":" ","F124":" ","F125":" ","F126":" ","F127":" ","Field":0}},{"type":"Feature","id":59,"geometry":{"type":"Polygon","coordinates":[[[31.907396243145996,30.132454063791389],[31.907389855459275,30.132455039689564],[31.907388095808848,30.132446333735949],[31.907360091114743,30.132450610568743],[31.907360162856595,30.132450966374588],[31.907353417651404,30.132451997057004],[31.90734695191183,30.132420014282232],[31.907343681384749,30.132420514034923],[31.907342496677884,30.132414650912313],[31.907342904975955,30.13241458855957],[31.907338954213643,30.13239504362674],[31.907338544877987,30.132395105986642],[31.907337503646982,30.132389953573718],[31.907333823785191,30.132390515686041],[31.907333069504851,30.132386784692521],[31.90741094971467,30.132374888651601],[31.907407213120738,30.132356410243585],[31.907383704917105,30.132360001162642],[31.907380382374186,30.132343565695088],[31.907344612811713,30.132349029984255],[31.907343247717943,30.132342277805083],[31.907328019457839,30.132344603733451],[31.907320386457158,30.132306847916162],[31.907335614695189,30.132304520184867],[31.907334716956971,30.132300080285482],[31.907316820809097,30.132302760185851],[31.907308151590971,30.1322603994508],[31.90734863465417,30.132254269406051],[31.907347519607331,30.132248761201506],[31.90734343249111,30.132249385659609],[31.907342678203388,30.132245653764109],[31.90734482435461,30.132245325943323],[31.907338107566378,30.132212101003148],[31.907353335797719,30.13220977417205],[31.907347480888447,30.132180812581542],[31.907384274254209,30.132175193291005],[31.907380933270144,30.132158669551476],[31.907380524973167,30.132158731904322],[31.907379644628339,30.132154378479811],[31.907419504343306,30.132148289700655],[31.907420393395029,30.13215268726416],[31.907419985098105,30.132152749617134],[31.907434954460065,30.132226795688652],[31.907470521907982,30.132221363439939],[31.90746130855532,30.132175789839742],[31.907500145463725,30.132169857835091],[31.907497629449534,30.132157420904448],[31.907501923814095,30.132156764341552],[31.907502587908475,30.132160051256985],[31.907504529908795,30.132159754610232],[31.907504601650938,30.13216011041601],[31.907533474659207,30.132155700371325],[31.907533402916968,30.132155344565582],[31.907538768811289,30.132154525453295],[31.907540707812316,30.132164119566518],[31.907569734188606,30.132159685904107],[31.907569662454485,30.132159331000352],[31.907575385857545,30.132158456198049],[31.907581671261461,30.132189549905505],[31.907584941779607,30.132189050147062],[31.907590352594273,30.1322178966271],[31.907590760891345,30.132217834273611],[31.907591120624996,30.132219611491049],[31.907594799432903,30.132219048476848],[31.907595553729845,30.132222780370729],[31.907517674701772,30.132234676511377],[31.907521428729776,30.132253244096763],[31.907521481576669,30.132253235613575],[31.907521464166109,30.132253147335039],[31.907544919483737,30.132249563973101],[31.90754824204199,30.13226599853428],[31.907584011570158,30.132260535092353],[31.907590331714676,30.132291795434128],[31.907591765005101,30.13229158799183],[31.90760556213397,30.132289480284928],[31.907611991033797,30.132321284699387],[31.907614750669541,30.132320863336641],[31.907615504959864,30.132324594328356],[31.907576412040918,30.132330566020858],[31.907582482238027,30.132360593212113],[31.907586570394788,30.132359968739365],[31.907587324684393,30.132363699731229],[31.90758415778733,30.132364183439723],[31.907590713806357,30.132396612082605],[31.907577529109023,30.132398626258002],[31.907583544970961,30.132428385019647],[31.907547773307147,30.132433848476889],[31.907548491728789,30.132437402017068],[31.907544199419572,30.132438057665397],[31.90754003236809,30.132417447133456],[31.90750426071374,30.132422911480788],[31.907494006077272,30.132372184571505],[31.907456036465096,30.132377984302764],[31.907467351815139,30.132433952793267],[31.907434646520237,30.132438947640647],[31.907428513763886,30.132439884797325],[31.907430974424773,30.132452056012674],[31.907426682114046,30.132452711657166],[31.907426035430468,30.132449513020052],[31.907424656129198,30.132449723695903],[31.907424583357681,30.132449368799243],[31.907396171412238,30.132453708887542],[31.907396243145996,30.132454063791389]]]},"properties":{"FID":59,"Join_Count":1,"NUMBER":52,"Text":"E","RefName_12":"F.F.L:196.95","NO_BUILDIN":52,"exc_Buildi":0,"exc_Elevat":0,"Pit_Layer":0,"Pit_Laye_1":0,"Layer_1":0,"Layer_2":0,"Layer_3":0,"Layer_4":0,"Layer_5":0,"Layer_6":0,"Layer_7":0,"Layer_8":0,"Layer_9":0,"Layer_10":0,"Layer_11":" ","Layer_12":" ","Layer_13":" ","Layer_14":" ","Layer_15":" ","Layer_16":" ","Curb":" ","PC":" ","RC":" ","col_rc":" ","GB":" ","col_GB":" ","Block_SOG":" ","SOG":" ","Col_SOG":" ","Col_to_1st":" ","AX__1M":" ","Slab_1":" ","Col_to_2nd":" ","Slab_2":" ","Col_to_3rd":" ","Slab_3":" ","Col_to_4th":" ","Slab_4":" ","Col_to_5th":" ","Slab_5":" ","Col_to_6th":" ","Slab_6":" ","Col_to_Roo":" ","Slab_Roof":" ","Axis_COL":" ","Light_Weig":" ","Sleeves":" ","status":" ","F50":" ","F51":" ","F52":" ","F53":" ","F54":" ","F55":" ","F56":" ","F57":" ","F58":" ","F59":" ","F60":" ","F61":" ","F62":" ","F63":" ","F64":" ","F65":" ","F66":" ","F67":" ","F68":" ","F69":" ","F70":" ","F71":" ","F72":" ","F73":" ","F74":" ","F75":" ","F76":" ","F77":" ","F78":" ","F79":" ","F80":" ","F81":" ","F82":" ","F83":" ","F84":" ","F85":" ","F86":" ","F87":" ","F88":" ","F89":" ","F90":" ","F91":" ","F92":" ","F93":" ","F94":" ","F95":" ","F96":" ","F97":" ","F98":" ","F99":" ","F100":" ","F101":" ","F102":" ","F103":" ","F104":" ","F105":" ","F106":" ","F107":" ","F108":" ","F109":" ","F110":" ","F111":" ","F112":" ","F113":" ","F114":" ","F115":" ","F116":" ","F117":" ","F118":" ","F119":" ","F120":" ","F122":" ","F123":" ","F124":" ","F125":" ","F126":" ","F127":" ","Field":0}},{"type":"Feature","id":60,"geometry":{"type":"Polygon","coordinates":[[[31.908416318206815,30.132478720399302],[31.908414233952918,30.132482751537129],[31.908377321514848,30.1324683270714],[31.908379427181497,30.132464254292827],[31.908379806271455,30.132464402311285],[31.908415271425302,30.132395833056147],[31.908382335298114,30.132382961459506],[31.908360507604286,30.132425163977349],[31.908324541877704,30.132411109098527],[31.908318586868649,30.132422627662045],[31.908314609543723,30.132421073895699],[31.908316183958849,30.13241802949371],[31.908314386406097,30.132417327511053],[31.908314556693707,30.132416997995868],[31.908287819338813,30.132406549678059],[31.908287649042876,30.132406878291217],[31.908282680243779,30.132404936287823],[31.908287275013606,30.132396052028572],[31.908260396024314,30.132385547856114],[31.908260225728338,30.132385876469229],[31.908254925747364,30.132383805057412],[31.908269819531412,30.13235501131782],[31.908266789937549,30.132353828047894],[31.908280955382114,30.132327320569722],[31.908280577330473,30.132327172543793],[31.908281427755416,30.132325527681271],[31.908278020110714,30.132324196385646],[31.908279807652633,30.132320740990345],[31.908351927540505,30.132348924329861],[31.908360820331438,30.132331729743356],[31.908360771379471,30.132331710237064],[31.908360728548232,30.132331792617673],[31.908339007913778,30.132323304921776],[31.908346878964402,30.132308085623343],[31.908313755418174,30.132295141337845],[31.908328727661928,30.132266192802525],[31.908327408018749,30.132265664314442],[31.908314631428397,30.132260671494361],[31.908329864722489,30.13223121962697],[31.908327308995073,30.132230221607124],[31.90832909653367,30.132226766211183],[31.908365298602053,30.132240913267445],[31.908379680418061,30.13221310626475],[31.908375894724699,30.132211626945931],[31.908377682261257,30.132208171549347],[31.908380615010479,30.132209318503033],[31.908396147041216,30.13217928816729],[31.908408356033267,30.132184059395833],[31.908422610398326,30.132156502229194],[31.90845573599481,30.13216944737578],[31.90845743786565,30.132166156739444],[31.908461413098756,30.132167709614066],[31.908451541425119,30.132186796212611],[31.908484667035395,30.132199741351542],[31.908460370734034,30.132246716442932],[31.908495531371553,30.132260456630824],[31.908522338155244,30.132208628405646],[31.908552624766855,30.132220463813791],[31.908558302796511,30.132222683238822],[31.908564132385983,30.13221141178537],[31.908568107630778,30.132212965558669],[31.908566576049324,30.132215926680903],[31.908567853922236,30.132216426590464],[31.908567683627545,30.132216755203949],[31.908593993971532,30.132227037738247],[31.908594164257881,30.132226708222735],[31.908600079735383,30.132229019815256],[31.908595910214785,30.132237082103703],[31.908621842515181,30.132247216607166],[31.908622012809726,30.132246887993585],[31.90862825947249,30.13224932899119],[31.908612941640936,30.132278945645542],[31.908615970198728,30.13228012891464],[31.90861316196392,30.132285558694374],[31.908612782874311,30.13228541067657],[31.908603422086614,30.132303509641229],[31.908603800138607,30.132303657666235],[31.908601332483688,30.132308429316652],[31.908604740131953,30.132309760603817],[31.908602952601647,30.132313216003308],[31.908530832664216,30.132285031900498],[31.908521982738119,30.132302144117315],[31.908543752334705,30.132310651288918],[31.908535881322663,30.132325871500527],[31.908569004906735,30.132338815729103],[31.908565771461717,30.132345068390983],[31.908579872809923,30.132350578812066],[31.908561789531468,30.132385541956957],[31.908547686120347,30.13238003335232],[31.908545560063871,30.132384145061696],[31.908562096879773,30.132390665155786],[31.908541895621653,30.132429943810017],[31.908504441097076,30.132415249812905],[31.908501803147708,30.132420350976904],[31.908505587813249,30.132421830299041],[31.908503801315195,30.132425285690065],[31.908501814211931,30.132424509249958],[31.908485899776444,30.132455277393529],[31.908471797372204,30.13244976606785],[31.908457926419729,30.132476585435764],[31.90842385403602,30.13246327069044],[31.908415940154406,30.132478572373781],[31.908416318206815,30.132478720399302]]]},"properties":{"FID":60,"Join_Count":1,"NUMBER":30,"Text":"E","RefName_12":"F.F.L:195.95","NO_BUILDIN":30,"exc_Buildi":0,"exc_Elevat":0,"Pit_Layer":0,"Pit_Laye_1":0,"Layer_1":0,"Layer_2":0,"Layer_3":0,"Layer_4":0,"Layer_5":0,"Layer_6":0,"Layer_7":0,"Layer_8":0,"Layer_9":0,"Layer_10":0,"Layer_11":" ","Layer_12":" ","Layer_13":" ","Layer_14":" ","Layer_15":" ","Layer_16":" ","Curb":" ","PC":" ","RC":" ","col_rc":" ","GB":" ","col_GB":" ","Block_SOG":" ","SOG":" ","Col_SOG":" ","Col_to_1st":" ","AX__1M":" ","Slab_1":" ","Col_to_2nd":" ","Slab_2":" ","Col_to_3rd":" ","Slab_3":" ","Col_to_4th":" ","Slab_4":" ","Col_to_5th":" ","Slab_5":" ","Col_to_6th":" ","Slab_6":" ","Col_to_Roo":" ","Slab_Roof":" ","Axis_COL":" ","Light_Weig":" ","Sleeves":" ","status":" ","F50":" ","F51":" ","F52":" ","F53":" ","F54":" ","F55":" ","F56":" ","F57":" ","F58":" ","F59":" ","F60":" ","F61":" ","F62":" ","F63":" ","F64":" ","F65":" ","F66":" ","F67":" ","F68":" ","F69":" ","F70":" ","F71":" ","F72":" ","F73":" ","F74":" ","F75":" ","F76":" ","F77":" ","F78":" ","F79":" ","F80":" ","F81":" ","F82":" ","F83":" ","F84":" ","F85":" ","F86":" ","F87":" ","F88":" ","F89":" ","F90":" ","F91":" ","F92":" ","F93":" ","F94":" ","F95":" ","F96":" ","F97":" ","F98":" ","F99":" ","F100":" ","F101":" ","F102":" ","F103":" ","F104":" ","F105":" ","F106":" ","F107":" ","F108":" ","F109":" ","F110":" ","F111":" ","F112":" ","F113":" ","F114":" ","F115":" ","F116":" ","F117":" ","F118":" ","F119":" ","F120":" ","F122":" ","F123":" ","F124":" ","F125":" ","F126":" ","F127":" ","Field":0}},{"type":"Feature","id":61,"geometry":{"type":"Polygon","coordinates":[[[31.908038920999442,30.132578743924562],[31.908024190968746,30.132608093058337],[31.907971498742249,30.132588111864727],[31.907963614442139,30.132603820131909],[31.907966753070074,30.132605010773712],[31.907965881679488,30.132606746883905],[31.907926695744688,30.132591886984393],[31.907966944766375,30.132511691931803],[31.907943166646156,30.132502675364425],[31.907902916562584,30.132582869515364],[31.907863730646241,30.132568009596621],[31.907864602038309,30.132566273487065],[31.90786745532758,30.132567355152904],[31.907877371852745,30.13254759627651],[31.907844082062546,30.132534972339606],[31.907858515622642,30.132505313171396],[31.907839493337399,30.132498099359328],[31.907853559932537,30.132470072691383],[31.907854491938039,30.132470426162424],[31.907869207073126,30.132442054948111],[31.907868826979271,30.132441910543225],[31.907870029592974,30.132439513664959],[31.907866605643694,30.132438214944301],[31.907868348425538,30.13243474272511],[31.907929696222112,30.132458006179881],[31.90794272526664,30.132432046000794],[31.907880426734355,30.132408421994164],[31.907882169515233,30.132404949774795],[31.907886544212587,30.132406609052651],[31.907902063095669,30.13237568856281],[31.907901112346867,30.132375328005335],[31.90791517889971,30.132347300429032],[31.907934201160934,30.132354514230762],[31.907936524862258,30.132349884303359],[31.907949394856029,30.132325143862293],[31.907982684579494,30.132337766872094],[31.907992601059753,30.132318007987237],[31.907989747776465,30.132316926323956],[31.907990619164206,30.132315190213571],[31.90802980603528,30.132330050089504],[31.90798955712641,30.132410244259038],[31.908013335236472,30.132419261720464],[31.908037567948526,30.132370979208083],[31.908041562552992,30.132372494076343],[31.908040317120985,30.132374974238573],[31.908075889511164,30.132388463636115],[31.908076305349457,30.132387637211149],[31.908108167432388,30.132399719815702],[31.908098623974375,30.132418734664228],[31.908132603618668,30.132432014054597],[31.908118080522147,30.132460950444102],[31.908140813130544,30.132469570095726],[31.908142057523449,30.13246708993978],[31.908144435960399,30.132467991769211],[31.908127174366282,30.132502384508481],[31.908059429012116,30.132476301411636],[31.908053785891433,30.132487545396014],[31.908116608309186,30.13251136775315],[31.908091344198159,30.132561817763097],[31.908053489109019,30.132547462861634],[31.908037970248202,30.13257838336817],[31.908038920999442,30.132578743924562]]]},"properties":{"FID":61,"Join_Count":1,"NUMBER":31,"Text":"D","RefName_12":"F.F.L:195.80","NO_BUILDIN":31,"exc_Buildi":0,"exc_Elevat":0,"Pit_Layer":0,"Pit_Laye_1":0,"Layer_1":0,"Layer_2":0,"Layer_3":0,"Layer_4":0,"Layer_5":0,"Layer_6":0,"Layer_7":0,"Layer_8":0,"Layer_9":0,"Layer_10":0,"Layer_11":" ","Layer_12":" ","Layer_13":" ","Layer_14":" ","Layer_15":" ","Layer_16":" ","Curb":" ","PC":" ","RC":" ","col_rc":" ","GB":" ","col_GB":" ","Block_SOG":" ","SOG":" ","Col_SOG":" ","Col_to_1st":" ","AX__1M":" ","Slab_1":" ","Col_to_2nd":" ","Slab_2":" ","Col_to_3rd":" ","Slab_3":" ","Col_to_4th":" ","Slab_4":" ","Col_to_5th":" ","Slab_5":" ","Col_to_6th":" ","Slab_6":" ","Col_to_Roo":" ","Slab_Roof":" ","Axis_COL":" ","Light_Weig":" ","Sleeves":" ","status":" ","F50":" ","F51":" ","F52":" ","F53":" ","F54":" ","F55":" ","F56":" ","F57":" ","F58":" ","F59":" ","F60":" ","F61":" ","F62":" ","F63":" ","F64":" ","F65":" ","F66":" ","F67":" ","F68":" ","F69":" ","F70":" ","F71":" ","F72":" ","F73":" ","F74":" ","F75":" ","F76":" ","F77":" ","F78":" ","F79":" ","F80":" ","F81":" ","F82":" ","F83":" ","F84":" ","F85":" ","F86":" ","F87":" ","F88":" ","F89":" ","F90":" ","F91":" ","F92":" ","F93":" ","F94":" ","F95":" ","F96":" ","F97":" ","F98":" ","F99":" ","F100":" ","F101":" ","F102":" ","F103":" ","F104":" ","F105":" ","F106":" ","F107":" ","F108":" ","F109":" ","F110":" ","F111":" ","F112":" ","F113":" ","F114":" ","F115":" ","F116":" ","F117":" ","F118":" ","F119":" ","F120":" ","F122":" ","F123":" ","F124":" ","F125":" ","F126":" ","F127":" ","Field":0}},{"type":"Feature","id":62,"geometry":{"type":"Polygon","coordinates":[[[31.907330782390787,30.132827548607406],[31.907304464034908,30.132842173580926],[31.907284495640006,30.13281580263186],[31.907263778571821,30.132827654880639],[31.907265490741032,30.132829915269795],[31.907263670724241,30.132830957048366],[31.907240164552562,30.132799914556319],[31.907324244749308,30.132751811648323],[31.907309982215253,30.132732975640643],[31.907259361300632,30.132761936539513],[31.907256965308257,30.132758772528536],[31.907259564737501,30.132757284277659],[31.907238227677876,30.13272910518246],[31.907237360515317,30.132729601872033],[31.907218248248537,30.132704361557415],[31.907238184846051,30.132692955795463],[31.907218050755027,30.132665708305431],[31.907248388181358,30.132648351323926],[31.907234752781967,30.132630344452163],[31.907232152309692,30.132631831807679],[31.907230726890518,30.132629948290358],[31.907266785546501,30.132609318940787],[31.907307173697223,30.13266331335107],[31.907318962000275,30.132656568684578],[31.907281279472031,30.132606803250479],[31.907334125538878,30.132576515432323],[31.907356832323519,30.132606502642808],[31.90738925091366,30.132587955917746],[31.907388680542471,30.132587203054111],[31.907419451494377,30.132569597688718],[31.907451058463572,30.132611338195417],[31.907467527386853,30.132601916450064],[31.907465645037068,30.132599429927456],[31.907467465055714,30.132598389048152],[31.907490970202041,30.132629430605142],[31.907406890191165,30.132677533617041],[31.907421153772756,30.132696369606936],[31.907505232754499,30.132648266593051],[31.90752873793295,30.132679309044541],[31.907526917913493,30.132680349924705],[31.907525206778761,30.132678089531819],[31.907504489768669,30.132689941817638],[31.907524458194899,30.132716312733056],[31.907493741723549,30.132734318247376],[31.90750515135635,30.132749386318391],[31.90747576679782,30.132766198268378],[31.907475207971238,30.13276545975792],[31.907445063594636,30.132782251690909],[31.907445291539499,30.132782553198467],[31.907442777786077,30.132783991249855],[31.90744483239467,30.132786703894347],[31.907441191320608,30.132788786561537],[31.907404393132826,30.132740189499785],[31.907377175435062,30.13275576061049],[31.907414543996612,30.132805111445318],[31.907410903958894,30.132807194104526],[31.907408278978135,30.13280372859602],[31.907375861359927,30.132822275319377],[31.907376431732416,30.132823028182997],[31.9073470471298,30.132839840104875],[31.907335636463966,30.132824771125257],[31.907330782390787,30.132827548607406]]]},"properties":{"FID":62,"Join_Count":1,"NUMBER":51,"Text":"D","RefName_12":"F.F.L:196.85","NO_BUILDIN":51,"exc_Buildi":0,"exc_Elevat":0,"Pit_Layer":0,"Pit_Laye_1":0,"Layer_1":0,"Layer_2":0,"Layer_3":0,"Layer_4":0,"Layer_5":0,"Layer_6":0,"Layer_7":0,"Layer_8":0,"Layer_9":0,"Layer_10":0,"Layer_11":" ","Layer_12":" ","Layer_13":" ","Layer_14":" ","Layer_15":" ","Layer_16":" ","Curb":" ","PC":" ","RC":" ","col_rc":" ","GB":" ","col_GB":" ","Block_SOG":" ","SOG":" ","Col_SOG":" ","Col_to_1st":" ","AX__1M":" ","Slab_1":" ","Col_to_2nd":" ","Slab_2":" ","Col_to_3rd":" ","Slab_3":" ","Col_to_4th":" ","Slab_4":" ","Col_to_5th":" ","Slab_5":" ","Col_to_6th":" ","Slab_6":" ","Col_to_Roo":" ","Slab_Roof":" ","Axis_COL":" ","Light_Weig":" ","Sleeves":" ","status":" ","F50":" ","F51":" ","F52":" ","F53":" ","F54":" ","F55":" ","F56":" ","F57":" ","F58":" ","F59":" ","F60":" ","F61":" ","F62":" ","F63":" ","F64":" ","F65":" ","F66":" ","F67":" ","F68":" ","F69":" ","F70":" ","F71":" ","F72":" ","F73":" ","F74":" ","F75":" ","F76":" ","F77":" ","F78":" ","F79":" ","F80":" ","F81":" ","F82":" ","F83":" ","F84":" ","F85":" ","F86":" ","F87":" ","F88":" ","F89":" ","F90":" ","F91":" ","F92":" ","F93":" ","F94":" ","F95":" ","F96":" ","F97":" ","F98":" ","F99":" ","F100":" ","F101":" ","F102":" ","F103":" ","F104":" ","F105":" ","F106":" ","F107":" ","F108":" ","F109":" ","F110":" ","F111":" ","F112":" ","F113":" ","F114":" ","F115":" ","F116":" ","F117":" ","F118":" ","F119":" ","F120":" ","F122":" ","F123":" ","F124":" ","F125":" ","F126":" ","F127":" ","Field":0}},{"type":"Feature","id":63,"geometry":{"type":"Polygon","coordinates":[[[31.90694452262208,30.132903728256661],[31.906931567224653,30.13293176520202],[31.906897863931409,30.132919999002276],[31.906896317145158,30.132923347180572],[31.906892272619597,30.132921934551327],[31.906901246062702,30.132902516004858],[31.90686754278288,30.132890749797024],[31.906889627325437,30.132842956780895],[31.90685385443188,30.13283046699161],[31.906829488358248,30.132883198113021],[31.906798674031581,30.132872440265245],[31.906792896146349,30.132870422605563],[31.906787597359706,30.132881890570356],[31.906783553874956,30.132880477930513],[31.906784945985503,30.132877464571159],[31.906783645703719,30.132877010802357],[31.906783800382676,30.132876675984665],[31.906757030575882,30.132867329857657],[31.90675687589685,30.132867664675334],[31.906750857535521,30.132865563882309],[31.906754648209404,30.132857360842223],[31.906728263602076,30.132848149159798],[31.90672810892298,30.13284848397744],[31.906721754299003,30.13284626553331],[31.906735677498549,30.132816132832939],[31.906732595966524,30.132815057227326],[31.906735149208046,30.132809532728924],[31.906735534399534,30.132809667179647],[31.90674404278953,30.132791253103271],[31.906743657598099,30.132791118652591],[31.906745901488776,30.132786264691294],[31.906742434757955,30.132785053733233],[31.906744058895132,30.132781539049759],[31.906817434799937,30.132807156413861],[31.906825479138369,30.132789746785772],[31.906803329573641,30.132782014087137],[31.906810485543733,30.132766529203682],[31.906776784396033,30.132754762956807],[31.906779724330534,30.132748401413323],[31.906765376466023,30.132743392223116],[31.906781813180036,30.132707820083485],[31.906796162069568,30.132712828362866],[31.906798095569233,30.132708644945293],[31.906781267389054,30.132702712957105],[31.906799620163081,30.132662753659766],[31.906837728603463,30.132676115847261],[31.90684012611133,30.132670925269831],[31.906836275238351,30.132669580758606],[31.906837900399825,30.13266606516488],[31.906839922134015,30.132666771033076],[31.906854386656072,30.132635467360338],[31.906868735546716,30.132640476533968],[31.906881343909131,30.132613189770055],[31.906916008005645,30.13262529301851],[31.906923202620966,30.132609724875657],[31.906922817421794,30.132609589523515],[31.906924712232314,30.132605488455628],[31.906962267339079,30.132618600053654],[31.906960353201317,30.132622743650739],[31.906959968010288,30.132622609200691],[31.906927730700581,30.132692372636384],[31.906961241323398,30.132704071605342],[31.906981081921568,30.132661134343007],[31.907017673040652,30.132673909806659],[31.907023086764802,30.132662191177676],[31.907027132319108,30.132663603795969],[31.907025701545269,30.132666700411271],[31.907027530685063,30.132667339051633],[31.90702737600726,30.132667673869605],[31.907054578864507,30.13267717120015],[31.907054733542228,30.132676836382124],[31.907059788927828,30.132678601938967],[31.907055612620951,30.132687641123329],[31.907082959154813,30.132697188871781],[31.907083113832481,30.132696854053751],[31.907088506521575,30.13269873725114],[31.907074969094161,30.132728032047027],[31.907078050626954,30.132729107644604],[31.907065134452534,30.132756092567387],[31.907065519644217,30.132756227017129],[31.907064746255159,30.132757901107226],[31.907068212980484,30.132759111154726],[31.907066587825817,30.132762626751123],[31.906993212931372,30.13273700951958],[31.906985128923615,30.132754503320037],[31.90698517889674,30.132754521015727],[31.906985217562138,30.13275443686026],[31.9070073171691,30.132762152734351],[31.90700016225977,30.132777636718782],[31.907033863440258,30.132789402907559],[31.907020253743624,30.132818855149523],[31.907021596825704,30.132819336583449],[31.907034596533521,30.132823874268816],[31.907020749717784,30.132853838695201],[31.907023350290995,30.132854747130065],[31.907021725125027,30.132858261823927],[31.906984892421796,30.132845403239276],[31.906971820017237,30.13287369356398],[31.906975671937623,30.132875038063851],[31.906974046777869,30.132878553659129],[31.906971063095984,30.132877511660976],[31.906956944557756,30.13290806517637],[31.90694452262208,30.132903728256661]]]},"properties":{"FID":63,"Join_Count":1,"NUMBER":50,"Text":"E","RefName_12":"F.F.L:196.75","NO_BUILDIN":50,"exc_Buildi":0,"exc_Elevat":0,"Pit_Layer":0,"Pit_Laye_1":0,"Layer_1":0,"Layer_2":0,"Layer_3":0,"Layer_4":0,"Layer_5":0,"Layer_6":0,"Layer_7":0,"Layer_8":0,"Layer_9":0,"Layer_10":0,"Layer_11":" ","Layer_12":" ","Layer_13":" ","Layer_14":" ","Layer_15":" ","Layer_16":" ","Curb":" ","PC":" ","RC":" ","col_rc":" ","GB":" ","col_GB":" ","Block_SOG":" ","SOG":" ","Col_SOG":" ","Col_to_1st":" ","AX__1M":" ","Slab_1":" ","Col_to_2nd":" ","Slab_2":" ","Col_to_3rd":" ","Slab_3":" ","Col_to_4th":" ","Slab_4":" ","Col_to_5th":" ","Slab_5":" ","Col_to_6th":" ","Slab_6":" ","Col_to_Roo":" ","Slab_Roof":" ","Axis_COL":" ","Light_Weig":" ","Sleeves":" ","status":" ","F50":" ","F51":" ","F52":" ","F53":" ","F54":" ","F55":" ","F56":" ","F57":" ","F58":" ","F59":" ","F60":" ","F61":" ","F62":" ","F63":" ","F64":" ","F65":" ","F66":" ","F67":" ","F68":" ","F69":" ","F70":" ","F71":" ","F72":" ","F73":" ","F74":" ","F75":" ","F76":" ","F77":" ","F78":" ","F79":" ","F80":" ","F81":" ","F82":" ","F83":" ","F84":" ","F85":" ","F86":" ","F87":" ","F88":" ","F89":" ","F90":" ","F91":" ","F92":" ","F93":" ","F94":" ","F95":" ","F96":" ","F97":" ","F98":" ","F99":" ","F100":" ","F101":" ","F102":" ","F103":" ","F104":" ","F105":" ","F106":" ","F107":" ","F108":" ","F109":" ","F110":" ","F111":" ","F112":" ","F113":" ","F114":" ","F115":" ","F116":" ","F117":" ","F118":" ","F119":" ","F120":" ","F122":" ","F123":" ","F124":" ","F125":" ","F126":" ","F127":" ","Field":0}},{"type":"Feature","id":64,"geometry":{"type":"Polygon","coordinates":[[[31.908086388997386,30.133013666149825],[31.90804652793663,30.133019754242188],[31.908045638848456,30.133015356684254],[31.908046047148481,30.133015294329265],[31.90803107719719,30.132941248348075],[31.90799551057297,30.132946681647521],[31.908004724243064,30.132992254296461],[31.907965886018822,30.132998187364763],[31.907968402115664,30.133010624283237],[31.907964107709549,30.133011279960023],[31.907963443593481,30.133007993047784],[31.907961501578178,30.133008289701593],[31.907961429841961,30.133007934798126],[31.907932556608241,30.133012344941051],[31.907932628344355,30.133012699844535],[31.907927263453406,30.133013519868502],[31.90792532335038,30.133003924868554],[31.907896297783775,30.133008358606599],[31.907896369528025,30.133008714412078],[31.907890646071074,30.133009588327223],[31.90788435947406,30.132978494648619],[31.907881088931699,30.132978994414998],[31.907875679022943,30.132950147945657],[31.907875269685388,30.13295021030725],[31.907874910989577,30.132948433985757],[31.907871231110601,30.13294899611348],[31.907870476805321,30.13294526512388],[31.907948357378665,30.132933368757442],[31.907944603241862,30.132914801188338],[31.907944549348723,30.132914808776874],[31.907944567805711,30.132914897950155],[31.907921111301885,30.13291848049127],[31.907917788657304,30.132902045942867],[31.907882018927872,30.132907510381564],[31.907875699676733,30.132876249150296],[31.907874266378563,30.132876456595849],[31.907860469174846,30.132878564332344],[31.907854039125276,30.132846760844259],[31.907851279476123,30.132847182212291],[31.907850525172453,30.13284345122247],[31.907889619311646,30.132837479437811],[31.907883547951151,30.132807452272598],[31.907879459778151,30.132808076754912],[31.907878705465524,30.132804344863295],[31.907881873412627,30.132803861140271],[31.907875317276506,30.132771433418423],[31.907888502016334,30.132769419212345],[31.907882485002144,30.132739660475689],[31.907918256746623,30.13273419602362],[31.907917538309338,30.132730642485914],[31.907921830628361,30.132729986825236],[31.907925997773731,30.132750597342174],[31.907961769527663,30.132745133780208],[31.907972025483769,30.132795860637216],[31.908009994183345,30.132790060761607],[31.907998679519952,30.132734092320828],[31.9080313848713,30.13272909642977],[31.908037516609568,30.132728160153878],[31.90803505586679,30.132715988952061],[31.908039348184289,30.132715333287546],[31.908039994881289,30.132718531019091],[31.90804137522246,30.13271832032957],[31.908041446966983,30.132718676134964],[31.908069859993645,30.132714335899056],[31.908069787211357,30.132713980100835],[31.908076175953006,30.132713005064218],[31.908077935668945,30.132721711006891],[31.908105939358226,30.132717433125411],[31.908105867621718,30.132717078222015],[31.908112612836014,30.132716047500793],[31.908119078835064,30.132748029328972],[31.908122349368472,30.132747529556852],[31.908123535171672,30.132753393565874],[31.908123125835118,30.132753455928235],[31.908127077796927,30.132772999923787],[31.908127486095886,30.132772937568586],[31.908128528418221,30.132778090868861],[31.908132207251562,30.132777528741247],[31.908132961565219,30.132781259729246],[31.908055082173593,30.132793156195401],[31.908058817860461,30.132811633686124],[31.90808232718063,30.132808042637567],[31.908085649857025,30.132824478083492],[31.90812141955216,30.132819014492092],[31.90812278470613,30.132825766661437],[31.908138013010401,30.132823439737951],[31.908145646366126,30.132861195497512],[31.908130418064534,30.132863523323987],[31.908131315852273,30.132867964118674],[31.90814921103901,30.132865284113041],[31.90815788066644,30.132907643878223],[31.908117397394495,30.132913774176366],[31.908118512500632,30.132919283274745],[31.908122599638801,30.132918658792136],[31.908123353953307,30.132922389780102],[31.908121207790419,30.132922717613813],[31.908127924902715,30.132955943405932],[31.90811269656967,30.132958269426677],[31.90811855175351,30.132987230974077],[31.908081759180927,30.13299285136986],[31.908085099275457,30.133009375093675],[31.908085508613102,30.133009312731421],[31.908086388997386,30.133013666149825]]]},"properties":{"FID":64,"Join_Count":1,"NUMBER":32,"Text":"E","RefName_12":"F.F.L:195.75","NO_BUILDIN":32,"exc_Buildi":0,"exc_Elevat":0,"Pit_Layer":0,"Pit_Laye_1":0,"Layer_1":0,"Layer_2":0,"Layer_3":0,"Layer_4":0,"Layer_5":0,"Layer_6":0,"Layer_7":0,"Layer_8":0,"Layer_9":0,"Layer_10":0,"Layer_11":" ","Layer_12":" ","Layer_13":" ","Layer_14":" ","Layer_15":" ","Layer_16":" ","Curb":" ","PC":" ","RC":" ","col_rc":" ","GB":" ","col_GB":" ","Block_SOG":" ","SOG":" ","Col_SOG":" ","Col_to_1st":" ","AX__1M":" ","Slab_1":" ","Col_to_2nd":" ","Slab_2":" ","Col_to_3rd":" ","Slab_3":" ","Col_to_4th":" ","Slab_4":" ","Col_to_5th":" ","Slab_5":" ","Col_to_6th":" ","Slab_6":" ","Col_to_Roo":" ","Slab_Roof":" ","Axis_COL":" ","Light_Weig":" ","Sleeves":" ","status":" ","F50":" ","F51":" ","F52":" ","F53":" ","F54":" ","F55":" ","F56":" ","F57":" ","F58":" ","F59":" ","F60":" ","F61":" ","F62":" ","F63":" ","F64":" ","F65":" ","F66":" ","F67":" ","F68":" ","F69":" ","F70":" ","F71":" ","F72":" ","F73":" ","F74":" ","F75":" ","F76":" ","F77":" ","F78":" ","F79":" ","F80":" ","F81":" ","F82":" ","F83":" ","F84":" ","F85":" ","F86":" ","F87":" ","F88":" ","F89":" ","F90":" ","F91":" ","F92":" ","F93":" ","F94":" ","F95":" ","F96":" ","F97":" ","F98":" ","F99":" ","F100":" ","F101":" ","F102":" ","F103":" ","F104":" ","F105":" ","F106":" ","F107":" ","F108":" ","F109":" ","F110":" ","F111":" ","F112":" ","F113":" ","F114":" ","F115":" ","F116":" ","F117":" ","F118":" ","F119":" ","F120":" ","F122":" ","F123":" ","F124":" ","F125":" ","F126":" ","F127":" ","Field":0}},{"type":"Feature","id":65,"geometry":{"type":"Polygon","coordinates":[[[31.909444232179425,30.133017605151142],[31.909443428089848,30.133022607950043],[31.909407457304866,30.13301823848289],[31.909406998864085,30.133021097475527],[31.909373757044495,30.133016695584772],[31.909373700130466,30.133017053181614],[31.909371644149672,30.133016803113886],[31.90937112775617,30.133020019710486],[31.90936681113277,30.133019494832229],[31.909377753348362,30.132951424253303],[31.909356274162807,30.132948815378853],[31.909356266282689,30.132948861436823],[31.909356369136432,30.132948874255558],[31.909353073195394,30.132969375801263],[31.909334061384687,30.132967066462307],[31.909329035506687,30.13299833124799],[31.909292871504054,30.132993938731381],[31.909292657751742,30.132995187714904],[31.909290718651761,30.133007247714254],[31.909253927147766,30.13300277834605],[31.909253539326841,30.133005190345798],[31.909249222712873,30.133004666365647],[31.909254715979234,30.132970496525147],[31.909219978394347,30.132966277231084],[31.909219404035611,30.1329698505292],[31.909215088461007,30.132969326540685],[31.90921553320559,30.132966557846167],[31.909178018655162,30.132962001451819],[31.909179871350176,30.13295047695421],[31.909145445449148,30.132946296075229],[31.909150471366509,30.132915029491283],[31.90914636045602,30.132914530243429],[31.909146963274519,30.13291077814711],[31.909170806978253,30.132913674681745],[31.909175832886213,30.132882408096847],[31.909234515947244,30.132889535850534],[31.909239851133936,30.132856348510174],[31.909175105098804,30.132848484252317],[31.909179701021653,30.132819898762651],[31.909180562037847,30.132814538368155],[31.909166481895042,30.132812828110456],[31.909167085758199,30.132809076908817],[31.909170785258329,30.132809525782555],[31.909170978646536,30.132808319335336],[31.909171390052567,30.13280836970889],[31.909175382112274,30.132783535420888],[31.909174971752268,30.132783485942142],[31.909175869122464,30.132777902495231],[31.909185940163034,30.132779125429401],[31.90918987530355,30.132754648737791],[31.909189464943641,30.132754599259059],[31.909190412376599,30.13274870336403],[31.909227410511853,30.132753196578786],[31.909227870002741,30.132750338481351],[31.909234652940388,30.132751162011107],[31.909234594988309,30.132751519615109],[31.909257205484117,30.132754265909551],[31.909257262398441,30.132753908312718],[31.909263223570761,30.132754631989187],[31.909263739974893,30.132751416294809],[31.909268056577876,30.132751940274748],[31.909257114313288,30.132820011749658],[31.909278490615076,30.132822607822202],[31.909281793409974,30.132802060226918],[31.909300806225637,30.132804369566976],[31.909305832104394,30.132773104781496],[31.909313643546678,30.132774052886987],[31.909315782893643,30.132760743094789],[31.909359460094706,30.132766047887642],[31.90935732283711,30.132779358568037],[31.909362459132453,30.132779982410344],[31.909365031794231,30.132764356819518],[31.909414068869857,30.132770222551205],[31.909408322006549,30.132805589340308],[31.909414694589032,30.132806363382606],[31.909415268948187,30.132802790985636],[31.909419585554083,30.132803314960537],[31.909419284146143,30.132805190558244],[31.909457721190943,30.132809859568276],[31.90945558083277,30.132823170271493],[31.909489085202864,30.132827239281294],[31.909483915020548,30.132859398079084],[31.909503030696545,30.132861719306185],[31.909503088655953,30.132861362604046],[31.909508124177997,30.132861973607554],[31.909502522998455,30.132896814411453],[31.909497435524834,30.132896196551069],[31.909497493476024,30.132895838946961],[31.909411833389147,30.132885435104864],[31.909406836004354,30.132916521996865],[31.909459556878037,30.132922925986644],[31.909454100029855,30.132956871879983],[31.909468488733797,30.132958617856328],[31.90946788490611,30.132962371764943],[31.909464082545366,30.132961910081097],[31.909463809594737,30.132963606880413],[31.909463399233854,30.132963557402583],[31.909459342430175,30.132988793548233],[31.909459752791154,30.13298884302608],[31.909458998765604,30.132993533376997],[31.909447899187203,30.132992184983642],[31.909443820780663,30.133017555680439],[31.909444232179425,30.133017605151142]]]},"properties":{"FID":65,"Join_Count":1,"NUMBER":35,"Text":"E","RefName_12":"F.F.L:195.75","NO_BUILDIN":35,"exc_Buildi":0,"exc_Elevat":0,"Pit_Layer":0,"Pit_Laye_1":0,"Layer_1":0,"Layer_2":0,"Layer_3":0,"Layer_4":0,"Layer_5":0,"Layer_6":0,"Layer_7":0,"Layer_8":0,"Layer_9":0,"Layer_10":0,"Layer_11":" ","Layer_12":" ","Layer_13":" ","Layer_14":" ","Layer_15":" ","Layer_16":" ","Curb":" ","PC":" ","RC":" ","col_rc":" ","GB":" ","col_GB":" ","Block_SOG":" ","SOG":" ","Col_SOG":" ","Col_to_1st":" ","AX__1M":" ","Slab_1":" ","Col_to_2nd":" ","Slab_2":" ","Col_to_3rd":" ","Slab_3":" ","Col_to_4th":" ","Slab_4":" ","Col_to_5th":" ","Slab_5":" ","Col_to_6th":" ","Slab_6":" ","Col_to_Roo":" ","Slab_Roof":" ","Axis_COL":" ","Light_Weig":" ","Sleeves":" ","status":" ","F50":" ","F51":" ","F52":" ","F53":" ","F54":" ","F55":" ","F56":" ","F57":" ","F58":" ","F59":" ","F60":" ","F61":" ","F62":" ","F63":" ","F64":" ","F65":" ","F66":" ","F67":" ","F68":" ","F69":" ","F70":" ","F71":" ","F72":" ","F73":" ","F74":" ","F75":" ","F76":" ","F77":" ","F78":" ","F79":" ","F80":" ","F81":" ","F82":" ","F83":" ","F84":" ","F85":" ","F86":" ","F87":" ","F88":" ","F89":" ","F90":" ","F91":" ","F92":" ","F93":" ","F94":" ","F95":" ","F96":" ","F97":" ","F98":" ","F99":" ","F100":" ","F101":" ","F102":" ","F103":" ","F104":" ","F105":" ","F106":" ","F107":" ","F108":" ","F109":" ","F110":" ","F111":" ","F112":" ","F113":" ","F114":" ","F115":" ","F116":" ","F117":" ","F118":" ","F119":" ","F120":" ","F122":" ","F123":" ","F124":" ","F125":" ","F126":" ","F127":" ","Field":0}},{"type":"Feature","id":66,"geometry":{"type":"Polygon","coordinates":[[[31.906439513918588,30.133034068207955],[31.906425684810454,30.133061789107074],[31.906392363437234,30.133049229064625],[31.906390711472454,30.133052539175335],[31.906386712787537,30.133051032403412],[31.906396291273701,30.133031833420478],[31.906362968876493,30.1330192733774],[31.906386542590738,30.132972020410119],[31.906351174010506,30.132958688809062],[31.906325164643018,30.133010824107895],[31.906294699648356,30.132999340306007],[31.906288986949971,30.132997187772393],[31.906283330956654,30.133008524680623],[31.906279332275073,30.13300701790536],[31.906280819152357,30.133004039076777],[31.90627953311866,30.133003554535737],[31.906279698209211,30.133003223254939],[31.90625323191064,30.132993247120503],[31.906253066820017,30.132993578401283],[31.906247115655237,30.132991335503359],[31.906251162508447,30.132983225423736],[31.906225076303404,30.132973392791062],[31.906224911204482,30.132973723169837],[31.906218626824398,30.132971355382299],[31.906233489347773,30.132941563537202],[31.90623044347705,30.132940415511626],[31.906233167513157,30.132934953888959],[31.906233548636084,30.132935097389478],[31.90624263186179,30.132916891357336],[31.906242250738906,30.132916747856861],[31.906244645622145,30.132911947886384],[31.906241217591663,30.132910656367699],[31.906242952104538,30.132907180618364],[31.906315497983577,30.132934525056662],[31.906324084885586,30.132917312868955],[31.906302185846904,30.132909057887726],[31.906309823978365,30.132893748307193],[31.906276503721969,30.132881189128383],[31.906279641517489,30.132874899295587],[31.906265455578023,30.132869552477555],[31.90628300136208,30.132834383173197],[31.906297187280913,30.132839728185537],[31.906299250958067,30.132835592586854],[31.906282615298988,30.132829264118723],[31.906302212500766,30.132789754537445],[31.906339889103918,30.13280401285548],[31.906342448032145,30.132798881609538],[31.906338640957209,30.132797446578838],[31.906340374427071,30.132793970835394],[31.906342373759824,30.132794723771241],[31.906357814051759,30.132763774233435],[31.90637199998066,30.132769121041783],[31.90638545914932,30.132742143264089],[31.906419732177834,30.132755061166147],[31.906427411037445,30.132739669213365],[31.906427029915001,30.132739525713419],[31.906429052810573,30.132735470674547],[31.906466183239981,30.132749466625146],[31.906464139962733,30.132753562396406],[31.90646375884841,30.132753419798547],[31.906429349220822,30.132822394391823],[31.906462479960044,30.132834882676867],[31.906483658724614,30.132792430568944],[31.906519836367522,30.132806066852229],[31.9065256145708,30.132794480131192],[31.906529614293159,30.132795987793912],[31.906528086676964,30.132799049892885],[31.906529896495666,30.132799731970806],[31.906529731406305,30.132800063251917],[31.906556626699707,30.13281020054114],[31.906556791789008,30.132809869259997],[31.906561790142128,30.132811753395135],[31.906557330589649,30.132820690784754],[31.906584368555155,30.132830882107715],[31.906584533652619,30.132830551728496],[31.906589865224355,30.132832560749897],[31.906575415556116,30.132861525332316],[31.906578462465841,30.132862673342721],[31.906564705793912,30.132889341991667],[31.906565085879471,30.132889485498371],[31.906564260424211,30.132891141002176],[31.906567688457969,30.132892432512353],[31.90656595395685,30.132895908265752],[31.906493408041044,30.132868563966536],[31.906484779385568,30.132885859439611],[31.906484829375142,30.132885878939412],[31.906484870124608,30.13288579567174],[31.90650672022883,30.132894032017305],[31.906499082119801,30.132909340706689],[31.906532402412406,30.132921899828204],[31.906517875259642,30.132951019185626],[31.906519203064303,30.132951532301078],[31.90653205509652,30.132956376842404],[31.906517275198269,30.132986002176914],[31.906519846229745,30.132986971261392],[31.906518111725383,30.132990447014198],[31.906481695547008,30.132976720370173],[31.906467742134421,30.133004691090861],[31.906471550265064,30.133006127012397],[31.906469815758673,30.133009602764588],[31.906466865678858,30.133008490165015],[31.90645179531014,30.133038697499934],[31.906439513918588,30.133034068207955]]]},"properties":{"FID":66,"Join_Count":1,"NUMBER":49,"Text":"E","RefName_12":"F.F.L:196.50","NO_BUILDIN":49,"exc_Buildi":0,"exc_Elevat":0,"Pit_Layer":0,"Pit_Laye_1":0,"Layer_1":0,"Layer_2":0,"Layer_3":0,"Layer_4":0,"Layer_5":0,"Layer_6":0,"Layer_7":0,"Layer_8":0,"Layer_9":0,"Layer_10":0,"Layer_11":" ","Layer_12":" ","Layer_13":" ","Layer_14":" ","Layer_15":" ","Layer_16":" ","Curb":" ","PC":" ","RC":" ","col_rc":" ","GB":" ","col_GB":" ","Block_SOG":" ","SOG":" ","Col_SOG":" ","Col_to_1st":" ","AX__1M":" ","Slab_1":" ","Col_to_2nd":" ","Slab_2":" ","Col_to_3rd":" ","Slab_3":" ","Col_to_4th":" ","Slab_4":" ","Col_to_5th":" ","Slab_5":" ","Col_to_6th":" ","Slab_6":" ","Col_to_Roo":" ","Slab_Roof":" ","Axis_COL":" ","Light_Weig":" ","Sleeves":" ","status":" ","F50":" ","F51":" ","F52":" ","F53":" ","F54":" ","F55":" ","F56":" ","F57":" ","F58":" ","F59":" ","F60":" ","F61":" ","F62":" ","F63":" ","F64":" ","F65":" ","F66":" ","F67":" ","F68":" ","F69":" ","F70":" ","F71":" ","F72":" ","F73":" ","F74":" ","F75":" ","F76":" ","F77":" ","F78":" ","F79":" ","F80":" ","F81":" ","F82":" ","F83":" ","F84":" ","F85":" ","F86":" ","F87":" ","F88":" ","F89":" ","F90":" ","F91":" ","F92":" ","F93":" ","F94":" ","F95":" ","F96":" ","F97":" ","F98":" ","F99":" ","F100":" ","F101":" ","F102":" ","F103":" ","F104":" ","F105":" ","F106":" ","F107":" ","F108":" ","F109":" ","F110":" ","F111":" ","F112":" ","F113":" ","F114":" ","F115":" ","F116":" ","F117":" ","F118":" ","F119":" ","F120":" ","F122":" ","F123":" ","F124":" ","F125":" ","F126":" ","F127":" ","Field":0}},{"type":"Feature","id":67,"geometry":{"type":"Polygon","coordinates":[[[31.90895348255178,30.133122289882682],[31.908952678436666,30.133127292679024],[31.908916707631548,30.133122923077785],[31.908916249176173,30.133125782068987],[31.908883007339764,30.133121380054302],[31.908882950423916,30.133121737650981],[31.908880894441968,30.133121487575586],[31.908880378032027,30.133124704170534],[31.908876061406215,30.133124179276216],[31.908887005006981,30.133056108724887],[31.908865524771731,30.133053499777578],[31.908865516899628,30.133053546737482],[31.908865619745164,30.13305355865462],[31.908862323699481,30.133074060189859],[31.908843311886379,30.133071751682014],[31.90883828584051,30.133103015549757],[31.908802121817629,30.133098622898338],[31.908801908058926,30.133099871881196],[31.908799969935064,30.133111931867205],[31.908763177372812,30.133107462369036],[31.908762789539562,30.133109874367584],[31.908758472923168,30.133109350371313],[31.908763966363953,30.133075180548314],[31.908729229797313,30.133070961117575],[31.908728655420333,30.133074534413883],[31.908724338805634,30.133074010416465],[31.908724783564356,30.133071241723364],[31.90868726899291,30.133066685189199],[31.908689121755017,30.133055161599451],[31.908654695826456,30.133050979690204],[31.908659721903419,30.133019713122202],[31.908655610990643,30.133019213859065],[31.908656214865964,30.133015461757491],[31.908680057545364,30.133018358388167],[31.908685083612937,30.132987091819228],[31.908743766706838,30.132994219791641],[31.908749102071194,30.132961033370233],[31.908684355999828,30.132953168871055],[31.908688952060338,30.132924582494041],[31.908689813103901,30.132919222102281],[31.908675733999143,30.132917512686912],[31.908676336835512,30.132913760592402],[31.908680036337714,30.132914209479903],[31.908680230777986,30.132913003928099],[31.908680641138332,30.132913053408384],[31.908684634362491,30.132888219125903],[31.908684222964574,30.132888169652826],[31.908685120363288,30.132882586208776],[31.908695192455411,30.132883810075256],[31.908699126674943,30.132859332501354],[31.908698716314824,30.132859283021094],[31.908699663777863,30.132853387129099],[31.908736661933837,30.132857880481719],[31.908737121439295,30.132855022385737],[31.908743904380753,30.132855845940774],[31.908743847464528,30.132856203537433],[31.908766456935336,30.132858949923321],[31.908766513851475,30.13285859232667],[31.908772475035374,30.132859316927309],[31.90877299248535,30.132856100325437],[31.908777308061332,30.132856625230605],[31.908766365440986,30.132924695768732],[31.90878774175475,30.132927291920957],[31.908791044654564,30.132906744336196],[31.908810057480864,30.13290905374711],[31.908815084556899,30.132877788970422],[31.908822894974129,30.132878738014174],[31.908825034380794,30.132865427326802],[31.908868711606303,30.132870732282445],[31.908866574280776,30.132884042956043],[31.908871710578989,30.132884666817482],[31.908874284366519,30.132869042129656],[31.908923320424119,30.132874907149287],[31.908917573388461,30.132910274822063],[31.908923947003945,30.132911047978983],[31.908924521381312,30.132907475583846],[31.908928836951958,30.132907999581999],[31.908928535534439,30.132909875178736],[31.908966972600762,30.132914544332035],[31.908964833212334,30.132927855021236],[31.908998336563492,30.132931924163106],[31.908993166217027,30.132964082944437],[31.909012281911973,30.132966405144753],[31.909012339864955,30.132966047540837],[31.90901737539809,30.132966659465094],[31.909011774032408,30.133001499349209],[31.909006687593628,30.133000881462692],[31.909006744508968,30.133000523865942],[31.908921085411787,30.132990119697432],[31.908916087876584,30.133021207475483],[31.908968808771508,30.133027610759783],[31.908963350712355,30.133061556642964],[31.90897773942438,30.133063302672902],[31.908977136615199,30.133067056572443],[31.90897333321465,30.133066594881605],[31.908973061293025,30.13306829167286],[31.908972649894231,30.133068242200693],[31.908968592961735,30.133093478333439],[31.908969003331197,30.133093528714774],[31.908968250311126,30.133098218154124],[31.908957150726522,30.133096869719431],[31.908953072190464,30.133122240403267],[31.90895348255178,30.133122289882682]]]},"properties":{"FID":67,"Join_Count":1,"NUMBER":34,"Text":"E","RefName_12":"F.F.L:195.95","NO_BUILDIN":34,"exc_Buildi":0,"exc_Elevat":0,"Pit_Layer":0,"Pit_Laye_1":0,"Layer_1":0,"Layer_2":0,"Layer_3":0,"Layer_4":0,"Layer_5":0,"Layer_6":0,"Layer_7":0,"Layer_8":0,"Layer_9":0,"Layer_10":0,"Layer_11":" ","Layer_12":" ","Layer_13":" ","Layer_14":" ","Layer_15":" ","Layer_16":" ","Curb":" ","PC":" ","RC":" ","col_rc":" ","GB":" ","col_GB":" ","Block_SOG":" ","SOG":" ","Col_SOG":" ","Col_to_1st":" ","AX__1M":" ","Slab_1":" ","Col_to_2nd":" ","Slab_2":" ","Col_to_3rd":" ","Slab_3":" ","Col_to_4th":" ","Slab_4":" ","Col_to_5th":" ","Slab_5":" ","Col_to_6th":" ","Slab_6":" ","Col_to_Roo":" ","Slab_Roof":" ","Axis_COL":" ","Light_Weig":" ","Sleeves":" ","status":" ","F50":" ","F51":" ","F52":" ","F53":" ","F54":" ","F55":" ","F56":" ","F57":" ","F58":" ","F59":" ","F60":" ","F61":" ","F62":" ","F63":" ","F64":" ","F65":" ","F66":" ","F67":" ","F68":" ","F69":" ","F70":" ","F71":" ","F72":" ","F73":" ","F74":" ","F75":" ","F76":" ","F77":" ","F78":" ","F79":" ","F80":" ","F81":" ","F82":" ","F83":" ","F84":" ","F85":" ","F86":" ","F87":" ","F88":" ","F89":" ","F90":" ","F91":" ","F92":" ","F93":" ","F94":" ","F95":" ","F96":" ","F97":" ","F98":" ","F99":" ","F100":" ","F101":" ","F102":" ","F103":" ","F104":" ","F105":" ","F106":" ","F107":" ","F108":" ","F109":" ","F110":" ","F111":" ","F112":" ","F113":" ","F114":" ","F115":" ","F116":" ","F117":" ","F118":" ","F119":" ","F120":" ","F122":" ","F123":" ","F124":" ","F125":" ","F126":" ","F127":" ","Field":0}},{"type":"Feature","id":68,"geometry":{"type":"Polygon","coordinates":[[[31.908453447230073,30.133162896475373],[31.908451872540688,30.13318088387652],[31.908416795311059,30.13317856458524],[31.908416872338545,30.13317768277145],[31.908381208065727,30.133174944477311],[31.908381176068819,30.133175303705624],[31.908378176220868,30.133175106149778],[31.908377892440452,30.133178343685724],[31.908373546854303,30.133178056208415],[31.908378624113883,30.13312004506809],[31.90834613348536,30.133117896402879],[31.908340977268338,30.13317680740991],[31.908336631682335,30.13317651993135],[31.908336994402621,30.133172382527938],[31.908298295332173,30.133169823041587],[31.908298216393305,30.13317072290911],[31.908263139169751,30.133168403576619],[31.908264713885039,30.133150415275026],[31.908258919774877,30.133150032267512],[31.908227805827433,30.133147613372696],[31.908230561593825,30.133116134296287],[31.908205831749001,30.13311449843609],[31.908205594921711,30.133117197136535],[31.908203422648988,30.13311705339143],[31.908206666008631,30.133079998216445],[31.908307032828041,30.133086635358548],[31.908309001215105,30.133064150431853],[31.908248574291946,30.133060154431874],[31.908248905018226,30.133056376256846],[31.908252008712559,30.133056582118297],[31.908254953307537,30.13302294408501],[31.908253918051333,30.133022875469347],[31.908256554356512,30.132992745749483],[31.908280353786843,30.132994319476758],[31.908283593233858,30.132962058605774],[31.908319808436143,30.132964453055294],[31.908321689357901,30.132942957355336],[31.908318585675254,30.132942752397408],[31.908318783034034,30.132940504081503],[31.908361826545079,30.132943350147002],[31.908355791936007,30.13300754048306],[31.908369864957464,30.133008470622471],[31.908375064362538,30.132949065003345],[31.908438185375488,30.132953193864076],[31.908435053047803,30.132988990849672],[31.908473751004085,30.132991549402352],[31.908473829949507,30.132990650436724],[31.908510562274593,30.132993079143844],[31.908506202008766,30.133042905742702],[31.908525861473539,30.133044205865101],[31.908526120736862,30.133041238204694],[31.908528294037655,30.133041381035351],[31.908525050807505,30.133078437117966],[31.908424682948695,30.133071800149825],[31.90842271458779,30.133094285077693],[31.908523082469308,30.13310092204685],[31.908519839227605,30.133137977227108],[31.908517666954104,30.133137833487204],[31.908517902743501,30.133135135695504],[31.90849317289068,30.133133499889595],[31.908490418245123,30.133164978962569],[31.908453447230073,30.133162896475373]]]},"properties":{"FID":68,"Join_Count":1,"NUMBER":33,"Text":"D","RefName_12":"F.F.L:195.80","NO_BUILDIN":33,"exc_Buildi":0,"exc_Elevat":0,"Pit_Layer":0,"Pit_Laye_1":0,"Layer_1":0,"Layer_2":0,"Layer_3":0,"Layer_4":0,"Layer_5":0,"Layer_6":0,"Layer_7":0,"Layer_8":0,"Layer_9":0,"Layer_10":0,"Layer_11":" ","Layer_12":" ","Layer_13":" ","Layer_14":" ","Layer_15":" ","Layer_16":" ","Curb":" ","PC":" ","RC":" ","col_rc":" ","GB":" ","col_GB":" ","Block_SOG":" ","SOG":" ","Col_SOG":" ","Col_to_1st":" ","AX__1M":" ","Slab_1":" ","Col_to_2nd":" ","Slab_2":" ","Col_to_3rd":" ","Slab_3":" ","Col_to_4th":" ","Slab_4":" ","Col_to_5th":" ","Slab_5":" ","Col_to_6th":" ","Slab_6":" ","Col_to_Roo":" ","Slab_Roof":" ","Axis_COL":" ","Light_Weig":" ","Sleeves":" ","status":" ","F50":" ","F51":" ","F52":" ","F53":" ","F54":" ","F55":" ","F56":" ","F57":" ","F58":" ","F59":" ","F60":" ","F61":" ","F62":" ","F63":" ","F64":" ","F65":" ","F66":" ","F67":" ","F68":" ","F69":" ","F70":" ","F71":" ","F72":" ","F73":" ","F74":" ","F75":" ","F76":" ","F77":" ","F78":" ","F79":" ","F80":" ","F81":" ","F82":" ","F83":" ","F84":" ","F85":" ","F86":" ","F87":" ","F88":" ","F89":" ","F90":" ","F91":" ","F92":" ","F93":" ","F94":" ","F95":" ","F96":" ","F97":" ","F98":" ","F99":" ","F100":" ","F101":" ","F102":" ","F103":" ","F104":" ","F105":" ","F106":" ","F107":" ","F108":" ","F109":" ","F110":" ","F111":" ","F112":" ","F113":" ","F114":" ","F115":" ","F116":" ","F117":" ","F118":" ","F119":" ","F120":" ","F122":" ","F123":" ","F124":" ","F125":" ","F126":" ","F127":" ","Field":0}},{"type":"Feature","id":69,"geometry":{"type":"Polygon","coordinates":[[[31.909414376542571,30.133454644907168],[31.909409105373015,30.133455841390937],[31.909406272132237,30.133446415863023],[31.909377758128787,30.133452890384387],[31.909377863018364,30.133453238743385],[31.909372240793445,30.133454516131248],[31.909363061331558,30.133423970235977],[31.90935984893245,30.133424700556063],[31.90935175311424,30.133396332775],[31.909351351304011,30.133396423954029],[31.909350826823871,30.133394678551095],[31.909347212607123,30.133395499147916],[31.909346111198204,30.13339183371156],[31.909422617629673,30.133374463451691],[31.909417136270722,30.133356222689965],[31.909417083456468,30.133356234781786],[31.909417110199772,30.133356322093427],[31.909394068284513,30.133361553642338],[31.909389216326311,30.133345409346894],[31.90935407766472,30.133353387380424],[31.909344848981981,30.133322677654725],[31.909343439435006,30.13332298597911],[31.909329885616629,30.133326063670332],[31.909320497439957,30.13329482104572],[31.909317786256942,30.133295436045284],[31.909316684850307,30.133291770608547],[31.909355089748267,30.133283051068513],[31.909346225001453,30.133253552953789],[31.909342208980082,30.133254464729372],[31.909341107573052,30.133250799292867],[31.909344218489007,30.133250093128215],[31.909334646201597,30.133218236595123],[31.909347598328587,30.133215295665018],[31.909338812807221,30.133186062197385],[31.909373953478351,30.133178083252613],[31.909372904519838,30.1331745924468],[31.909377121442336,30.133173635080798],[31.909383206446243,30.133193882288083],[31.909418347116215,30.133185903331441],[31.909433321562553,30.133235735971862],[31.909470621455974,30.133227267592567],[31.909454099255967,30.133172286067865],[31.909486228426967,30.133164991825794],[31.909492252443165,30.133163623253921],[31.909488659229361,30.133151667386393],[31.909492876149663,30.1331507100167],[31.909493820214198,30.1331538515606],[31.909495175799073,30.133153543608067],[31.909495280696976,30.133153892868943],[31.909523191901314,30.133147555994935],[31.909523087003308,30.13314720673409],[31.909529362669421,30.133145781395228],[31.909531932637957,30.133154334677897],[31.909559443060243,30.133148088066651],[31.909559338170382,30.133147739707805],[31.909565963860281,30.133146234370297],[31.909575405593497,30.133177652501939],[31.909578619028856,30.133176923071542],[31.909580349824843,30.133182683168737],[31.909579948015697,30.133182774348423],[31.909585717328856,30.133201973770262],[31.909586119138066,30.133201882590541],[31.90958764013839,30.133206944166023],[31.909591254346157,30.133206123562751],[31.909592356799511,30.133209788989845],[31.909515849497254,30.133227160254947],[31.909521305144274,30.133245311889926],[31.909544398810123,30.133240069136583],[31.909549250796065,30.133256214328096],[31.909584390443996,30.133248236236064],[31.909586383479272,30.133254868583073],[31.909601343612223,30.133251471736511],[31.909612489415636,30.133288561747698],[31.909597529294064,30.133291960399571],[31.909598840483095,30.13329632164935],[31.909616425307028,30.133292383458553],[31.90962903524257,30.13333398970974],[31.909589261841042,30.133342965957162],[31.909590888788284,30.133348377688034],[31.909594903773261,30.133347465911985],[31.909596005190778,30.133351131346135],[31.909593897760487,30.133351609574525],[31.909603705622786,30.133384249220466],[31.909588745470039,30.133387646067643],[31.90959729560592,30.133416096381403],[31.909561151382928,30.133424303329026],[31.909566029087191,30.133440535837995],[31.909566430897375,30.133440444658323],[31.90956771639793,30.133444720393442],[31.909528558584753,30.133453611179977],[31.909527260228746,30.13344929133406],[31.909527661001345,30.133449200161664],[31.90950580186837,30.133376460376567],[31.909470862035743,30.133384392865974],[31.909484315525511,30.133429162117285],[31.909446163273753,30.133437824923508],[31.909449836723866,30.133450042726487],[31.909445617723353,30.133451001011348],[31.909444647943296,30.133447771246463],[31.909442739348261,30.133448204799208],[31.909442634450198,30.133447855538318],[31.909414271644607,30.133454295646274],[31.909414376542571,30.133454644907168]]]},"properties":{"FID":69,"Join_Count":0,"NUMBER":36,"Text":"E","RefName_12":"F.F.L:195.25","NO_BUILDIN":36,"exc_Buildi":0,"exc_Elevat":0,"Pit_Layer":0,"Pit_Laye_1":0,"Layer_1":0,"Layer_2":0,"Layer_3":0,"Layer_4":0,"Layer_5":0,"Layer_6":0,"Layer_7":0,"Layer_8":0,"Layer_9":0,"Layer_10":0,"Layer_11":" ","Layer_12":" ","Layer_13":" ","Layer_14":" ","Layer_15":" ","Layer_16":" ","Curb":" ","PC":" ","RC":" ","col_rc":" ","GB":" ","col_GB":" ","Block_SOG":" ","SOG":" ","Col_SOG":" ","Col_to_1st":" ","AX__1M":" ","Slab_1":" ","Col_to_2nd":" ","Slab_2":" ","Col_to_3rd":" ","Slab_3":" ","Col_to_4th":" ","Slab_4":" ","Col_to_5th":" ","Slab_5":" ","Col_to_6th":" ","Slab_6":" ","Col_to_Roo":" ","Slab_Roof":" ","Axis_COL":" ","Light_Weig":" ","Sleeves":" ","status":" ","F50":" ","F51":" ","F52":" ","F53":" ","F54":" ","F55":" ","F56":" ","F57":" ","F58":" ","F59":" ","F60":" ","F61":" ","F62":" ","F63":" ","F64":" ","F65":" ","F66":" ","F67":" ","F68":" ","F69":" ","F70":" ","F71":" ","F72":" ","F73":" ","F74":" ","F75":" ","F76":" ","F77":" ","F78":" ","F79":" ","F80":" ","F81":" ","F82":" ","F83":" ","F84":" ","F85":" ","F86":" ","F87":" ","F88":" ","F89":" ","F90":" ","F91":" ","F92":" ","F93":" ","F94":" ","F95":" ","F96":" ","F97":" ","F98":" ","F99":" ","F100":" ","F101":" ","F102":" ","F103":" ","F104":" ","F105":" ","F106":" ","F107":" ","F108":" ","F109":" ","F110":" ","F111":" ","F112":" ","F113":" ","F114":" ","F115":" ","F116":" ","F117":" ","F118":" ","F119":" ","F120":" ","F122":" ","F123":" ","F124":" ","F125":" ","F126":" ","F127":" ","Field":0}},{"type":"Feature","id":70,"geometry":{"type":"Polygon","coordinates":[[[31.906595167619933,30.133486274546403],[31.90659252064987,30.133491765411357],[31.906558065987294,30.133479215938038],[31.906556782728021,30.133481877655072],[31.906550465711508,30.133479576859358],[31.90655062559701,30.1334792438101],[31.906529570263768,30.133471574779982],[31.906529410369977,30.13347190692728],[31.906523858644491,30.133469884990216],[31.906522414469354,30.133472880665316],[31.906518395398844,30.1334714164337],[31.906548956300284,30.133408024864124],[31.906529049431033,30.133400773668747],[31.906519824226358,30.133419908885646],[31.90650211743673,30.133413459747917],[31.906488081021848,30.133442574814012],[31.906480807136109,30.133439925215896],[31.906474831846751,30.13345232151109],[31.906434157026283,30.133437505716067],[31.906440130244562,30.133425109436914],[31.906435346933886,30.133423367236997],[31.906428272492729,30.13343790440798],[31.906382579957995,30.13342135883746],[31.906398518074514,30.133388435833528],[31.906392583197132,30.133386274914933],[31.9063909791168,30.133389601833855],[31.906386959013833,30.133388137605237],[31.906387801284971,30.133386390881736],[31.906352006644379,30.133373352675296],[31.906357982990642,30.133360957280129],[31.906326782168186,30.133349592218078],[31.906341219889903,30.133319644534765],[31.906323418371127,30.133313159944571],[31.906323257447429,30.133313493000774],[31.906318567856388,30.133311785329258],[31.906334210427183,30.133279339739602],[31.906338947914843,30.133281065120812],[31.906338786991252,30.133281398177022],[31.906418559051112,30.133310454378563],[31.90643251499084,30.133281504043509],[31.906383418968048,30.133263620785691],[31.906398659201948,30.133232007829339],[31.906385258899547,30.133227129171651],[31.906386944460511,30.133223633913559],[31.906390485602444,30.133224923746049],[31.906391247402336,30.13322334264868],[31.906391630569047,30.133223482526489],[31.90640295989844,30.133199980519652],[31.906402577777715,30.133199841536676],[31.906404682923984,30.133195473829243],[31.906415018976858,30.133199238867729],[31.906426409430708,30.133175612859453],[31.90642602626415,30.133175472981705],[31.906428273003105,30.133170814746261],[31.906461770679545,30.133183016359546],[31.906463053929492,30.133180353741341],[31.906493902206631,30.133191981889709],[31.906494063129582,30.13319164883335],[31.906495976871369,30.133192346431279],[31.906497421051672,30.13318935165838],[31.906501441148031,30.133190815883768],[31.906470880279063,30.133254207443624],[31.906490882902229,30.133261493167051],[31.906490904298241,30.133261449722113],[31.906490808510615,30.133261415203744],[31.906500013340484,30.133242322524424],[31.906517718023753,30.13324877167755],[31.906531754403975,30.133219656608169],[31.906565432228685,30.133231922799901],[31.906566005892756,30.133230763344518],[31.906571420003864,30.133219532728578],[31.906605682993415,30.13323201226212],[31.906606765613894,30.13322976686166],[31.906610785705208,30.133231230181632],[31.906595444703573,30.133263051323343],[31.906627793975122,30.13327483415619],[31.906629398045691,30.133271507234539],[31.906633418147269,30.133272971455753],[31.906632174596119,30.133275549011],[31.906667110242967,30.133288274651413],[31.90666193648536,30.133299005693313],[31.906693996329373,30.133310684066945],[31.906679958955657,30.133339800061702],[31.906683787485168,30.133341195244768],[31.906682102954111,30.13334468869536],[31.906659899183513,30.133336600949566],[31.906645861804467,30.133365717842814],[31.906591212945813,30.133345812739449],[31.9065763129027,30.133376717984227],[31.906636609295187,30.133398680446255],[31.906623774688097,30.133425301245691],[31.906621368076024,30.133430293435566],[31.906634481053544,30.133435068513336],[31.906632796527461,30.133438562865265],[31.906629351162692,30.133437307557866],[31.90662880934515,30.133438431614699],[31.906628426177299,30.133438291737626],[31.906617277127964,30.133461418177369],[31.906617660295893,30.133461558054499],[31.906615152838175,30.133466757504362],[31.906605773623888,30.133463341280642],[31.906594784460179,30.133486135571168],[31.906595167619933,30.133486274546403]]]},"properties":{"FID":70,"Join_Count":1,"NUMBER":48,"Text":"E","RefName_12":"F.F.L:195.70","NO_BUILDIN":48,"exc_Buildi":0,"exc_Elevat":0,"Pit_Layer":0,"Pit_Laye_1":0,"Layer_1":0,"Layer_2":0,"Layer_3":0,"Layer_4":0,"Layer_5":0,"Layer_6":0,"Layer_7":0,"Layer_8":0,"Layer_9":0,"Layer_10":0,"Layer_11":" ","Layer_12":" ","Layer_13":" ","Layer_14":" ","Layer_15":" ","Layer_16":" ","Curb":" ","PC":" ","RC":" ","col_rc":" ","GB":" ","col_GB":" ","Block_SOG":" ","SOG":" ","Col_SOG":" ","Col_to_1st":" ","AX__1M":" ","Slab_1":" ","Col_to_2nd":" ","Slab_2":" ","Col_to_3rd":" ","Slab_3":" ","Col_to_4th":" ","Slab_4":" ","Col_to_5th":" ","Slab_5":" ","Col_to_6th":" ","Slab_6":" ","Col_to_Roo":" ","Slab_Roof":" ","Axis_COL":" ","Light_Weig":" ","Sleeves":" ","status":" ","F50":" ","F51":" ","F52":" ","F53":" ","F54":" ","F55":" ","F56":" ","F57":" ","F58":" ","F59":" ","F60":" ","F61":" ","F62":" ","F63":" ","F64":" ","F65":" ","F66":" ","F67":" ","F68":" ","F69":" ","F70":" ","F71":" ","F72":" ","F73":" ","F74":" ","F75":" ","F76":" ","F77":" ","F78":" ","F79":" ","F80":" ","F81":" ","F82":" ","F83":" ","F84":" ","F85":" ","F86":" ","F87":" ","F88":" ","F89":" ","F90":" ","F91":" ","F92":" ","F93":" ","F94":" ","F95":" ","F96":" ","F97":" ","F98":" ","F99":" ","F100":" ","F101":" ","F102":" ","F103":" ","F104":" ","F105":" ","F106":" ","F107":" ","F108":" ","F109":" ","F110":" ","F111":" ","F112":" ","F113":" ","F114":" ","F115":" ","F116":" ","F117":" ","F118":" ","F119":" ","F120":" ","F122":" ","F123":" ","F124":" ","F125":" ","F126":" ","F127":" ","Field":0}},{"type":"Feature","id":71,"geometry":{"type":"Polygon","coordinates":[[[31.907572664161876,30.133541480794467],[31.90757001724506,30.133546971678001],[31.907535562438174,30.133534421562302],[31.907534278175287,30.133537084197474],[31.907527962171503,30.133534783442204],[31.907528122053783,30.133534450391817],[31.907507066629147,30.133526780618364],[31.907506905709145,30.133527113675893],[31.907501354999408,30.133525091773507],[31.9074999108451,30.133528086556787],[31.907495891758703,30.133526622355443],[31.907526452045278,30.133463230571348],[31.907506545097409,30.133455979525952],[31.907497320086584,30.133475115709572],[31.907479613227022,30.133468666705237],[31.907465577094548,30.133497781869881],[31.907458303180082,30.133495132326562],[31.907452328002737,30.133507527761729],[31.907411653021626,30.133492712273153],[31.907417626119663,30.133480315952042],[31.907412842790105,30.133478573788196],[31.90740576849818,30.133493111910855],[31.907360075783952,30.133476566684543],[31.907376013581157,30.133443643568704],[31.907370078680358,30.133441482694813],[31.907368474632271,30.133444809624983],[31.907364454513434,30.133443345426681],[31.907365296767633,30.133441598697278],[31.907329501985679,30.13342856076051],[31.907335478211728,30.133416165323393],[31.907304277266043,30.133404800496404],[31.907318714697293,30.133374852711757],[31.907300913108216,30.133368368255695],[31.907300752187737,30.133368701313007],[31.907296062569944,30.13336699277485],[31.907311704834271,30.133334547977338],[31.90731644234064,30.133336273322886],[31.907316281412026,30.133336605478263],[31.907396052757484,30.133365661987924],[31.907410009454082,30.13333671154772],[31.907360913237405,30.133318828659782],[31.90737615316468,30.133287215596464],[31.907362752809394,30.133282337039745],[31.907364438328202,30.133278840867845],[31.907367979484142,30.133280130673661],[31.907368741276919,30.133278550472916],[31.907369124436897,30.133278689445859],[31.90738045354658,30.133255188261451],[31.907380071416121,30.13325504837939],[31.907382176528269,30.133250681559169],[31.907392512621943,30.133254446519764],[31.907403902838407,30.133230819529544],[31.907403519678564,30.133230680556689],[31.907405766372339,30.133226022305468],[31.907439264172812,30.133238222764383],[31.907440546367518,30.13323556104633],[31.907471395808027,30.133247188955032],[31.907471556727739,30.133246855897532],[31.907473470468833,30.133247552579085],[31.907474913582416,30.133244557803202],[31.907478934732346,30.133246021991155],[31.907448373440552,30.133309413772686],[31.907468377188632,30.133316700240229],[31.907468398584211,30.133316656795142],[31.907468302787972,30.133316621375499],[31.907477506403215,30.133297529540705],[31.907495212194096,30.13330397855329],[31.90750924828367,30.133274862483418],[31.907542926249608,30.133287129323385],[31.907543499894182,30.133285968961985],[31.90754891389637,30.133274738308046],[31.907583175991785,30.13328721849259],[31.907584259619927,30.133284972175371],[31.907588278697652,30.13328643637422],[31.907572939042364,30.133318257616441],[31.907605288441637,30.133330040205571],[31.907606892471708,30.133326712370661],[31.907610911551476,30.133328176568778],[31.907609669071238,30.133330755027544],[31.907644604847818,30.133343479502781],[31.907639431202544,30.133354211482981],[31.907671491164912,30.133365888713076],[31.907657454081853,30.133395005708337],[31.90766128261826,30.133396399960617],[31.907659598129317,30.133399894324988],[31.907637394271038,30.133391806746499],[31.907623357174412,30.133420923738257],[31.907568708091716,30.133401018144671],[31.90755380835661,30.133431924396024],[31.907614103949527,30.133453886410926],[31.907601270638338,30.133480507293296],[31.907598864066443,30.133485498598095],[31.907611977103986,30.133490274479016],[31.907610292611789,30.133493768842794],[31.907606847233389,30.133492513561333],[31.907606305418525,30.133493636720022],[31.907605922257403,30.133493497747764],[31.907594773432386,30.133516624265788],[31.907595155564149,30.133516764147192],[31.907592649194555,30.133521963607517],[31.907583269934982,30.133518546552484],[31.907572280992341,30.133541340920146],[31.907572664161876,30.133541480794467]]]},"properties":{"FID":71,"Join_Count":1,"NUMBER":46,"Text":"E","RefName_12":"F.P.L:195.35","NO_BUILDIN":46,"exc_Buildi":0,"exc_Elevat":0,"Pit_Layer":0,"Pit_Laye_1":0,"Layer_1":0,"Layer_2":0,"Layer_3":0,"Layer_4":0,"Layer_5":0,"Layer_6":0,"Layer_7":0,"Layer_8":0,"Layer_9":0,"Layer_10":0,"Layer_11":" ","Layer_12":" ","Layer_13":" ","Layer_14":" ","Layer_15":" ","Layer_16":" ","Curb":" ","PC":" ","RC":" ","col_rc":" ","GB":" ","col_GB":" ","Block_SOG":" ","SOG":" ","Col_SOG":" ","Col_to_1st":" ","AX__1M":" ","Slab_1":" ","Col_to_2nd":" ","Slab_2":" ","Col_to_3rd":" ","Slab_3":" ","Col_to_4th":" ","Slab_4":" ","Col_to_5th":" ","Slab_5":" ","Col_to_6th":" ","Slab_6":" ","Col_to_Roo":" ","Slab_Roof":" ","Axis_COL":" ","Light_Weig":" ","Sleeves":" ","status":" ","F50":" ","F51":" ","F52":" ","F53":" ","F54":" ","F55":" ","F56":" ","F57":" ","F58":" ","F59":" ","F60":" ","F61":" ","F62":" ","F63":" ","F64":" ","F65":" ","F66":" ","F67":" ","F68":" ","F69":" ","F70":" ","F71":" ","F72":" ","F73":" ","F74":" ","F75":" ","F76":" ","F77":" ","F78":" ","F79":" ","F80":" ","F81":" ","F82":" ","F83":" ","F84":" ","F85":" ","F86":" ","F87":" ","F88":" ","F89":" ","F90":" ","F91":" ","F92":" ","F93":" ","F94":" ","F95":" ","F96":" ","F97":" ","F98":" ","F99":" ","F100":" ","F101":" ","F102":" ","F103":" ","F104":" ","F105":" ","F106":" ","F107":" ","F108":" ","F109":" ","F110":" ","F111":" ","F112":" ","F113":" ","F114":" ","F115":" ","F116":" ","F117":" ","F118":" ","F119":" ","F120":" ","F122":" ","F123":" ","F124":" ","F125":" ","F126":" ","F127":" ","Field":0}},{"type":"Feature","id":72,"geometry":{"type":"Polygon","coordinates":[[[31.907075403498499,30.133575771363759],[31.907072756544789,30.133581261335888],[31.907038301793474,30.133568711990659],[31.907037018546134,30.13357137371209],[31.90703070151336,30.133569072939888],[31.907030861397359,30.133568739890045],[31.907009806009906,30.133561070938192],[31.907009646125839,30.133561403988026],[31.907004094386043,30.13355938207161],[31.907002651253801,30.133562376842541],[31.906998631135224,30.133560912633055],[31.907029191752741,30.133497520958279],[31.907009284832213,30.133490269836908],[31.907000059721479,30.133509405987535],[31.906982352878025,30.13350295601365],[31.906968316601791,30.133532072030047],[31.906961042697322,30.133529422458963],[31.906955067455264,30.133541817872761],[31.906914392530023,30.133527002228938],[31.90692036569278,30.133514605929239],[31.906915582369788,30.133512863747104],[31.906908507993709,30.133527400942469],[31.906862815341761,30.1335108555418],[31.906878753319109,30.133477933384942],[31.906872818418208,30.133475771586468],[31.906871214352769,30.1334790985109],[31.906867194239453,30.133477634297236],[31.906868036502786,30.133475887570846],[31.906832241778226,30.133462850399454],[31.906838218060745,30.13345045408176],[31.906807017157931,30.133439089135688],[31.906821454745497,30.13340914140268],[31.906803653189133,30.133402657780639],[31.906803493296362,30.13340298992825],[31.906798802655572,30.133401282281323],[31.906814445081029,30.133368836637828],[31.906819182589121,30.133370562903409],[31.90681902165878,30.133370895058182],[31.906898793924078,30.133399950963174],[31.906912749734136,30.133371000580055],[31.906863653584896,30.133353117504761],[31.906878893685441,30.13332150539793],[31.906865493340323,30.13331662588811],[31.906867178885605,30.133313130624195],[31.906870720036686,30.133314420443522],[31.906871481829473,30.133312839343521],[31.906871864997161,30.133312979219919],[31.906883194229529,30.133289478076041],[31.906882812099589,30.133289338192501],[31.906884917226296,30.133284970477856],[31.906895253305787,30.133288735477898],[31.906906643653816,30.133265109430393],[31.906906260494505,30.133264970456075],[31.90690850720436,30.13326031131092],[31.90694200496706,30.133272512799643],[31.906943288205095,30.133269850177065],[31.90697413760126,30.133281478203518],[31.906974297493271,30.133281146055712],[31.906976211231743,30.133281842744577],[31.906977655398638,30.133278847966704],[31.90698167550536,30.13328031217716],[31.906951114920322,30.133343703842179],[31.906971117595006,30.133350989491277],[31.906971138990819,30.13335094604626],[31.906971043202951,30.133350911528229],[31.906980247947281,30.133331818817229],[31.906997952676164,30.133338267904559],[31.907011988925962,30.133309152786858],[31.907045666845647,30.133321419755354],[31.907046240496303,30.133320259395994],[31.90705165455709,30.133309028761428],[31.907085917643126,30.133321509069553],[31.907087000245319,30.133319262763386],[31.9070910203552,30.133320726970428],[31.907075679487868,30.133352547262934],[31.907108028850953,30.133364330877509],[31.907109632898397,30.13336100304835],[31.907113653010313,30.133362467254635],[31.907112409470702,30.133365044814163],[31.907147345207523,30.133377770324692],[31.907142171506237,30.133388502286369],[31.907174231424552,30.133400179638819],[31.907160194189508,30.133429296583852],[31.907164022720636,30.133430690850751],[31.907162338205222,30.133434184307131],[31.907140134385688,30.133426097545854],[31.907126097128817,30.133455213585435],[31.907071448129443,30.13343530868525],[31.907056548224755,30.133466213981325],[31.907116844772524,30.133488176219196],[31.907104010292915,30.133514797964775],[31.907101603694958,30.133519789260944],[31.907114716714485,30.133524565191937],[31.907113032195824,30.133528058647698],[31.907109586830398,30.133526804255062],[31.907109045009662,30.13352792741183],[31.907108661840816,30.133527787536149],[31.907097512903313,30.133550914916228],[31.907097896064002,30.133551053889974],[31.907095388629568,30.133556253348505],[31.907086009391133,30.133552837159638],[31.907075020329511,30.133575631487989],[31.907075403498499,30.133575771363759]]]},"properties":{"FID":72,"Join_Count":1,"NUMBER":47,"Text":"E","RefName_12":"F.P.L:195.25","NO_BUILDIN":47,"exc_Buildi":0,"exc_Elevat":0,"Pit_Layer":0,"Pit_Laye_1":0,"Layer_1":0,"Layer_2":0,"Layer_3":0,"Layer_4":0,"Layer_5":0,"Layer_6":0,"Layer_7":0,"Layer_8":0,"Layer_9":0,"Layer_10":0,"Layer_11":" ","Layer_12":" ","Layer_13":" ","Layer_14":" ","Layer_15":" ","Layer_16":" ","Curb":" ","PC":" ","RC":" ","col_rc":" ","GB":" ","col_GB":" ","Block_SOG":" ","SOG":" ","Col_SOG":" ","Col_to_1st":" ","AX__1M":" ","Slab_1":" ","Col_to_2nd":" ","Slab_2":" ","Col_to_3rd":" ","Slab_3":" ","Col_to_4th":" ","Slab_4":" ","Col_to_5th":" ","Slab_5":" ","Col_to_6th":" ","Slab_6":" ","Col_to_Roo":" ","Slab_Roof":" ","Axis_COL":" ","Light_Weig":" ","Sleeves":" ","status":" ","F50":" ","F51":" ","F52":" ","F53":" ","F54":" ","F55":" ","F56":" ","F57":" ","F58":" ","F59":" ","F60":" ","F61":" ","F62":" ","F63":" ","F64":" ","F65":" ","F66":" ","F67":" ","F68":" ","F69":" ","F70":" ","F71":" ","F72":" ","F73":" ","F74":" ","F75":" ","F76":" ","F77":" ","F78":" ","F79":" ","F80":" ","F81":" ","F82":" ","F83":" ","F84":" ","F85":" ","F86":" ","F87":" ","F88":" ","F89":" ","F90":" ","F91":" ","F92":" ","F93":" ","F94":" ","F95":" ","F96":" ","F97":" ","F98":" ","F99":" ","F100":" ","F101":" ","F102":" ","F103":" ","F104":" ","F105":" ","F106":" ","F107":" ","F108":" ","F109":" ","F110":" ","F111":" ","F112":" ","F113":" ","F114":" ","F115":" ","F116":" ","F117":" ","F118":" ","F119":" ","F120":" ","F122":" ","F123":" ","F124":" ","F125":" ","F126":" ","F127":" ","Field":0}},{"type":"Feature","id":73,"geometry":{"type":"Polygon","coordinates":[[[31.9087422869558,30.133630340131084],[31.908739334946752,30.133635711373188],[31.908705625332253,30.133621715875794],[31.908704193212561,30.133624320912535],[31.908698013808408,30.133621754975334],[31.908698192431174,30.133621429010212],[31.908677591652523,30.133612875903228],[31.908677413029711,30.133613201868336],[31.908671982609473,30.133610946460934],[31.908670371857955,30.133613876560446],[31.908666439419449,30.133612244018959],[31.908700521192621,30.133550223962981],[31.908681044428903,30.133542137550936],[31.908670756303291,30.133560859015475],[31.908653433785609,30.133553666948469],[31.908637779563396,30.133582152079359],[31.908630663672238,30.133579197525563],[31.908623999191615,30.133591324463367],[31.908584203963983,30.133574802033966],[31.908590866364843,30.133562674210477],[31.908586185985389,30.133560731127755],[31.908578304695158,30.133574951062418],[31.908533594595323,30.133556488057454],[31.908551360848318,30.133524281002487],[31.908545554388457,30.133521870334548],[31.908543765003191,30.133525125495531],[31.908539832570209,30.133523492950143],[31.908540771655137,30.133521783429227],[31.908505751636245,30.133507243093383],[31.908512416126115,30.13349511616126],[31.908481890031414,30.133482441716794],[31.90849799136064,30.133453141687685],[31.90848057408185,30.133445910563168],[31.908480395450418,30.133446235626028],[31.908475807786992,30.133444330685528],[31.908493251395978,30.133412587706584],[31.908497885935414,30.133414512167075],[31.90849770730409,30.133414837229974],[31.90857575381359,30.133447241541791],[31.908591318186868,30.133418917599915],[31.908543283160764,30.133398973903606],[31.908560279656285,30.133368044930098],[31.908547168802603,30.133362603432481],[31.908549047998719,30.133359183481392],[31.908552512699636,30.13336062171614],[31.908553362990322,30.133359075174035],[31.908553736969886,30.133359231345501],[31.908566372821564,30.133336237890795],[31.908565997812659,30.133336082628499],[31.90856834656552,30.133331809720545],[31.908578459411817,30.133336008201805],[31.908591161598075,30.133312893414402],[31.908590786580959,30.13331273725019],[31.908593291505504,30.133308180025328],[31.908626064508358,30.133321786941284],[31.908627495588295,30.133319181912494],[31.908657655518809,30.133332104207156],[31.908657834141209,30.133331778242063],[31.908659707127526,30.133332556370501],[31.908661316829093,30.133329625376248],[31.908665250302128,30.133331258813005],[31.908631168578165,30.133393278860783],[31.908650739062836,30.133401404322086],[31.908650762541541,30.133401361764442],[31.908650668795396,30.133401323625403],[31.908660933422166,30.133382643817956],[31.908678255910161,30.133389835884767],[31.908693910091795,30.133361350749073],[31.90872685917029,30.133375030388152],[31.908727496339225,30.133373895741332],[31.908733535088405,30.133362908778224],[31.908767056071198,30.133376826196052],[31.908768263611098,30.133374628624129],[31.908772197079358,30.133376261155611],[31.908755088361882,30.133407393887925],[31.908786738457415,30.133420534060882],[31.908788527832829,30.133417278896715],[31.908792460265445,30.133418911434699],[31.908791074095223,30.133421434070122],[31.908825254500108,30.13343562473716],[31.908819484225429,30.133446124556688],[31.908850851002647,30.133459147605393],[31.908835196868438,30.133487634562705],[31.908838941803783,30.133489189919445],[31.9088370636366,30.133492608063349],[31.908815339919428,30.133483589178653],[31.908799685771267,30.133512076131908],[31.908746218169224,30.133489877123797],[31.908729602460895,30.133520114337959],[31.908788593203361,30.133544606901417],[31.908774281325361,30.133570651800365],[31.908771597788757,30.133575535895648],[31.90878442638936,30.133580861156307],[31.908782548226871,30.133584280201383],[31.908779177261255,30.133582880111952],[31.90877857297551,30.133583979352519],[31.90877819796534,30.133583824090856],[31.908765764251047,30.133606450845793],[31.908766139261292,30.133606606107485],[31.90876334342747,30.133611693033398],[31.908754167037316,30.133607883179792],[31.908741911937241,30.133630183967369],[31.9087422869558,30.133630340131084]]]},"properties":{"FID":73,"Join_Count":1,"NUMBER":39,"Text":"E","RefName_12":"F.P.L:195.35","NO_BUILDIN":39,"exc_Buildi":0,"exc_Elevat":0,"Pit_Layer":0,"Pit_Laye_1":0,"Layer_1":0,"Layer_2":0,"Layer_3":0,"Layer_4":0,"Layer_5":0,"Layer_6":0,"Layer_7":0,"Layer_8":0,"Layer_9":0,"Layer_10":0,"Layer_11":" ","Layer_12":" ","Layer_13":" ","Layer_14":" ","Layer_15":" ","Layer_16":" ","Curb":" ","PC":" ","RC":" ","col_rc":" ","GB":" ","col_GB":" ","Block_SOG":" ","SOG":" ","Col_SOG":" ","Col_to_1st":" ","AX__1M":" ","Slab_1":" ","Col_to_2nd":" ","Slab_2":" ","Col_to_3rd":" ","Slab_3":" ","Col_to_4th":" ","Slab_4":" ","Col_to_5th":" ","Slab_5":" ","Col_to_6th":" ","Slab_6":" ","Col_to_Roo":" ","Slab_Roof":" ","Axis_COL":" ","Light_Weig":" ","Sleeves":" ","status":" ","F50":" ","F51":" ","F52":" ","F53":" ","F54":" ","F55":" ","F56":" ","F57":" ","F58":" ","F59":" ","F60":" ","F61":" ","F62":" ","F63":" ","F64":" ","F65":" ","F66":" ","F67":" ","F68":" ","F69":" ","F70":" ","F71":" ","F72":" ","F73":" ","F74":" ","F75":" ","F76":" ","F77":" ","F78":" ","F79":" ","F80":" ","F81":" ","F82":" ","F83":" ","F84":" ","F85":" ","F86":" ","F87":" ","F88":" ","F89":" ","F90":" ","F91":" ","F92":" ","F93":" ","F94":" ","F95":" ","F96":" ","F97":" ","F98":" ","F99":" ","F100":" ","F101":" ","F102":" ","F103":" ","F104":" ","F105":" ","F106":" ","F107":" ","F108":" ","F109":" ","F110":" ","F111":" ","F112":" ","F113":" ","F114":" ","F115":" ","F116":" ","F117":" ","F118":" ","F119":" ","F120":" ","F122":" ","F123":" ","F124":" ","F125":" ","F126":" ","F127":" ","Field":0}},{"type":"Feature","id":74,"geometry":{"type":"Polygon","coordinates":[[[31.908101357574584,30.13376462462054],[31.90808076822697,30.133787956225358],[31.908051126821725,30.133768194649136],[31.908039379820391,30.133781506761661],[31.908039708711847,30.133781725486035],[31.908036614050292,30.133785233206609],[31.908004501221576,30.133763822650248],[31.908007627730136,30.13376027953127],[31.908007956629692,30.133760499157706],[31.908060596783709,30.133700846046789],[31.908031943128055,30.133681741533177],[31.907999544133901,30.133718456929461],[31.907968256185548,30.133697596313592],[31.907959414872419,30.133707616688387],[31.907955955722841,30.133705310648825],[31.907958292385278,30.133702662387499],[31.907956727256067,30.133701618730036],[31.907956979928098,30.133701332845554],[31.907933719147014,30.133685824420358],[31.907933466474951,30.133686110304787],[31.907929143842992,30.133683228421969],[31.907935964851625,30.133675498725502],[31.90791258087453,30.133659908160933],[31.907912328210713,30.133660194947293],[31.907907717398555,30.133657120216572],[31.907929822768203,30.133632070625634],[31.907927187434098,30.133630314543083],[31.907947979337397,30.133607344177626],[31.907947650438487,30.133607124551013],[31.907948913781091,30.133605693324721],[31.907945948510807,30.133603717623082],[31.907948601519493,30.133600710875307],[31.908011344411076,30.133642542807909],[31.908024544758465,30.133627584377354],[31.908024500911839,30.133627555815394],[31.908024438264821,30.133627627508439],[31.908005540839028,30.133615027754928],[31.908017225187141,30.133601788240451],[31.907988407646371,30.133582574801469],[31.90801063109183,30.133557390881204],[31.908009486608201,30.133556613122316],[31.907998370986874,30.133549203089746],[31.908020980606764,30.133523580820093],[31.908018757690503,30.133522098812414],[31.908021410703071,30.133519092965162],[31.908052905336195,30.133540091053749],[31.908074252637793,30.133515899995299],[31.908070958460709,30.133513703768198],[31.908073611471448,30.133510697919949],[31.908076163287131,30.133512399552984],[31.90809921658666,30.133486274480898],[31.908109838349226,30.133493355971233],[31.908130994589889,30.133469381808641],[31.908159813161625,30.133488595209602],[31.908162339837652,30.13348573275303],[31.90816579794641,30.13348803879445],[31.908151145313887,30.133504642651456],[31.908179963908086,30.133523856949576],[31.908143901341873,30.133564723574068],[31.908174490767607,30.133585118117054],[31.90821427964925,30.133540028596453],[31.908240627888546,30.133557595711284],[31.908245568634818,30.133560889146967],[31.90825422092778,30.133551083840231],[31.908257679040915,30.133553389879104],[31.908255405036826,30.133555966452406],[31.908256517015893,30.133556707450623],[31.908256264345084,30.133556993335677],[31.908279154489993,30.133572255305591],[31.908279407152495,30.13357196851851],[31.908284553594736,30.133575399443359],[31.908278364293295,30.133582413993647],[31.908300925539567,30.133597455431786],[31.908301178210333,30.133597169546643],[31.908306611791208,30.133600792422058],[31.908283875898061,30.133626558132978],[31.908286510200476,30.133628314215429],[31.90828234223029,30.133633038077186],[31.908282013330563,30.133632818451442],[31.908268118701852,30.133648563763934],[31.908268447601593,30.133648783389713],[31.908264784963446,30.133652934578819],[31.908267749211955,30.133654911182216],[31.908265096203461,30.13365791703427],[31.908202354235954,30.133616085218286],[31.908189217601905,30.133630971965854],[31.908208156816485,30.133643599366621],[31.908196472506063,30.133656840701548],[31.908225290099605,30.133676053191387],[31.908220490450599,30.13368149221472],[31.908232758817181,30.133689671809446],[31.908205917545981,30.13372008877235],[31.908193648156516,30.133711910986296],[31.908190491868634,30.133715487690456],[31.908204863703279,30.133725136587419],[31.908174820222268,30.133759330816044],[31.908142250490048,30.133737550011432],[31.908138335179999,30.133741987983935],[31.908141628320323,30.133744183314288],[31.908138975313872,30.133747190065861],[31.908137246251041,30.133746036593958],[31.908113625942111,30.133772804226297],[31.908101357574584,30.13376462462054]]]},"properties":{"FID":74,"Join_Count":1,"NUMBER":40,"Text":"E","RefName_12":"F.P.L:195.30","NO_BUILDIN":40,"exc_Buildi":0,"exc_Elevat":0,"Pit_Layer":0,"Pit_Laye_1":0,"Layer_1":0,"Layer_2":0,"Layer_3":0,"Layer_4":0,"Layer_5":0,"Layer_6":0,"Layer_7":0,"Layer_8":0,"Layer_9":0,"Layer_10":0,"Layer_11":" ","Layer_12":" ","Layer_13":" ","Layer_14":" ","Layer_15":" ","Layer_16":" ","Curb":" ","PC":" ","RC":" ","col_rc":" ","GB":" ","col_GB":" ","Block_SOG":" ","SOG":" ","Col_SOG":" ","Col_to_1st":" ","AX__1M":" ","Slab_1":" ","Col_to_2nd":" ","Slab_2":" ","Col_to_3rd":" ","Slab_3":" ","Col_to_4th":" ","Slab_4":" ","Col_to_5th":" ","Slab_5":" ","Col_to_6th":" ","Slab_6":" ","Col_to_Roo":" ","Slab_Roof":" ","Axis_COL":" ","Light_Weig":" ","Sleeves":" ","status":" ","F50":" ","F51":" ","F52":" ","F53":" ","F54":" ","F55":" ","F56":" ","F57":" ","F58":" ","F59":" ","F60":" ","F61":" ","F62":" ","F63":" ","F64":" ","F65":" ","F66":" ","F67":" ","F68":" ","F69":" ","F70":" ","F71":" ","F72":" ","F73":" ","F74":" ","F75":" ","F76":" ","F77":" ","F78":" ","F79":" ","F80":" ","F81":" ","F82":" ","F83":" ","F84":" ","F85":" ","F86":" ","F87":" ","F88":" ","F89":" ","F90":" ","F91":" ","F92":" ","F93":" ","F94":" ","F95":" ","F96":" ","F97":" ","F98":" ","F99":" ","F100":" ","F101":" ","F102":" ","F103":" ","F104":" ","F105":" ","F106":" ","F107":" ","F108":" ","F109":" ","F110":" ","F111":" ","F112":" ","F113":" ","F114":" ","F115":" ","F116":" ","F117":" ","F118":" ","F119":" ","F120":" ","F122":" ","F123":" ","F124":" ","F125":" ","F126":" ","F127":" ","Field":0}},{"type":"Feature","id":75,"geometry":{"type":"Polygon","coordinates":[[[31.90771612692097,30.133921805182752],[31.907674245119708,30.1339292718922],[31.907654020384314,30.133843561964039],[31.907628606816218,30.133848092473134],[31.907640783307922,30.133899694582094],[31.907636513700709,30.133900456516653],[31.907635887569704,30.133897805270522],[31.907597868212203,30.133904583191278],[31.907598077619507,30.133905467536579],[31.907564022233711,30.133911538844689],[31.907559226783832,30.133891215895225],[31.907522649371977,30.133897368653255],[31.907515351512615,30.133866442504601],[31.907491055846396,30.133870774037579],[31.907491681965123,30.133873424382486],[31.907489140504705,30.133873877611617],[31.907480466223717,30.13383711943181],[31.907553131733174,30.133824533169818],[31.90755029676189,30.133812516085516],[31.907483152686016,30.133824486019094],[31.907470383567244,30.13377059503059],[31.90751084281268,30.133763382659705],[31.907503045106274,30.133730335685186],[31.907502028729485,30.133730516795072],[31.907494627224953,30.13369914846416],[31.907550943344319,30.13368910877298],[31.907546982396465,30.13367232051943],[31.907543627629757,30.133672918278336],[31.907543189347482,30.133671063127224],[31.9075850720807,30.133663595552186],[31.907605296715861,30.133749305495272],[31.907630710259955,30.133744774991118],[31.907610485603968,30.133659065052328],[31.907652367297054,30.133651598365173],[31.907652805589503,30.133653454417875],[31.907649756462376,30.133653997750951],[31.907654738717586,30.133675115898292],[31.907690318057096,30.133668772453838],[31.907698168881161,30.133700245010971],[31.907718499490354,30.133696620054177],[31.907725567474973,30.13372657449116],[31.907724571819358,30.13372675185154],[31.90773133714076,30.133757312737316],[31.907731744315655,30.133757240468743],[31.907732348878213,30.133759802562636],[31.907736008247429,30.133759150377312],[31.907736883790594,30.133762861587226],[31.907671316663372,30.133774551017734],[31.907677863212438,30.133802296383745],[31.907744447771641,30.133790425830728],[31.907745323307168,30.133794136138576],[31.907740647568001,30.133794970337874],[31.907748445358841,30.133828017296235],[31.907749461736138,30.133827836184423],[31.907756529732229,30.133857789716817],[31.907736199091708,30.133861414680034],[31.907737367170249,30.133866362353714],[31.9077432355963,30.133893031770135],[31.907707656180502,30.133899375230307],[31.90771263949939,30.133920493367018],[31.907715689663714,30.133919949123211],[31.90771612692097,30.133921805182752]]]},"properties":{"FID":75,"Join_Count":1,"NUMBER":45,"Text":"D","RefName_12":"F.P.L:195.40","NO_BUILDIN":45,"exc_Buildi":0,"exc_Elevat":0,"Pit_Layer":0,"Pit_Laye_1":0,"Layer_1":0,"Layer_2":0,"Layer_3":0,"Layer_4":0,"Layer_5":0,"Layer_6":0,"Layer_7":0,"Layer_8":0,"Layer_9":0,"Layer_10":0,"Layer_11":" ","Layer_12":" ","Layer_13":" ","Layer_14":" ","Layer_15":" ","Layer_16":" ","Curb":" ","PC":" ","RC":" ","col_rc":" ","GB":" ","col_GB":" ","Block_SOG":" ","SOG":" ","Col_SOG":" ","Col_to_1st":" ","AX__1M":" ","Slab_1":" ","Col_to_2nd":" ","Slab_2":" ","Col_to_3rd":" ","Slab_3":" ","Col_to_4th":" ","Slab_4":" ","Col_to_5th":" ","Slab_5":" ","Col_to_6th":" ","Slab_6":" ","Col_to_Roo":" ","Slab_Roof":" ","Axis_COL":" ","Light_Weig":" ","Sleeves":" ","status":" ","F50":" ","F51":" ","F52":" ","F53":" ","F54":" ","F55":" ","F56":" ","F57":" ","F58":" ","F59":" ","F60":" ","F61":" ","F62":" ","F63":" ","F64":" ","F65":" ","F66":" ","F67":" ","F68":" ","F69":" ","F70":" ","F71":" ","F72":" ","F73":" ","F74":" ","F75":" ","F76":" ","F77":" ","F78":" ","F79":" ","F80":" ","F81":" ","F82":" ","F83":" ","F84":" ","F85":" ","F86":" ","F87":" ","F88":" ","F89":" ","F90":" ","F91":" ","F92":" ","F93":" ","F94":" ","F95":" ","F96":" ","F97":" ","F98":" ","F99":" ","F100":" ","F101":" ","F102":" ","F103":" ","F104":" ","F105":" ","F106":" ","F107":" ","F108":" ","F109":" ","F110":" ","F111":" ","F112":" ","F113":" ","F114":" ","F115":" ","F116":" ","F117":" ","F118":" ","F119":" ","F120":" ","F122":" ","F123":" ","F124":" ","F125":" ","F126":" ","F127":" ","Field":0}},{"type":"Feature","id":76,"geometry":{"type":"Polygon","coordinates":[[[31.909415225647429,30.133923747615043],[31.909412585956822,30.133927524631403],[31.909377994419586,30.133909262507196],[31.90938066073566,30.133905446520092],[31.909381015283394,30.133905633492549],[31.909425916558313,30.133841377128775],[31.90939505094358,30.133825081804229],[31.909367416730444,30.133864630301876],[31.909333712637959,30.133846836491294],[31.909326172615138,30.133857630912242],[31.909322445674871,30.133855663218554],[31.909324439013741,30.133852810744614],[31.909322753855093,30.133851920376884],[31.909322968960339,30.133851612199056],[31.909297912754603,30.133838384140301],[31.909297697649308,30.133838692318079],[31.909293041582188,30.13383623403492],[31.909298859752127,30.133827907751179],[31.909273671125383,30.1338146102457],[31.909273454982394,30.13381491843062],[31.909268488167267,30.133812296323473],[31.909287342927435,30.133785313402864],[31.909284505488017,30.133783814922229],[31.909302314543556,30.133759023946038],[31.909301958950554,30.133758836078563],[31.909303036543211,30.133757294273263],[31.909299843519648,30.133755608827446],[31.909302106257467,30.133752371127976],[31.909369690614305,30.133788052251958],[31.909380949982324,30.133771938992673],[31.909380903055258,30.133771914060624],[31.909380849797873,30.133771991101494],[31.909360494513496,30.133761245378835],[31.909370460154378,30.133746983013175],[31.909339419388321,30.133730595075889],[31.909358375531156,30.133703468021274],[31.90935714074379,30.133702802750644],[31.909345167417875,30.133696481202172],[31.909364452345184,30.13366888191517],[31.909362058095695,30.133667617602796],[31.909364320829514,30.133664379902324],[31.909398245935314,30.13368229034257],[31.909416454292892,30.133656232847084],[31.909412906723912,30.133654360431599],[31.909415169447506,30.133651121828301],[31.909417917206429,30.133652573119253],[31.909437582144804,30.133624431779445],[31.909449023647266,30.133630472861142],[31.909467069113973,30.133604648307138],[31.909498110906245,30.13362103710972],[31.909500266082457,30.133617953496042],[31.909503990933437,30.133619920297242],[31.909491493196253,30.133637805601492],[31.909522536040626,30.13365419439074],[31.9094917756806,30.13369821515472],[31.909524725811032,30.133715610937021],[31.909558663591987,30.13366704179905],[31.909587045251421,30.133682025591003],[31.909592367661283,30.133684835552792],[31.909599747878882,30.133674273142034],[31.909603472733888,30.133676239940321],[31.909601533701405,30.133679015370184],[31.909602730827757,30.133679647524168],[31.909602515723751,30.133679955702423],[31.909627171507633,30.133692973596332],[31.909627387640992,30.133692664508875],[31.909632931123763,30.133695591104473],[31.909627651787343,30.133703146949482],[31.909651953024444,30.133715976964751],[31.909652169157781,30.133715667877251],[31.909658022363157,30.133718759203056],[31.909638628919694,30.133746512627841],[31.909641467400853,30.133748011093534],[31.909637911983047,30.133753098784872],[31.909637557435413,30.133752911813097],[31.909625706056595,30.133769872587468],[31.909626060604271,30.133770059559282],[31.909622936430861,30.133774530886427],[31.90962612843089,30.133776217233422],[31.909623866740962,30.133779454931055],[31.909556282302198,30.133743773939663],[31.90954507725283,30.133759809263321],[31.909565478445533,30.133770579896119],[31.909555511793137,30.133784842283188],[31.909586553648406,30.133801230160966],[31.909582459435672,30.133807089205618],[31.909595674761128,30.133814066930128],[31.90957278015259,30.133846830987515],[31.909559563803096,30.13383985507194],[31.909556870854654,30.133843708230039],[31.909572360035405,30.133851947490648],[31.909546752528314,30.133888767796268],[31.909511661960348,30.133870180823031],[31.909508322682214,30.133874961227672],[31.909511869223255,30.133876833647513],[31.90950960649792,30.133880072252424],[31.909507744063291,30.13387908840107],[31.909487596658959,30.13390792223889],[31.909474381328138,30.133900944503722],[31.909456819295432,30.133926077465588],[31.909424889997357,30.133909220330178],[31.909414870053617,30.133923559747878],[31.909415225647429,30.133923747615043]]]},"properties":{"FID":76,"Join_Count":1,"NUMBER":37,"Text":"E","RefName_12":"F.F.L:194.90","NO_BUILDIN":37,"exc_Buildi":0,"exc_Elevat":0,"Pit_Layer":0,"Pit_Laye_1":0,"Layer_1":0,"Layer_2":0,"Layer_3":0,"Layer_4":0,"Layer_5":0,"Layer_6":0,"Layer_7":0,"Layer_8":0,"Layer_9":0,"Layer_10":0,"Layer_11":" ","Layer_12":" ","Layer_13":" ","Layer_14":" ","Layer_15":" ","Layer_16":" ","Curb":" ","PC":" ","RC":" ","col_rc":" ","GB":" ","col_GB":" ","Block_SOG":" ","SOG":" ","Col_SOG":" ","Col_to_1st":" ","AX__1M":" ","Slab_1":" ","Col_to_2nd":" ","Slab_2":" ","Col_to_3rd":" ","Slab_3":" ","Col_to_4th":" ","Slab_4":" ","Col_to_5th":" ","Slab_5":" ","Col_to_6th":" ","Slab_6":" ","Col_to_Roo":" ","Slab_Roof":" ","Axis_COL":" ","Light_Weig":" ","Sleeves":" ","status":" ","F50":" ","F51":" ","F52":" ","F53":" ","F54":" ","F55":" ","F56":" ","F57":" ","F58":" ","F59":" ","F60":" ","F61":" ","F62":" ","F63":" ","F64":" ","F65":" ","F66":" ","F67":" ","F68":" ","F69":" ","F70":" ","F71":" ","F72":" ","F73":" ","F74":" ","F75":" ","F76":" ","F77":" ","F78":" ","F79":" ","F80":" ","F81":" ","F82":" ","F83":" ","F84":" ","F85":" ","F86":" ","F87":" ","F88":" ","F89":" ","F90":" ","F91":" ","F92":" ","F93":" ","F94":" ","F95":" ","F96":" ","F97":" ","F98":" ","F99":" ","F100":" ","F101":" ","F102":" ","F103":" ","F104":" ","F105":" ","F106":" ","F107":" ","F108":" ","F109":" ","F110":" ","F111":" ","F112":" ","F113":" ","F114":" ","F115":" ","F116":" ","F117":" ","F118":" ","F119":" ","F120":" ","F122":" ","F123":" ","F124":" ","F125":" ","F126":" ","F127":" ","Field":0}},{"type":"Feature","id":77,"geometry":{"type":"Polygon","coordinates":[[[31.908972103185533,30.134036012757186],[31.908923790207826,30.134045376209631],[31.908914991347043,30.13401048619227],[31.908908708422114,30.13401169235987],[31.908909603039515,30.134015214905457],[31.908905346394103,30.134016031815264],[31.90890487700376,30.13401418229644],[31.908866978443914,30.13402145405993],[31.908863645431936,30.13400833005468],[31.90883061162355,30.134014669744221],[31.908822557969692,30.133982961430878],[31.908803710217104,30.133986578108413],[31.908803799573011,30.133986930183362],[31.908798834355849,30.133987883685794],[31.908790109997941,30.133953531654505],[31.908795125985804,30.133952569683093],[31.908795215341648,30.133952921758059],[31.908879674862298,30.133936714548529],[31.908871890314014,30.133906063357571],[31.90881990831112,30.133916038463667],[31.908811406836115,30.133882567977402],[31.908797220809099,30.133885291881516],[31.908796280979598,30.133881591046158],[31.908800030013175,30.13388087146112],[31.908799604788676,30.133879198433906],[31.908800010867719,30.133879119855415],[31.908793690493408,30.133854237826515],[31.908793285443871,30.133854315495853],[31.908792110937657,30.133849691704722],[31.908803054513232,30.133847591876403],[31.90879670179627,30.133822577473058],[31.908796296746868,30.133822655142421],[31.908795043658316,30.133817722499153],[31.908830509775282,30.133810916788725],[31.908829793874382,30.133808098392318],[31.908862714976941,30.13380215096327],[31.908862625612741,30.133801797986379],[31.908864652934383,30.13380140962435],[31.908863846638983,30.13379823916036],[31.908868103275456,30.133797422252069],[31.90888514936255,30.133864537912068],[31.908906327932929,30.13386047393368],[31.908906316097301,30.13386042801212],[31.908906215615286,30.13386044764966],[31.908901081545888,30.133840233533999],[31.908919826709511,30.133836636494962],[31.908911998010744,30.13380581061795],[31.908947653688756,30.133798968385896],[31.908947353884077,30.133797732877241],[31.908944334147819,30.133785842485075],[31.908980610340219,30.133778881394957],[31.908980006392234,30.133776503316692],[31.908984261989072,30.13377568641182],[31.908992818448635,30.133809376601253],[31.909027069408527,30.133802804749827],[31.909026173743158,30.133799281310182],[31.909030430378213,30.133798464396659],[31.909031123684077,30.133801194549449],[31.90906811259627,30.133794096809186],[31.909070997789563,30.133805458638594],[31.909104941070446,30.133798945723026],[31.909112770882448,30.133829773384104],[31.909116824478744,30.133828995757472],[31.909117764303073,30.133832694786378],[31.909094254905565,30.133837206091574],[31.909102084717603,30.133868033753131],[31.909044223848898,30.133879136558548],[31.909052534860859,30.133911857859019],[31.909116374103593,30.133899607807123],[31.909123532181571,30.133927793564201],[31.909124874644913,30.133933078278602],[31.909138757155489,30.133930414168589],[31.909139696981683,30.133934113197235],[31.909136048430877,30.133934813154241],[31.909136350930247,30.133936002640361],[31.909135945880678,30.133936080310736],[31.909142164132192,30.133960566135844],[31.909142569181853,30.133960488465458],[31.909143967621489,30.133965992887145],[31.909134037188135,30.133967899015403],[31.909140167121954,30.133992032758584],[31.909140572171751,30.133991955088188],[31.909142048157932,30.133997768368946],[31.909105568850528,30.134004767892627],[31.909106284760799,30.134007586287254],[31.909099596788739,30.134008870134245],[31.909099507431755,30.13400851805952],[31.909077214171077,30.134012795442452],[31.90907730352798,30.134013147517184],[31.909071426692709,30.134014276015154],[31.909072231958973,30.134017446484741],[31.909067976352638,30.134018263392608],[31.909050930104971,30.13395114685903],[31.90902985304168,30.13395519121616],[31.909034998979454,30.133975451247295],[31.909016251718995,30.133979048317538],[31.909024081511074,30.134009875081379],[31.909016380389779,30.134011352651871],[31.909019713421976,30.134024476652801],[31.908976647639719,30.134032740338881],[31.908973312537526,30.1340196163511],[31.908968247867765,30.134020588588374],[31.908972103185533,30.134036012757186]]]},"properties":{"FID":77,"Join_Count":1,"NUMBER":38,"Text":"E","RefName_12":"F.F.L:195.15","NO_BUILDIN":38,"exc_Buildi":0,"exc_Elevat":0,"Pit_Layer":0,"Pit_Laye_1":0,"Layer_1":0,"Layer_2":0,"Layer_3":0,"Layer_4":0,"Layer_5":0,"Layer_6":0,"Layer_7":0,"Layer_8":0,"Layer_9":0,"Layer_10":0,"Layer_11":" ","Layer_12":" ","Layer_13":" ","Layer_14":" ","Layer_15":" ","Layer_16":" ","Curb":" ","PC":" ","RC":" ","col_rc":" ","GB":" ","col_GB":" ","Block_SOG":" ","SOG":" ","Col_SOG":" ","Col_to_1st":" ","AX__1M":" ","Slab_1":" ","Col_to_2nd":" ","Slab_2":" ","Col_to_3rd":" ","Slab_3":" ","Col_to_4th":" ","Slab_4":" ","Col_to_5th":" ","Slab_5":" ","Col_to_6th":" ","Slab_6":" ","Col_to_Roo":" ","Slab_Roof":" ","Axis_COL":" ","Light_Weig":" ","Sleeves":" ","status":" ","F50":" ","F51":" ","F52":" ","F53":" ","F54":" ","F55":" ","F56":" ","F57":" ","F58":" ","F59":" ","F60":" ","F61":" ","F62":" ","F63":" ","F64":" ","F65":" ","F66":" ","F67":" ","F68":" ","F69":" ","F70":" ","F71":" ","F72":" ","F73":" ","F74":" ","F75":" ","F76":" ","F77":" ","F78":" ","F79":" ","F80":" ","F81":" ","F82":" ","F83":" ","F84":" ","F85":" ","F86":" ","F87":" ","F88":" ","F89":" ","F90":" ","F91":" ","F92":" ","F93":" ","F94":" ","F95":" ","F96":" ","F97":" ","F98":" ","F99":" ","F100":" ","F101":" ","F102":" ","F103":" ","F104":" ","F105":" ","F106":" ","F107":" ","F108":" ","F109":" ","F110":" ","F111":" ","F112":" ","F113":" ","F114":" ","F115":" ","F116":" ","F117":" ","F118":" ","F119":" ","F120":" ","F122":" ","F123":" ","F124":" ","F125":" ","F126":" ","F127":" ","Field":0}},{"type":"Feature","id":78,"geometry":{"type":"Polygon","coordinates":[[[31.908165606435912,30.134218882101418],[31.908117559640683,30.134229228434098],[31.908107820497424,30.134194527969051],[31.908101570889791,30.134195861956037],[31.908102560774616,30.134199364906486],[31.908098327735072,30.134200268221882],[31.908097808640431,30.134198428965792],[31.908060117296568,30.134206473005939],[31.908056430121366,30.134193419980477],[31.90802357667971,30.134200431134822],[31.90801466870721,30.134168896449509],[31.907995924026981,30.134172897465589],[31.90799602374063,30.134173247665512],[31.907991085363353,30.134174301077234],[31.907981435238685,30.134140137595477],[31.907986423324424,30.134139073016332],[31.907986523038005,30.134139423216279],[31.9080705209015,30.134121496840201],[31.908061909987893,30.134091012771805],[31.908010212477578,30.13410204547645],[31.908000810093764,30.134068758859247],[31.907986701368539,30.134071770791181],[31.907985661092969,30.134068090488359],[31.907989389722911,30.13406729439491],[31.907988919964815,30.1340656297909],[31.907989322866293,30.134065544020604],[31.907982333531358,30.134040797366708],[31.907981929600538,30.134040884046094],[31.90798063082153,30.1340362845587],[31.907991515326486,30.134033962404811],[31.907984488470159,30.134009084314037],[31.907984085568909,30.134009170084287],[31.90798269993326,30.134004264507485],[31.908017972779394,30.133996736924058],[31.908017180251417,30.133993934386911],[31.908049932407494,30.133987316316865],[31.908049832693866,30.133986966116975],[31.908051848220541,30.133986535453587],[31.908050957015774,30.133983382709587],[31.908055191084276,30.133982479388745],[31.908074045227263,30.134049229071348],[31.90809510785208,30.134044733952745],[31.908095094979128,30.134044688038287],[31.908094994513217,30.134044709479131],[31.908089315747919,30.134024605533259],[31.908107958900832,30.134020626854436],[31.908099299697405,30.133989969030377],[31.908134762070635,30.133982401318892],[31.908134428089511,30.133981172358634],[31.908131087338784,30.133969347307083],[31.908167165953756,30.133961647240643],[31.908166497802913,30.133959282230485],[31.908170730831561,30.133958378913135],[31.90818019546764,30.133991886084704],[31.908214258560729,30.133984616670595],[31.908213268666092,30.13398111281893],[31.908217501695191,30.133980209500052],[31.908218268515672,30.13398292381483],[31.908255055577115,30.133975073601775],[31.908258247294171,30.133986373797686],[31.908292005876934,30.133979169609976],[31.908300665146811,30.134009828322142],[31.908304696215193,30.134008968791598],[31.908305735447662,30.134012647294913],[31.908282354878715,30.134017637444106],[31.908291015195243,30.134048297051514],[31.908233469993075,30.134060577172715],[31.908242662251915,30.134093120149387],[31.908306152566642,30.134079571274164],[31.90831407072292,30.134107602087628],[31.908315555053449,30.134112857867333],[31.908329362384045,30.134109911125218],[31.908330401626852,30.134113590530209],[31.908326773464083,30.134114365192278],[31.908327108056699,30.134115547242303],[31.908326704125905,30.134115633922736],[31.908333583056063,30.134139986231677],[31.908333985949245,30.134139899558381],[31.908335532480635,30.134145375002699],[31.908325655744918,30.13414748275331],[31.908332435991849,30.134171483953359],[31.908332838893422,30.134171398182005],[31.908334472283531,30.134177179715426],[31.908298191635193,30.134184922718173],[31.908298983135044,30.134187725260496],[31.908292331666658,30.13418914502056],[31.908292232989659,30.13418879481371],[31.908270061067359,30.134193525843877],[31.908270160790231,30.134193876945542],[31.90826431511622,30.134195124259932],[31.908265206338076,30.134198277904144],[31.908260973300198,30.134199181224751],[31.908242118992629,30.134132430671702],[31.908221156822574,30.134136904373097],[31.908226848486279,30.134157053324735],[31.9082082042754,30.134161032027986],[31.908216863536939,30.134191690745038],[31.908209204293698,30.134193324931921],[31.908212891480638,30.134206377050685],[31.908170060834699,30.134215517424082],[31.908166372615295,30.134202465311162],[31.908161335847904,30.13420354015587],[31.908165606435912,30.134218882101418]]]},"properties":{"FID":78,"Join_Count":1,"NUMBER":41,"Text":"E","RefName_12":"F.P.L:195.15","NO_BUILDIN":41,"exc_Buildi":0,"exc_Elevat":0,"Pit_Layer":0,"Pit_Laye_1":0,"Layer_1":0,"Layer_2":0,"Layer_3":0,"Layer_4":0,"Layer_5":0,"Layer_6":0,"Layer_7":0,"Layer_8":0,"Layer_9":0,"Layer_10":0,"Layer_11":" ","Layer_12":" ","Layer_13":" ","Layer_14":" ","Layer_15":" ","Layer_16":" ","Curb":" ","PC":" ","RC":" ","col_rc":" ","GB":" ","col_GB":" ","Block_SOG":" ","SOG":" ","Col_SOG":" ","Col_to_1st":" ","AX__1M":" ","Slab_1":" ","Col_to_2nd":" ","Slab_2":" ","Col_to_3rd":" ","Slab_3":" ","Col_to_4th":" ","Slab_4":" ","Col_to_5th":" ","Slab_5":" ","Col_to_6th":" ","Slab_6":" ","Col_to_Roo":" ","Slab_Roof":" ","Axis_COL":" ","Light_Weig":" ","Sleeves":" ","status":" ","F50":" ","F51":" ","F52":" ","F53":" ","F54":" ","F55":" ","F56":" ","F57":" ","F58":" ","F59":" ","F60":" ","F61":" ","F62":" ","F63":" ","F64":" ","F65":" ","F66":" ","F67":" ","F68":" ","F69":" ","F70":" ","F71":" ","F72":" ","F73":" ","F74":" ","F75":" ","F76":" ","F77":" ","F78":" ","F79":" ","F80":" ","F81":" ","F82":" ","F83":" ","F84":" ","F85":" ","F86":" ","F87":" ","F88":" ","F89":" ","F90":" ","F91":" ","F92":" ","F93":" ","F94":" ","F95":" ","F96":" ","F97":" ","F98":" ","F99":" ","F100":" ","F101":" ","F102":" ","F103":" ","F104":" ","F105":" ","F106":" ","F107":" ","F108":" ","F109":" ","F110":" ","F111":" ","F112":" ","F113":" ","F114":" ","F115":" ","F116":" ","F117":" ","F118":" ","F119":" ","F120":" ","F122":" ","F123":" ","F124":" ","F125":" ","F126":" ","F127":" ","Field":0}},{"type":"Feature","id":79,"geometry":{"type":"Polygon","coordinates":[[[31.906723277412716,30.134302543410694],[31.906715056672343,30.134331901609276],[31.906679767064553,30.134324435450335],[31.906678785190415,30.134327941191337],[31.906674550235408,30.134327045830279],[31.906680243446591,30.134306712724314],[31.906644953858404,30.134299247457697],[31.906658965273586,30.13424920369453],[31.906621507801106,30.134241279812795],[31.906606047127795,30.134296493170815],[31.906573782224974,30.134289668205266],[31.906567732879928,30.134288388464739],[31.906564371214667,30.134300395097714],[31.906560136261785,30.134299499732922],[31.906561019641579,30.13429634465907],[31.906559657549973,30.134296056385896],[31.906559756048278,30.134295705719545],[31.906531726100752,30.134289776108421],[31.906531627602352,30.134290126774754],[31.906525325596785,30.134288793751423],[31.906527730522587,30.134280204287197],[31.906500104011855,30.13427436028504],[31.906500005513362,30.134274710951399],[31.906493351024125,30.134273302783445],[31.906502184838974,30.134241752048588],[31.906498958448946,30.134241068917692],[31.906500578501475,30.134235284763022],[31.906500981931995,30.134235370378963],[31.906506379678952,30.13421608927862],[31.906505977286226,30.134216003655524],[31.906507400341173,30.134210920833429],[31.906503770529952,30.134210152988643],[31.90650480062078,30.134206471922781],[31.906581632848404,30.134222725057558],[31.906586737160037,30.134204495939027],[31.906563544218056,30.134199590143183],[31.906568083707597,30.134183375542229],[31.906532795217103,30.134175911139067],[31.906534660466431,30.134169249423287],[31.906519636943589,30.134166071477551],[31.906530066693154,30.134128825150736],[31.906545090194165,30.134132001291444],[31.906546317295557,30.134127620696457],[31.906528686603888,30.134123837434888],[31.906540290772291,30.134082010625423],[31.906580204591382,30.134090508414985],[31.90658172509298,30.134085074030907],[31.906577692893617,30.134084220565196],[31.906578724018186,30.134080539491592],[31.906580840975259,30.134080987628387],[31.906590018451855,30.134048209562433],[31.906605042996485,30.134051387493308],[31.906613042630802,30.134022816492077],[31.906649339646403,30.134030494913635],[31.906653904266349,30.134014193541539],[31.906653500844861,30.134014108827998],[31.906654702780394,30.134009814098302],[31.906694027576222,30.134018132805547],[31.906692812547739,30.134022470923252],[31.906692409126205,30.134022386209839],[31.906671955826678,30.134095434644276],[31.906707044666387,30.134102857090475],[31.906719632999568,30.134057897948605],[31.906757947177347,30.134066003514175],[31.906761381120109,30.134053732985329],[31.906765618147698,30.134054629231507],[31.906764709633208,30.134057871976896],[31.906766625913249,30.134058277295928],[31.906766527415911,30.134058627962443],[31.906795011685979,30.134064653612576],[31.906795110183229,30.134064302946022],[31.906800403610866,30.134065422821031],[31.906797753499859,30.134074888047149],[31.906826388545849,30.134080946025026],[31.906826487042988,30.134080595358459],[31.906832132948189,30.134081789472365],[31.906823544465283,30.134112464470487],[31.906826770844894,30.134113146691501],[31.906818417092399,30.134141457657961],[31.906818819485078,30.134141543280109],[31.906818329066038,30.134143295696543],[31.906821958876996,30.134144063532624],[31.906820928798602,30.134147744600778],[31.906744096593979,30.134131491605487],[31.906738968217532,30.134149809294659],[31.906739020200796,30.134149819760331],[31.906739045344015,30.134149732090115],[31.906762185261147,30.134154627396569],[31.906757645796489,30.134170841101657],[31.906792934300441,30.134178305444063],[31.906784299563327,30.134209144927723],[31.906785707510327,30.134209454530833],[31.906799319048488,30.13421233369511],[31.906790534579773,30.134243709114834],[31.906793256687386,30.134244285670686],[31.906792225561038,30.134247965843766],[31.906753658657326,30.134239807911513],[31.906745364592794,30.134269430912216],[31.906749396792797,30.134270283470595],[31.906748366710517,30.134273964538178],[31.906745242217422,30.134273303261018],[31.906736283823872,30.134305295060308],[31.906723277412716,30.134302543410694]]]},"properties":{"FID":79,"Join_Count":1,"NUMBER":42,"Text":"E","RefName_12":"F.P.L:195","NO_BUILDIN":42,"exc_Buildi":0,"exc_Elevat":0,"Pit_Layer":0,"Pit_Laye_1":0,"Layer_1":0,"Layer_2":0,"Layer_3":0,"Layer_4":0,"Layer_5":0,"Layer_6":0,"Layer_7":0,"Layer_8":0,"Layer_9":0,"Layer_10":0,"Layer_11":" ","Layer_12":" ","Layer_13":" ","Layer_14":" ","Layer_15":" ","Layer_16":" ","Curb":" ","PC":" ","RC":" ","col_rc":" ","GB":" ","col_GB":" ","Block_SOG":" ","SOG":" ","Col_SOG":" ","Col_to_1st":" ","AX__1M":" ","Slab_1":" ","Col_to_2nd":" ","Slab_2":" ","Col_to_3rd":" ","Slab_3":" ","Col_to_4th":" ","Slab_4":" ","Col_to_5th":" ","Slab_5":" ","Col_to_6th":" ","Slab_6":" ","Col_to_Roo":" ","Slab_Roof":" ","Axis_COL":" ","Light_Weig":" ","Sleeves":" ","status":" ","F50":" ","F51":" ","F52":" ","F53":" ","F54":" ","F55":" ","F56":" ","F57":" ","F58":" ","F59":" ","F60":" ","F61":" ","F62":" ","F63":" ","F64":" ","F65":" ","F66":" ","F67":" ","F68":" ","F69":" ","F70":" ","F71":" ","F72":" ","F73":" ","F74":" ","F75":" ","F76":" ","F77":" ","F78":" ","F79":" ","F80":" ","F81":" ","F82":" ","F83":" ","F84":" ","F85":" ","F86":" ","F87":" ","F88":" ","F89":" ","F90":" ","F91":" ","F92":" ","F93":" ","F94":" ","F95":" ","F96":" ","F97":" ","F98":" ","F99":" ","F100":" ","F101":" ","F102":" ","F103":" ","F104":" ","F105":" ","F106":" ","F107":" ","F108":" ","F109":" ","F110":" ","F111":" ","F112":" ","F113":" ","F114":" ","F115":" ","F116":" ","F117":" ","F118":" ","F119":" ","F120":" ","F122":" ","F123":" ","F124":" ","F125":" ","F126":" ","F127":" ","Field":0}},{"type":"Feature","id":80,"geometry":{"type":"Polygon","coordinates":[[[31.907625087654448,30.134314441791435],[31.907616868219343,30.13434380003379],[31.907581578554254,30.134336335020748],[31.907580596703838,30.134339839865874],[31.907576361740965,30.134338944534075],[31.907582054766841,30.134318611392832],[31.90754676407543,30.134311146377314],[31.907560776072149,30.134261102520117],[31.907523317492441,30.134253178904462],[31.907507858368302,30.13430839325309],[31.907475593397319,30.134301567608606],[31.907469543003359,30.134300287917036],[31.907466181455764,30.134312295472821],[31.907461946486762,30.134311399235308],[31.907462829837819,30.134308244156006],[31.907461468781367,30.134307955885092],[31.907461567276474,30.134307605218098],[31.907433536239207,30.134301675807901],[31.907433438781691,30.134302026467683],[31.907427136764408,30.134300693487901],[31.907429541620179,30.134292104910749],[31.907401914012198,30.13428626020475],[31.907401816554607,30.134286610864525],[31.907395161015305,30.134285202749737],[31.907403995580289,30.134253651952967],[31.907400769192517,30.134252969746342],[31.907402388154626,30.134247185588791],[31.907402791577631,30.134247270300001],[31.907408190186576,30.134227989159029],[31.907407786763645,30.134227904447851],[31.90740920976404,30.13422282071496],[31.907405579946069,30.134222052895286],[31.907406611041012,30.134218371815845],[31.907483442381903,30.134234625328716],[31.90748854651914,30.134216395276567],[31.907465354571787,30.134211489633859],[31.907469893921775,30.134195275906755],[31.907434605357498,30.134187810845546],[31.907436470554362,30.134181150020176],[31.907421447003614,30.134177972178289],[31.907431875367781,30.134140724891996],[31.907446899934367,30.134143900921714],[31.907448125966379,30.134139521228246],[31.907430496270951,30.134135737179427],[31.90744210005813,30.134093910298123],[31.907482013951824,30.134102407811778],[31.907483534403898,30.134096973418277],[31.907479502197045,30.134096119980434],[31.907480532258614,30.134092439809567],[31.907482650249072,30.134092887022593],[31.90749182742692,30.134060108899757],[31.907506850970005,30.134063287635929],[31.90751485033568,30.134034715683153],[31.90755114846462,30.134042394748651],[31.907555711898294,30.13402609335543],[31.907555309505533,30.134026007735535],[31.9075565114019,30.134021712998376],[31.90759583524131,30.13403003234296],[31.907594621290063,30.134034370461034],[31.907594217859536,30.134034284848447],[31.907573765225784,30.134107333409627],[31.907608853092963,30.134114755620466],[31.907621441024638,30.134069797302551],[31.907659756302984,30.134077901694184],[31.907663190133924,30.13406563114405],[31.907667427169368,30.134066527360925],[31.907666518684444,30.134069770111932],[31.907668434968041,30.13407017541773],[31.907668336473904,30.134070526084859],[31.907696820796865,30.134076551538111],[31.907696918253226,30.134076200878127],[31.907702212728399,30.134077320709384],[31.907699561665968,30.134086785959088],[31.907728197802822,30.134092843731871],[31.907728295259087,30.134092493071886],[31.907733942220691,30.13409368804156],[31.907725352971429,30.134124362198119],[31.907728580394707,30.134125044389638],[31.907720225862604,30.134153355415332],[31.907720629293713,30.134153441027518],[31.907720138890642,30.134155193446997],[31.907723768708347,30.134155961257978],[31.907722737625814,30.1341596423397],[31.907645906316201,30.134143389868267],[31.907640777069009,30.134161707596412],[31.907640830098295,30.134161718956541],[31.907640854203052,30.134161631293335],[31.907663995200835,30.134166526432676],[31.907659455875713,30.134182739263913],[31.90769474341575,30.134190204271547],[31.907686108951456,30.134221042906752],[31.907687517938864,30.134221352492986],[31.907701129510556,30.134224232465137],[31.907692344290123,30.134255607946457],[31.907695066394524,30.134256183581527],[31.907694036347674,30.134259864655835],[31.907655468326404,30.13425170609532],[31.907647174531871,30.134281329147427],[31.9076512077853,30.134282182572743],[31.907650177728321,30.134285862744751],[31.907647052199966,30.134285202398324],[31.907638095127464,30.134317193343978],[31.907625087654448,30.134314441791435]]]},"properties":{"FID":80,"Join_Count":1,"NUMBER":44,"Text":"E","RefName_12":"F.P.L:195.05","NO_BUILDIN":44,"exc_Buildi":0,"exc_Elevat":0,"Pit_Layer":0,"Pit_Laye_1":0,"Layer_1":0,"Layer_2":0,"Layer_3":0,"Layer_4":0,"Layer_5":0,"Layer_6":0,"Layer_7":0,"Layer_8":0,"Layer_9":0,"Layer_10":0,"Layer_11":" ","Layer_12":" ","Layer_13":" ","Layer_14":" ","Layer_15":" ","Layer_16":" ","Curb":" ","PC":" ","RC":" ","col_rc":" ","GB":" ","col_GB":" ","Block_SOG":" ","SOG":" ","Col_SOG":" ","Col_to_1st":" ","AX__1M":" ","Slab_1":" ","Col_to_2nd":" ","Slab_2":" ","Col_to_3rd":" ","Slab_3":" ","Col_to_4th":" ","Slab_4":" ","Col_to_5th":" ","Slab_5":" ","Col_to_6th":" ","Slab_6":" ","Col_to_Roo":" ","Slab_Roof":" ","Axis_COL":" ","Light_Weig":" ","Sleeves":" ","status":" ","F50":" ","F51":" ","F52":" ","F53":" ","F54":" ","F55":" ","F56":" ","F57":" ","F58":" ","F59":" ","F60":" ","F61":" ","F62":" ","F63":" ","F64":" ","F65":" ","F66":" ","F67":" ","F68":" ","F69":" ","F70":" ","F71":" ","F72":" ","F73":" ","F74":" ","F75":" ","F76":" ","F77":" ","F78":" ","F79":" ","F80":" ","F81":" ","F82":" ","F83":" ","F84":" ","F85":" ","F86":" ","F87":" ","F88":" ","F89":" ","F90":" ","F91":" ","F92":" ","F93":" ","F94":" ","F95":" ","F96":" ","F97":" ","F98":" ","F99":" ","F100":" ","F101":" ","F102":" ","F103":" ","F104":" ","F105":" ","F106":" ","F107":" ","F108":" ","F109":" ","F110":" ","F111":" ","F112":" ","F113":" ","F114":" ","F115":" ","F116":" ","F117":" ","F118":" ","F119":" ","F120":" ","F122":" ","F123":" ","F124":" ","F125":" ","F126":" ","F127":" ","Field":0}},{"type":"Feature","id":81,"geometry":{"type":"Polygon","coordinates":[[[31.907184928580843,30.134331560724352],[31.907176709013438,30.134360918941802],[31.907141418334426,30.134353453817045],[31.907140436476457,30.13435695956116],[31.907136201508198,30.13435606331316],[31.907141894625713,30.134335730189143],[31.907106604995768,30.134328265047614],[31.907120616188596,30.134278222142033],[31.907083158663564,30.134270297491081],[31.907067699290586,30.134325511792849],[31.907035433303655,30.134318686046829],[31.907029383951453,30.134317406327735],[31.907026022349747,30.134329413873317],[31.90702178738362,30.134328517621569],[31.907022670748873,30.134325362544914],[31.907021309693345,30.134325074269423],[31.907021407160585,30.13432472451187],[31.906993377171656,30.13431879409811],[31.906993278674868,30.134319144764767],[31.906986976661848,30.134317811763765],[31.906989381556311,30.134309223193895],[31.906961755004662,30.134303378387685],[31.906961656507775,30.134303729054338],[31.906955002018897,30.134302321811933],[31.906963835680159,30.134270770147161],[31.906960609294536,30.134270087929668],[31.906962229320424,30.134264303769854],[31.906962632743177,30.134264388482425],[31.906968031438996,30.134245107357817],[31.906967628016339,30.13424502264527],[31.906969051039638,30.134239938916707],[31.906965421224108,30.134239171084772],[31.906966452335663,30.134235490008511],[31.907043283624756,30.13425174378014],[31.907048387852395,30.134233514645473],[31.907025194874752,30.134228608029822],[31.907029734297808,30.134212394316478],[31.906994446795011,30.134204929129233],[31.906996310984201,30.134198268316666],[31.906981287443585,30.13419509042421],[31.906991717013316,30.134157843162409],[31.907006740532076,30.134161019249859],[31.907007967621542,30.134156639552963],[31.90699033690052,30.134152855451891],[31.907001941913883,30.134111028598596],[31.907041854742765,30.134119526253855],[31.90704337521932,30.134114091864962],[31.907039343023424,30.134113239315507],[31.907040374131018,30.134109558238645],[31.907042491082372,30.134110005465974],[31.907051668407941,30.134077227370963],[31.907066692978589,30.13408040615057],[31.90707469248127,30.134051835124016],[31.907110989539831,30.13405951341694],[31.907115554084676,30.134043212030395],[31.907115150654477,30.134043126416319],[31.907116353616139,30.134038832577637],[31.90715567742081,30.134047151152693],[31.907154462412308,30.134051489274228],[31.907154058982055,30.134051403660273],[31.907133606019084,30.134124452159458],[31.907168694908549,30.134131875383275],[31.9071812830346,30.134086916201561],[31.907219598287153,30.134095020722228],[31.907223031143932,30.134082751091643],[31.907227268176523,30.134083647322807],[31.907226360714667,30.134086890063898],[31.907228275959305,30.134087295383303],[31.907228177455334,30.134087645148156],[31.907256661759096,30.134093670697329],[31.90725676026296,30.134093320932461],[31.907262053696879,30.134094440788715],[31.907259403629482,30.13410390602321],[31.907288038701093,30.134109962997648],[31.907288137196637,30.134109612330786],[31.907293783116749,30.134110807326653],[31.907285194775181,30.134141482351939],[31.907288421158594,30.134142164561517],[31.90728006752822,30.134170474652606],[31.907280470959066,30.134170560266146],[31.907279979518648,30.134172313593293],[31.907283609325646,30.134173080514536],[31.907282579272472,30.134176762487904],[31.907205746968703,30.134160508862916],[31.907200618676633,30.134178826568323],[31.907200671705901,30.134178837928633],[31.907200695811024,30.134178750265498],[31.907223835755541,30.134183645489937],[31.907219296357326,30.134199858307433],[31.907254584911289,30.134207323426764],[31.907245950316256,30.134238162937752],[31.907247358264978,30.134238472535859],[31.907260969819255,30.134241351651912],[31.907252185495086,30.134272727099436],[31.907254907597657,30.134273302743669],[31.907253876496544,30.134276983821994],[31.907215309538934,30.134268825124426],[31.907207015610894,30.134298448151394],[31.907211048861605,30.134299301590286],[31.907210017758594,30.134302982668292],[31.907206893261787,30.13430232140221],[31.907197936045083,30.134334312320721],[31.907184928580843,30.134331560724352]]]},"properties":{"FID":81,"Join_Count":1,"NUMBER":43,"Text":"E","RefName_12":"F.P.L:195.20","NO_BUILDIN":43,"exc_Buildi":0,"exc_Elevat":0,"Pit_Layer":0,"Pit_Laye_1":0,"Layer_1":0,"Layer_2":0,"Layer_3":0,"Layer_4":0,"Layer_5":0,"Layer_6":0,"Layer_7":0,"Layer_8":0,"Layer_9":0,"Layer_10":0,"Layer_11":" ","Layer_12":" ","Layer_13":" ","Layer_14":" ","Layer_15":" ","Layer_16":" ","Curb":" ","PC":" ","RC":" ","col_rc":" ","GB":" ","col_GB":" ","Block_SOG":" ","SOG":" ","Col_SOG":" ","Col_to_1st":" ","AX__1M":" ","Slab_1":" ","Col_to_2nd":" ","Slab_2":" ","Col_to_3rd":" ","Slab_3":" ","Col_to_4th":" ","Slab_4":" ","Col_to_5th":" ","Slab_5":" ","Col_to_6th":" ","Slab_6":" ","Col_to_Roo":" ","Slab_Roof":" ","Axis_COL":" ","Light_Weig":" ","Sleeves":" ","status":" ","F50":" ","F51":" ","F52":" ","F53":" ","F54":" ","F55":" ","F56":" ","F57":" ","F58":" ","F59":" ","F60":" ","F61":" ","F62":" ","F63":" ","F64":" ","F65":" ","F66":" ","F67":" ","F68":" ","F69":" ","F70":" ","F71":" ","F72":" ","F73":" ","F74":" ","F75":" ","F76":" ","F77":" ","F78":" ","F79":" ","F80":" ","F81":" ","F82":" ","F83":" ","F84":" ","F85":" ","F86":" ","F87":" ","F88":" ","F89":" ","F90":" ","F91":" ","F92":" ","F93":" ","F94":" ","F95":" ","F96":" ","F97":" ","F98":" ","F99":" ","F100":" ","F101":" ","F102":" ","F103":" ","F104":" ","F105":" ","F106":" ","F107":" ","F108":" ","F109":" ","F110":" ","F111":" ","F112":" ","F113":" ","F114":" ","F115":" ","F116":" ","F117":" ","F118":" ","F119":" ","F120":" ","F122":" ","F123":" ","F124":" ","F125":" ","F126":" ","F127":" ","Field":0}},{"type":"Feature","id":82,"geometry":{"type":"Polygon","coordinates":[[[31.908214319477938,30.131680581702483],[31.908214334833453,30.131680480136737],[31.908251373713316,30.131684710861574],[31.908251806207844,30.131681848443236],[31.9082585969295,30.131682624163339],[31.908258542087399,30.131682981745534],[31.908281176789412,30.131685567483945],[31.908281231631442,30.131685209901772],[31.908287198571621,30.13168589118845],[31.908287684869432,30.131682671194984],[31.908292006337543,30.131683165407242],[31.908281704462819,30.1317513117719],[31.908303105067844,30.131753756298469],[31.908306214799669,30.131733184799728],[31.908325247944241,30.131735358839858],[31.908329980098042,30.131704060032202],[31.908337799246102,30.131704953120202],[31.908339812991414,30.131691627069902],[31.908383538721555,30.131696621562401],[31.908381526011439,30.131709946704095],[31.908386668142057,30.131710534464105],[31.908389094459519,30.131694891859116],[31.908438183789094,30.13170040761625],[31.908432771143481,30.131735814457294],[31.908439150493496,30.131736542497915],[31.908439691636289,30.131732965823709],[31.908444012069541,30.131733460038078],[31.908443728302572,30.131735337316218],[31.908482208041832,30.131739732107274],[31.908480193277253,30.13175305816646],[31.908513733466364,30.131756889048351],[31.908508867395049,30.131789083599344],[31.908528003389975,30.131791268625236],[31.908528058231127,30.13179091104298],[31.908533099597797,30.131791486865293],[31.908527826397883,30.13182636596094],[31.908522734126194,30.131825784176154],[31.908522787929723,30.131825426601047],[31.908437033779915,30.131815632528415],[31.908432329092911,30.131846754351617],[31.908485108162573,30.131852782194432],[31.908479971000652,30.131886766437834],[31.908494376234152,30.131888409578135],[31.908493807696729,30.131892167749474],[31.908490000431907,30.131891732229459],[31.908489744094361,30.131893431618412],[31.908489332725445,30.131893384850546],[31.908485513606976,30.131918649096807],[31.908485924976038,30.131918695864712],[31.908485215580111,30.131923391314924],[31.908474103369379,30.131922122303013],[31.908470263676463,30.131947520191179],[31.90847067609155,30.131947567853967],[31.908469918704341,30.131952575737557],[31.90843390814349,30.131948462447969],[31.908433476690945,30.131951324859532],[31.908400194885221,30.131947159323783],[31.908400141081209,30.131947516898851],[31.90839808318961,30.131947282163136],[31.908397596886086,30.131950501254867],[31.908393275414127,30.13195000794833],[31.908403577228878,30.131881861578133],[31.908382073749788,30.131879405151054],[31.908382065877547,30.131879452110919],[31.908382169759488,30.131879464021296],[31.908379066874325,30.131899988568453],[31.90836003369709,30.13189781453687],[31.908355302582905,30.131929113337495],[31.908319098822595,30.131924978800846],[31.908318896490698,30.131926229508231],[31.908317071556194,30.131938302237824],[31.908280239305366,30.13193409536176],[31.908279874317504,30.131936509907625],[31.908275552846654,30.131936016597169],[31.908280724353123,30.131901808420629],[31.908245948969729,30.131897836279332],[31.908245407827433,30.131901413854806],[31.908241087395925,30.131900920536005],[31.908241506189182,30.131898148415228],[31.908203949903616,30.131893859024405],[31.908205694663028,30.131882322654931],[31.908171229897007,30.131878386232387],[31.908175962088652,30.131847085625846],[31.90817184630232,30.131846615245344],[31.908172414868279,30.131842858879036],[31.908196283719178,30.131845585839994],[31.908201015893358,30.131814284330641],[31.908259762928282,30.131820994449711],[31.908264785703043,30.131787770511878],[31.908199967860309,30.131780367193823],[31.908204293918171,30.131751749318425],[31.908205105113986,30.131746382958958],[31.908191009458591,30.131744773728386],[31.908191576985661,30.131741017369158],[31.908195281399486,30.131741440980321],[31.908195463367072,30.13174023280909],[31.908195875781175,30.13174028047273],[31.908199633266257,30.131715418061777],[31.908199221898155,30.131715371292962],[31.908200067374562,30.131709781895616],[31.908210150096586,30.131710933565532],[31.908213853780822,30.131686429631152],[31.908213442412865,30.131686382862352],[31.908214081078729,30.131682158543271],[31.908214319477938,30.131680581702483]]]},"properties":{"FID":82,"Join_Count":0,"NUMBER":27,"Text":"E","RefName_12":" ","NO_BUILDIN":27,"exc_Buildi":0,"exc_Elevat":0,"Pit_Layer":0,"Pit_Laye_1":0,"Layer_1":0,"Layer_2":0,"Layer_3":0,"Layer_4":0,"Layer_5":0,"Layer_6":0,"Layer_7":0,"Layer_8":0,"Layer_9":0,"Layer_10":0,"Layer_11":" ","Layer_12":" ","Layer_13":" ","Layer_14":" ","Layer_15":" ","Layer_16":" ","Curb":" ","PC":" ","RC":" ","col_rc":" ","GB":" ","col_GB":" ","Block_SOG":" ","SOG":" ","Col_SOG":" ","Col_to_1st":" ","AX__1M":" ","Slab_1":" ","Col_to_2nd":" ","Slab_2":" ","Col_to_3rd":" ","Slab_3":" ","Col_to_4th":" ","Slab_4":" ","Col_to_5th":" ","Slab_5":" ","Col_to_6th":" ","Slab_6":" ","Col_to_Roo":" ","Slab_Roof":" ","Axis_COL":" ","Light_Weig":" ","Sleeves":" ","status":" ","F50":" ","F51":" ","F52":" ","F53":" ","F54":" ","F55":" ","F56":" ","F57":" ","F58":" ","F59":" ","F60":" ","F61":" ","F62":" ","F63":" ","F64":" ","F65":" ","F66":" ","F67":" ","F68":" ","F69":" ","F70":" ","F71":" ","F72":" ","F73":" ","F74":" ","F75":" ","F76":" ","F77":" ","F78":" ","F79":" ","F80":" ","F81":" ","F82":" ","F83":" ","F84":" ","F85":" ","F86":" ","F87":" ","F88":" ","F89":" ","F90":" ","F91":" ","F92":" ","F93":" ","F94":" ","F95":" ","F96":" ","F97":" ","F98":" ","F99":" ","F100":" ","F101":" ","F102":" ","F103":" ","F104":" ","F105":" ","F106":" ","F107":" ","F108":" ","F109":" ","F110":" ","F111":" ","F112":" ","F113":" ","F114":" ","F115":" ","F116":" ","F117":" ","F118":" ","F119":" ","F120":" ","F122":" ","F123":" ","F124":" ","F125":" ","F126":" ","F127":" ","Field":0}}]}